id_municipio,ano,pib,impostos_liquidos,va,va_agropecuaria,va_industria,va_servicos,va_adespss
2100055,2002,676329000,101912000.0,574416000.0,36829000.0,175416000.0,302859000.0,59313000.0
2100055,2003,836471000,104090000.0,732381000.0,65029000.0,217521000.0,382974000.0,66857000.0
2100055,2004,920588000,115293000.0,805295000.0,67810000.0,154768000.0,508574000.0,74143000.0
2100055,2005,1061040000,133515000.0,927524000.0,69318000.0,145865000.0,625263000.0,87078000.0
2100055,2006,1415190000,178241000.0,1236950000.0,69422000.0,375219000.0,691188000.0,101120000.0
2100055,2007,1245953000,166735000.0,1079218000.0,81473000.0,269289000.0,626381000.0,102076000.0
2100055,2008,1130193000,139875000.0,990318000.0,94766000.0,288846000.0,486162000.0,120544000.0
2100055,2009,1064802000,109595000.0,955207000.0,79544000.0,299148000.0,435331000.0,141183000.0
2100055,2010,1012037000,106730000.0,905307000.0,93558000.0,213269000.0,446503000.0,151977000.0
2100055,2011,1118520000,131695000.0,986825000.0,97263000.0,254751000.0,459568000.0,175243000.0
2100055,2012,1299490000,152488000.0,1147002000.0,100990000.0,323600000.0,526152000.0,196260000.0
2100055,2013,1567270000,182504000.0,1384766000.0,129270000.0,385387000.0,621705000.0,248405000.0
2100055,2014,1780203000,155423000.0,1624780000.0,148593000.0,477600000.0,711655000.0,286932000.0
2100055,2015,2015260000,168267000.0,1846993000.0,165399000.0,698720000.0,689406000.0,293468000.0
2100055,2016,2001694000,206275000.0,1795418000.0,159871000.0,489050000.0,780351000.0,366146000.0
2100055,2017,2202738000,198244000.0,2004494000.0,175271000.0,706692000.0,737424000.0,385107000.0
2100055,2018,2598977000,222230000.0,2376747000.0,194293000.0,988032000.0,788654000.0,405768000.0
2100055,2019,2354544000,301471000.0,2053073000.0,213902000.0,589044000.0,812315000.0,437812000.0
2100055,2020,2664608000,315224000.0,2349384000.0,365769000.0,695059000.0,804130000.0,484425000.0
2100055,2021,3828533000,456074000.0,3372460000.0,492701000.0,1393399000.0,971135000.0,515224000.0
2100055,2022,4148953000,,,,,,
2100055,2023,4274162000,,,,,,
2100105,2002,6115000,126000.0,5990000.0,1032000.0,257000.0,1205000.0,3496000.0
2100105,2003,7543000,110000.0,7433000.0,1725000.0,344000.0,1355000.0,4010000.0
2100105,2004,8628000,160000.0,8469000.0,2249000.0,283000.0,1690000.0,4246000.0
2100105,2005,8130000,154000.0,7976000.0,1664000.0,230000.0,1506000.0,4576000.0
2100105,2006,8911000,176000.0,8735000.0,1509000.0,508000.0,1600000.0,5117000.0
2100105,2007,10990000,206000.0,10785000.0,1936000.0,349000.0,2130000.0,6370000.0
2100105,2008,13321000,303000.0,13018000.0,2170000.0,490000.0,2617000.0,7741000.0
2100105,2009,16015000,320000.0,15695000.0,2217000.0,717000.0,3048000.0,9713000.0
2100105,2010,17247000,383000.0,16863000.0,2872000.0,739000.0,3435000.0,9818000.0
2100105,2011,21081000,410000.0,20671000.0,2790000.0,984000.0,4749000.0,12148000.0
2100105,2012,23330000,803000.0,22527000.0,2235000.0,1105000.0,5123000.0,14063000.0
2100105,2013,27805000,725000.0,27081000.0,3618000.0,1080000.0,6330000.0,16052000.0
2100105,2014,35663000,885000.0,34778000.0,5082000.0,1764000.0,7624000.0,20308000.0
2100105,2015,36080000,981000.0,35098000.0,4968000.0,1954000.0,7156000.0,21021000.0
2100105,2016,35380000,1227000.0,34153000.0,2475000.0,1607000.0,8491000.0,21580000.0
2100105,2017,44851000,1236000.0,43615000.0,10356000.0,1835000.0,9006000.0,22418000.0
2100105,2018,51330000,1271000.0,50059000.0,12986000.0,1966000.0,10487000.0,24620000.0
2100105,2019,52155000,1397000.0,50758000.0,11485000.0,1991000.0,10759000.0,26522000.0
2100105,2020,71866000,1692000.0,70174000.0,26213000.0,2316000.0,12466000.0,29178000.0
2100105,2021,85052000,2058000.0,82994000.0,34865000.0,2622000.0,14426000.0,31081000.0
2100105,2022,117493000,,,,,,
2100105,2023,105581000,,,,,,
2100154,2002,10862000,180000.0,10682000.0,2166000.0,480000.0,2780000.0,5256000.0
2100154,2003,13121000,159000.0,12962000.0,2943000.0,608000.0,3177000.0,6234000.0
2100154,2004,14045000,206000.0,13839000.0,3043000.0,525000.0,3665000.0,6606000.0
2100154,2005,15991000,345000.0,15646000.0,3142000.0,519000.0,3883000.0,8101000.0
2100154,2006,20366000,583000.0,19783000.0,2569000.0,1239000.0,5229000.0,10747000.0
2100154,2007,21666000,564000.0,21102000.0,2736000.0,754000.0,5578000.0,12034000.0
2100154,2008,26688000,650000.0,26038000.0,4828000.0,1047000.0,6329000.0,13834000.0
2100154,2009,29412000,642000.0,28769000.0,4628000.0,1344000.0,6824000.0,15973000.0
2100154,2010,32945000,735000.0,32210000.0,5380000.0,1445000.0,7056000.0,18329000.0
2100154,2011,41380000,1135000.0,40245000.0,5910000.0,2127000.0,9926000.0,22282000.0
2100154,2012,43203000,1181000.0,42022000.0,5276000.0,2145000.0,10609000.0,23992000.0
2100154,2013,53098000,1386000.0,51712000.0,8520000.0,4481000.0,12927000.0,25783000.0
2100154,2014,59143000,1507000.0,57636000.0,7835000.0,3980000.0,14972000.0,30849000.0
2100154,2015,64838000,2019000.0,62820000.0,7131000.0,4317000.0,15058000.0,36313000.0
2100154,2016,73179000,2555000.0,70624000.0,7836000.0,3548000.0,19636000.0,39604000.0
2100154,2017,73174000,2654000.0,70520000.0,7207000.0,2850000.0,19011000.0,41452000.0
2100154,2018,85969000,3601000.0,82368000.0,5816000.0,3093000.0,24507000.0,48953000.0
2100154,2019,84659000,3813000.0,80846000.0,5035000.0,2941000.0,22850000.0,50021000.0
2100154,2020,89545000,3435000.0,86110000.0,5714000.0,3809000.0,22218000.0,54369000.0
2100154,2021,101642000,4104000.0,97538000.0,7597000.0,5454000.0,24560000.0,59928000.0
2100154,2022,120774000,,,,,,
2100154,2023,130746000,,,,,,
2100204,2002,24161000,645000.0,23516000.0,4293000.0,1278000.0,5211000.0,12734000.0
2100204,2003,26158000,500000.0,25658000.0,5180000.0,1475000.0,5139000.0,13864000.0
2100204,2004,27827000,759000.0,27068000.0,6435000.0,1462000.0,5443000.0,13727000.0
2100204,2005,33925000,1034000.0,32891000.0,6732000.0,1569000.0,6636000.0,17954000.0
2100204,2006,39360000,1645000.0,37715000.0,5950000.0,3007000.0,8439000.0,20318000.0
2100204,2007,43774000,1838000.0,41936000.0,7567000.0,2214000.0,9937000.0,22218000.0
2100204,2008,48397000,1719000.0,46679000.0,8207000.0,3344000.0,10368000.0,24759000.0
2100204,2009,55314000,1835000.0,53479000.0,7561000.0,6303000.0,11833000.0,27782000.0
2100204,2010,59900000,2263000.0,57637000.0,8582000.0,5291000.0,12063000.0,31701000.0
2100204,2011,79659000,6926000.0,72733000.0,10617000.0,8424000.0,18209000.0,35483000.0
2100204,2012,140051000,7096000.0,132955000.0,12743000.0,59044000.0,23613000.0,37556000.0
2100204,2013,87866000,2995000.0,84871000.0,13909000.0,7702000.0,20502000.0,42757000.0
2100204,2014,100009000,2580000.0,97429000.0,16111000.0,7488000.0,23391000.0,50439000.0
2100204,2015,104435000,3334000.0,101101000.0,15418000.0,8822000.0,23166000.0,53696000.0
2100204,2016,117713000,4363000.0,113350000.0,14420000.0,7871000.0,29452000.0,61607000.0
2100204,2017,116313000,4997000.0,111316000.0,14385000.0,7854000.0,29191000.0,59886000.0
2100204,2018,129607000,5937000.0,123670000.0,12933000.0,7425000.0,33224000.0,70088000.0
2100204,2019,125437000,5809000.0,119628000.0,12943000.0,7095000.0,30569000.0,69021000.0
2100204,2020,132194000,5345000.0,126849000.0,15107000.0,6997000.0,30830000.0,73915000.0
2100204,2021,148763000,6589000.0,142174000.0,16395000.0,6573000.0,34493000.0,84714000.0
2100204,2022,153680000,,,,,,
2100204,2023,170261000,,,,,,
2100303,2002,23415000,648000.0,22766000.0,4200000.0,1440000.0,5227000.0,11899000.0
2100303,2003,27799000,479000.0,27320000.0,6388000.0,1514000.0,5533000.0,13885000.0
2100303,2004,31456000,559000.0,30897000.0,7920000.0,1352000.0,6967000.0,14659000.0
2100303,2005,33297000,826000.0,32471000.0,6469000.0,1270000.0,7173000.0,17559000.0
2100303,2006,37425000,1515000.0,35910000.0,5054000.0,2754000.0,8438000.0,19663000.0
2100303,2007,42995000,1685000.0,41309000.0,5236000.0,2068000.0,10005000.0,24000000.0
2100303,2008,63155000,2877000.0,60278000.0,14732000.0,3819000.0,13534000.0,28193000.0
2100303,2009,74829000,4339000.0,70489000.0,14626000.0,4552000.0,16805000.0,34506000.0
2100303,2010,77638000,3702000.0,73936000.0,16067000.0,3983000.0,15567000.0,38319000.0
2100303,2011,91434000,5063000.0,86371000.0,13897000.0,6087000.0,21289000.0,45099000.0
2100303,2012,102171000,5580000.0,96591000.0,13880000.0,7911000.0,23388000.0,51411000.0
2100303,2013,114885000,6016000.0,108868000.0,18359000.0,8136000.0,27158000.0,55215000.0
2100303,2014,170017000,4171000.0,165846000.0,59280000.0,9374000.0,32658000.0,64534000.0
2100303,2015,208642000,5148000.0,203494000.0,84838000.0,13228000.0,34944000.0,70484000.0
2100303,2016,169701000,7381000.0,162320000.0,32022000.0,9730000.0,38661000.0,81907000.0
2100303,2017,174110000,6996000.0,167113000.0,38158000.0,8580000.0,36717000.0,83659000.0
2100303,2018,181015000,5913000.0,175102000.0,39127000.0,8016000.0,37741000.0,90217000.0
2100303,2019,199063000,8078000.0,190985000.0,41696000.0,14849000.0,38159000.0,96281000.0
2100303,2020,211250000,8733000.0,202517000.0,48225000.0,13613000.0,38032000.0,102646000.0
2100303,2021,249396000,9580000.0,239816000.0,69463000.0,8150000.0,45152000.0,117051000.0
2100303,2022,369370000,,,,,,
2100303,2023,335246000,,,,,,
2100402,2002,10577000,212000.0,10365000.0,3911000.0,423000.0,2268000.0,3763000.0
2100402,2003,14290000,233000.0,14057000.0,5817000.0,595000.0,2729000.0,4916000.0
2100402,2004,15147000,299000.0,14848000.0,6726000.0,494000.0,3311000.0,4317000.0
2100402,2005,17265000,405000.0,16860000.0,6400000.0,485000.0,3756000.0,6220000.0
2100402,2006,19188000,430000.0,18757000.0,6848000.0,1005000.0,3912000.0,6992000.0
2100402,2007,20621000,411000.0,20210000.0,8089000.0,597000.0,3960000.0,7563000.0
2100402,2008,28808000,419000.0,28390000.0,13879000.0,905000.0,4756000.0,8849000.0
2100402,2009,26062000,378000.0,25683000.0,10821000.0,922000.0,4609000.0,9331000.0
2100402,2010,30450000,457000.0,29993000.0,11818000.0,893000.0,4174000.0,13108000.0
2100402,2011,36217000,628000.0,35589000.0,13096000.0,1062000.0,5417000.0,16014000.0
2100402,2012,39630000,641000.0,38990000.0,13675000.0,1224000.0,6037000.0,18053000.0
2100402,2013,45859000,657000.0,45202000.0,15527000.0,1158000.0,7037000.0,21480000.0
2100402,2014,54920000,1449000.0,53471000.0,16285000.0,1742000.0,8524000.0,26921000.0
2100402,2015,60097000,1394000.0,58703000.0,17311000.0,2198000.0,9301000.0,29892000.0
2100402,2016,62801000,1795000.0,61006000.0,16389000.0,2142000.0,12007000.0,30468000.0
2100402,2017,56338000,1747000.0,54591000.0,14451000.0,1872000.0,11102000.0,27165000.0
2100402,2018,56419000,1621000.0,54797000.0,12320000.0,1828000.0,12007000.0,28642000.0
2100402,2019,58607000,2414000.0,56192000.0,11562000.0,1820000.0,11934000.0,30876000.0
2100402,2020,61573000,3323000.0,58250000.0,14763000.0,1724000.0,11439000.0,30324000.0
2100402,2021,71512000,2609000.0,68902000.0,21461000.0,1829000.0,12870000.0,32742000.0
2100402,2022,79336000,,,,,,
2100402,2023,88343000,,,,,,
2100436,2002,30338000,1085000.0,29254000.0,5719000.0,3872000.0,8026000.0,11637000.0
2100436,2003,37689000,1555000.0,36134000.0,7210000.0,3770000.0,11252000.0,13902000.0
2100436,2004,36753000,1263000.0,35491000.0,8305000.0,1567000.0,10894000.0,14725000.0
2100436,2005,40152000,1388000.0,38763000.0,6317000.0,1457000.0,12717000.0,18272000.0
2100436,2006,56385000,2964000.0,53421000.0,7586000.0,3455000.0,20212000.0,22168000.0
2100436,2007,52730000,2232000.0,50498000.0,8247000.0,1848000.0,18504000.0,21900000.0
2100436,2008,72529000,3105000.0,69424000.0,16571000.0,2807000.0,24869000.0,25177000.0
2100436,2009,83590000,4811000.0,78779000.0,9344000.0,4290000.0,34830000.0,30314000.0
2100436,2010,97105000,6211000.0,90894000.0,9460000.0,4053000.0,41839000.0,35543000.0
2100436,2011,109427000,7739000.0,101688000.0,10977000.0,4694000.0,46468000.0,39549000.0
2100436,2012,143848000,11981000.0,131867000.0,11659000.0,6777000.0,70237000.0,43195000.0
2100436,2013,164804000,14191000.0,150613000.0,12060000.0,12337000.0,75450000.0,50765000.0
2100436,2014,201197000,17689000.0,183509000.0,12136000.0,17269000.0,94815000.0,59289000.0
2100436,2015,202298000,18306000.0,183992000.0,12955000.0,16331000.0,89995000.0,64711000.0
2100436,2016,217380000,18960000.0,198420000.0,8163000.0,16470000.0,102693000.0,71095000.0
2100436,2017,219945000,21418000.0,198527000.0,7931000.0,13728000.0,102671000.0,74197000.0
2100436,2018,268639000,30651000.0,237988000.0,6465000.0,14811000.0,135884000.0,80829000.0
2100436,2019,262247000,32364000.0,229883000.0,6538000.0,13633000.0,121359000.0,88353000.0
2100436,2020,243765000,24456000.0,219310000.0,8162000.0,12409000.0,105739000.0,92998000.0
2100436,2021,303118000,36053000.0,267065000.0,12131000.0,11962000.0,142255000.0,100717000.0
2100436,2022,359926000,,,,,,
2100436,2023,378314000,,,,,,
2100477,2002,46237000,601000.0,45636000.0,19711000.0,2362000.0,6769000.0,16794000.0
2100477,2003,51032000,549000.0,50483000.0,21618000.0,2404000.0,6736000.0,19724000.0
2100477,2004,61126000,764000.0,60362000.0,26826000.0,1959000.0,9285000.0,22291000.0
2100477,2005,63381000,1096000.0,62285000.0,24964000.0,1689000.0,10814000.0,24817000.0
2100477,2006,73057000,1357000.0,71700000.0,24735000.0,4356000.0,12974000.0,29635000.0
2100477,2007,78298000,2121000.0,76176000.0,27726000.0,2263000.0,15533000.0,30655000.0
2100477,2008,95502000,2745000.0,92757000.0,32611000.0,3270000.0,19982000.0,36894000.0
2100477,2009,98626000,2474000.0,96153000.0,24821000.0,4048000.0,21507000.0,45776000.0
2100477,2010,97762000,2571000.0,95191000.0,24776000.0,3858000.0,19480000.0,47077000.0
2100477,2011,117278000,3395000.0,113883000.0,29540000.0,4794000.0,22774000.0,56775000.0
2100477,2012,125138000,3524000.0,121615000.0,24721000.0,5537000.0,25076000.0,66281000.0
2100477,2013,134434000,2968000.0,131466000.0,35638000.0,4922000.0,25837000.0,65068000.0
2100477,2014,135088000,2954000.0,132134000.0,32595000.0,5699000.0,27185000.0,66654000.0
2100477,2015,145518000,4782000.0,140736000.0,20451000.0,6806000.0,31950000.0,81529000.0
2100477,2016,176299000,9951000.0,166348000.0,23550000.0,7689000.0,42504000.0,92605000.0
2100477,2017,181816000,13435000.0,168381000.0,22491000.0,6912000.0,43198000.0,95781000.0
2100477,2018,190348000,11934000.0,178413000.0,21384000.0,7158000.0,46035000.0,103836000.0
2100477,2019,205207000,10478000.0,194729000.0,19306000.0,7777000.0,48088000.0,119557000.0
2100477,2020,230379000,12080000.0,218299000.0,24958000.0,7896000.0,51234000.0,134211000.0
2100477,2021,251719000,13496000.0,238224000.0,32376000.0,8297000.0,56443000.0,141109000.0
2100477,2022,282348000,,,,,,
2100477,2023,310142000,,,,,,
2100501,2002,25309000,874000.0,24435000.0,10050000.0,1322000.0,6701000.0,6362000.0
2100501,2003,54139000,1058000.0,53081000.0,32575000.0,3333000.0,9168000.0,8005000.0
2100501,2004,54222000,993000.0,53230000.0,31667000.0,2172000.0,11132000.0,8260000.0
2100501,2005,61077000,1288000.0,59789000.0,35191000.0,1979000.0,13462000.0,9157000.0
2100501,2006,49173000,1248000.0,47924000.0,21814000.0,3425000.0,11996000.0,10690000.0
2100501,2007,56080000,1291000.0,54789000.0,27535000.0,1955000.0,12963000.0,12336000.0
2100501,2008,104734000,2233000.0,102501000.0,63649000.0,4521000.0,20085000.0,14245000.0
2100501,2009,134310000,2775000.0,131535000.0,80483000.0,6514000.0,27522000.0,17015000.0
2100501,2010,131202000,3090000.0,128112000.0,79625000.0,6440000.0,24123000.0,17924000.0
2100501,2011,152707000,3789000.0,148919000.0,93877000.0,8546000.0,26995000.0,19501000.0
2100501,2012,212652000,4483000.0,208169000.0,140621000.0,11535000.0,34207000.0,21805000.0
2100501,2013,248823000,6498000.0,242326000.0,163932000.0,10650000.0,41242000.0,26502000.0
2100501,2014,285924000,4776000.0,281148000.0,179113000.0,22054000.0,49888000.0,30093000.0
2100501,2015,310911000,8005000.0,302907000.0,185671000.0,23023000.0,61979000.0,32234000.0
2100501,2016,185156000,6854000.0,178302000.0,83080000.0,10950000.0,47292000.0,36981000.0
2100501,2017,287616000,9670000.0,277946000.0,164510000.0,15496000.0,60675000.0,37265000.0
2100501,2018,349328000,8823000.0,340504000.0,216392000.0,14026000.0,69561000.0,40525000.0
2100501,2019,338856000,13807000.0,325048000.0,191808000.0,12410000.0,77184000.0,43646000.0
2100501,2020,492109000,15768000.0,476340000.0,320809000.0,18388000.0,87647000.0,49497000.0
2100501,2021,578961000,19926000.0,559036000.0,362238000.0,34198000.0,105140000.0,57460000.0
2100501,2022,787087000,,,,,,
2100501,2023,573769000,,,,,,
2100550,2002,8860000,227000.0,8633000.0,2865000.0,469000.0,1336000.0,3963000.0
2100550,2003,9718000,137000.0,9581000.0,3307000.0,508000.0,1297000.0,4469000.0
2100550,2004,11100000,176000.0,10924000.0,3616000.0,410000.0,1819000.0,5079000.0
2100550,2005,11037000,221000.0,10816000.0,3110000.0,370000.0,1733000.0,5604000.0
2100550,2006,12684000,267000.0,12417000.0,3262000.0,646000.0,1909000.0,6601000.0
2100550,2007,14761000,402000.0,14358000.0,4205000.0,423000.0,2781000.0,6950000.0
2100550,2008,18990000,645000.0,18345000.0,4691000.0,592000.0,4158000.0,8904000.0
2100550,2009,21646000,833000.0,20813000.0,3940000.0,855000.0,5662000.0,10356000.0
2100550,2010,21934000,481000.0,21453000.0,5131000.0,835000.0,4167000.0,11321000.0
2100550,2011,24680000,874000.0,23806000.0,4801000.0,899000.0,5941000.0,12165000.0
2100550,2012,29018000,1010000.0,28008000.0,4974000.0,1182000.0,7084000.0,14768000.0
2100550,2013,31556000,1015000.0,30541000.0,6829000.0,1053000.0,7784000.0,14874000.0
2100550,2014,35409000,1347000.0,34063000.0,6175000.0,1378000.0,10125000.0,16385000.0
2100550,2015,39113000,1669000.0,37444000.0,6859000.0,1665000.0,10268000.0,18652000.0
2100550,2016,48117000,2421000.0,45696000.0,8850000.0,1681000.0,15196000.0,19968000.0
2100550,2017,49035000,2431000.0,46605000.0,8458000.0,1505000.0,14469000.0,22173000.0
2100550,2018,51419000,2821000.0,48599000.0,7878000.0,1525000.0,15190000.0,24005000.0
2100550,2019,51820000,2543000.0,49278000.0,8319000.0,1457000.0,13002000.0,26500000.0
2100550,2020,54956000,2872000.0,52084000.0,10377000.0,1337000.0,14566000.0,25804000.0
2100550,2021,70198000,3956000.0,66242000.0,13420000.0,2679000.0,17850000.0,32292000.0
2100550,2022,77337000,,,,,,
2100550,2023,95026000,,,,,,
2100600,2002,48789000,1100000.0,47690000.0,17831000.0,2142000.0,9567000.0,18149000.0
2100600,2003,64255000,1166000.0,63089000.0,28173000.0,3137000.0,10475000.0,21304000.0
2100600,2004,72299000,1194000.0,71104000.0,31444000.0,2091000.0,12790000.0,24780000.0
2100600,2005,73909000,1343000.0,72566000.0,29034000.0,1835000.0,12550000.0,29147000.0
2100600,2006,88282000,1382000.0,86899000.0,32923000.0,4587000.0,14404000.0,34986000.0
2100600,2007,100579000,1905000.0,98674000.0,38361000.0,3405000.0,18595000.0,38313000.0
2100600,2008,118469000,2140000.0,116328000.0,42609000.0,3926000.0,21271000.0,48522000.0
2100600,2009,114390000,2438000.0,111953000.0,32834000.0,4102000.0,24186000.0,50830000.0
2100600,2010,129545000,2854000.0,126691000.0,40214000.0,4746000.0,26177000.0,55554000.0
2100600,2011,142057000,3399000.0,138658000.0,42424000.0,4911000.0,28848000.0,62474000.0
2100600,2012,171111000,3958000.0,167154000.0,50910000.0,6216000.0,35501000.0,74526000.0
2100600,2013,195083000,4953000.0,190130000.0,60697000.0,5356000.0,42773000.0,81303000.0
2100600,2014,224895000,5755000.0,219140000.0,66518000.0,7310000.0,51320000.0,93992000.0
2100600,2015,251507000,7362000.0,244144000.0,73474000.0,9568000.0,54533000.0,106570000.0
2100600,2016,285791000,9473000.0,276318000.0,77992000.0,9492000.0,70347000.0,118487000.0
2100600,2017,273621000,9553000.0,264068000.0,74037000.0,8714000.0,63376000.0,117940000.0
2100600,2018,313670000,12034000.0,301636000.0,73469000.0,9948000.0,74850000.0,143368000.0
2100600,2019,305979000,13350000.0,292629000.0,74427000.0,9265000.0,70932000.0,138004000.0
2100600,2020,335205000,12733000.0,322472000.0,92936000.0,8545000.0,75033000.0,145958000.0
2100600,2021,388636000,16684000.0,371952000.0,126800000.0,9023000.0,85798000.0,150331000.0
2100600,2022,435132000,,,,,,
2100600,2023,500782000,,,,,,
2100709,2002,27897000,492000.0,27405000.0,9762000.0,895000.0,5222000.0,11525000.0
2100709,2003,34945000,462000.0,34483000.0,13168000.0,1225000.0,5814000.0,14276000.0
2100709,2004,38253000,587000.0,37666000.0,13637000.0,1298000.0,7109000.0,15621000.0
2100709,2005,44254000,784000.0,43470000.0,14886000.0,1360000.0,7755000.0,19469000.0
2100709,2006,49264000,913000.0,48350000.0,15373000.0,2830000.0,8716000.0,21431000.0
2100709,2007,52758000,1066000.0,51693000.0,16417000.0,2480000.0,9949000.0,22847000.0
2100709,2008,69075000,1257000.0,67818000.0,23548000.0,3300000.0,12569000.0,28401000.0
2100709,2009,73849000,1428000.0,72421000.0,19898000.0,3921000.0,14668000.0,33933000.0
2100709,2010,82435000,1555000.0,80881000.0,24183000.0,4428000.0,14864000.0,37406000.0
2100709,2011,98864000,2165000.0,96699000.0,30102000.0,4485000.0,19199000.0,42914000.0
2100709,2012,110149000,2311000.0,107838000.0,32304000.0,5833000.0,20715000.0,48986000.0
2100709,2013,127903000,2998000.0,124906000.0,41347000.0,9425000.0,23938000.0,50196000.0
2100709,2014,141744000,2073000.0,139671000.0,40928000.0,8666000.0,27830000.0,62246000.0
2100709,2015,149010000,5267000.0,143743000.0,37550000.0,8320000.0,28044000.0,69828000.0
2100709,2016,174490000,5964000.0,168527000.0,37994000.0,7047000.0,41856000.0,81630000.0
2100709,2017,176950000,6217000.0,170732000.0,38031000.0,6540000.0,41637000.0,84525000.0
2100709,2018,177517000,5512000.0,172004000.0,35277000.0,5891000.0,42486000.0,88351000.0
2100709,2019,175340000,5886000.0,169454000.0,34124000.0,5236000.0,39696000.0,90397000.0
2100709,2020,183161000,6341000.0,176820000.0,40820000.0,4709000.0,41239000.0,90052000.0
2100709,2021,207606000,10102000.0,197503000.0,47951000.0,5316000.0,46529000.0,97708000.0
2100709,2022,236142000,,,,,,
2100709,2023,255439000,,,,,,
2100808,2002,17066000,466000.0,16599000.0,4241000.0,820000.0,4192000.0,7346000.0
2100808,2003,26155000,571000.0,25584000.0,11042000.0,1437000.0,5205000.0,7901000.0
2100808,2004,33390000,624000.0,32766000.0,16073000.0,1321000.0,6918000.0,8455000.0
2100808,2005,31380000,524000.0,30857000.0,12054000.0,1169000.0,6138000.0,11496000.0
2100808,2006,43421000,651000.0,42770000.0,16504000.0,5581000.0,7657000.0,13028000.0
2100808,2007,39780000,865000.0,38915000.0,13979000.0,1445000.0,8475000.0,15016000.0
2100808,2008,79454000,1118000.0,78335000.0,45157000.0,3447000.0,13320000.0,16412000.0
2100808,2009,73583000,1708000.0,71874000.0,28058000.0,8069000.0,15763000.0,19984000.0
2100808,2010,72977000,3336000.0,69641000.0,19099000.0,9042000.0,18104000.0,23397000.0
2100808,2011,96654000,6838000.0,89815000.0,23647000.0,11438000.0,28496000.0,26233000.0
2100808,2012,78421000,6091000.0,72330000.0,13540000.0,4956000.0,25746000.0,28088000.0
2100808,2013,107057000,6148000.0,100909000.0,24375000.0,12531000.0,31343000.0,32660000.0
2100808,2014,127885000,8029000.0,119856000.0,28341000.0,8862000.0,45438000.0,37216000.0
2100808,2015,109529000,6669000.0,102860000.0,16772000.0,11219000.0,32886000.0,41983000.0
2100808,2016,132013000,10296000.0,121718000.0,17764000.0,13129000.0,44103000.0,46721000.0
2100808,2017,135894000,6962000.0,128932000.0,27109000.0,10182000.0,37554000.0,54086000.0
2100808,2018,131342000,6152000.0,125190000.0,24749000.0,5725000.0,38032000.0,56684000.0
2100808,2019,120492000,4904000.0,115588000.0,15352000.0,5482000.0,33479000.0,61275000.0
2100808,2020,141272000,5615000.0,135657000.0,35980000.0,5572000.0,35570000.0,58534000.0
2100808,2021,149102000,7542000.0,141560000.0,26456000.0,5526000.0,41088000.0,68490000.0
2100808,2022,178126000,,,,,,
2100808,2023,192813000,,,,,,
2100832,2002,12407000,240000.0,12167000.0,2861000.0,510000.0,2079000.0,6718000.0
2100832,2003,14554000,230000.0,14324000.0,3703000.0,535000.0,2225000.0,7861000.0
2100832,2004,16923000,334000.0,16589000.0,3802000.0,535000.0,3189000.0,9063000.0
2100832,2005,19907000,421000.0,19486000.0,4146000.0,575000.0,3519000.0,11246000.0
2100832,2006,23970000,539000.0,23431000.0,4253000.0,1319000.0,4093000.0,13766000.0
2100832,2007,26169000,643000.0,25526000.0,4627000.0,787000.0,5069000.0,15043000.0
2100832,2008,28666000,663000.0,28003000.0,5474000.0,941000.0,5473000.0,16116000.0
2100832,2009,37002000,826000.0,36175000.0,6296000.0,1395000.0,7138000.0,21346000.0
2100832,2010,38630000,907000.0,37723000.0,6043000.0,1396000.0,7049000.0,23236000.0
2100832,2011,48608000,1103000.0,47505000.0,9831000.0,1700000.0,9222000.0,26752000.0
2100832,2012,56628000,1383000.0,55245000.0,11510000.0,2062000.0,11185000.0,30488000.0
2100832,2013,74032000,1724000.0,72307000.0,15253000.0,2368000.0,15015000.0,39671000.0
2100832,2014,87963000,2347000.0,85616000.0,15984000.0,3114000.0,19308000.0,47211000.0
2100832,2015,90648000,2813000.0,87835000.0,16021000.0,3971000.0,17923000.0,49920000.0
2100832,2016,104176000,3636000.0,100540000.0,15330000.0,4052000.0,24712000.0,56446000.0
2100832,2017,104064000,3892000.0,100172000.0,15622000.0,3612000.0,24431000.0,56507000.0
2100832,2018,108770000,4104000.0,104666000.0,15123000.0,3805000.0,26338000.0,59400000.0
2100832,2019,117366000,4903000.0,112464000.0,15188000.0,3763000.0,27827000.0,65686000.0
2100832,2020,122607000,5122000.0,117485000.0,16711000.0,3621000.0,28700000.0,68453000.0
2100832,2021,133946000,6508000.0,127438000.0,17379000.0,4424000.0,31609000.0,74025000.0
2100832,2022,152578000,,,,,,
2100832,2023,170117000,,,,,,
2100873,2002,16632000,204000.0,16429000.0,8162000.0,662000.0,1981000.0,5624000.0
2100873,2003,18384000,174000.0,18209000.0,9148000.0,787000.0,2032000.0,6242000.0
2100873,2004,18186000,196000.0,17990000.0,8653000.0,620000.0,2407000.0,6310000.0
2100873,2005,17696000,290000.0,17406000.0,7387000.0,646000.0,2525000.0,6849000.0
2100873,2006,19344000,300000.0,19044000.0,6994000.0,1015000.0,2980000.0,8054000.0
2100873,2007,21869000,307000.0,21562000.0,8234000.0,582000.0,3213000.0,9532000.0
2100873,2008,25413000,319000.0,25094000.0,9670000.0,823000.0,3605000.0,10996000.0
2100873,2009,28313000,380000.0,27933000.0,8847000.0,1038000.0,4587000.0,13461000.0
2100873,2010,35983000,501000.0,35483000.0,9378000.0,1152000.0,5011000.0,19942000.0
2100873,2011,41284000,897000.0,40387000.0,10765000.0,1460000.0,7565000.0,20597000.0
2100873,2012,44634000,1200000.0,43435000.0,10165000.0,1645000.0,9375000.0,22249000.0
2100873,2013,56314000,1349000.0,54965000.0,13963000.0,1619000.0,10156000.0,29227000.0
2100873,2014,62165000,1916000.0,60249000.0,11703000.0,2191000.0,13637000.0,32718000.0
2100873,2015,64860000,2101000.0,62759000.0,11547000.0,2559000.0,13043000.0,35611000.0
2100873,2016,77821000,2703000.0,75118000.0,12719000.0,2772000.0,17108000.0,42519000.0
2100873,2017,77795000,2724000.0,75071000.0,11108000.0,2269000.0,16615000.0,45079000.0
2100873,2018,81055000,3077000.0,77978000.0,9997000.0,2235000.0,17288000.0,48459000.0
2100873,2019,79382000,2583000.0,76800000.0,9177000.0,2164000.0,14980000.0,50479000.0
2100873,2020,90756000,3031000.0,87725000.0,11057000.0,2181000.0,16797000.0,57690000.0
2100873,2021,101728000,4223000.0,97504000.0,13738000.0,2436000.0,19659000.0,61671000.0
2100873,2022,112188000,,,,,,
2100873,2023,127935000,,,,,,
2100907,2002,48420000,1259000.0,47161000.0,13176000.0,1979000.0,11455000.0,20550000.0
2100907,2003,57627000,1143000.0,56484000.0,18433000.0,2426000.0,12404000.0,23223000.0
2100907,2004,62900000,1346000.0,61554000.0,21229000.0,2051000.0,14004000.0,24270000.0
2100907,2005,65640000,1760000.0,63880000.0,19414000.0,1946000.0,16017000.0,26503000.0
2100907,2006,73093000,2353000.0,70740000.0,16284000.0,4198000.0,19349000.0,30909000.0
2100907,2007,83498000,2781000.0,80717000.0,18057000.0,2697000.0,22583000.0,37380000.0
2100907,2008,114245000,3254000.0,110991000.0,33338000.0,4113000.0,29211000.0,44329000.0
2100907,2009,146469000,4473000.0,141996000.0,41792000.0,6456000.0,36979000.0,56769000.0
2100907,2010,142220000,3927000.0,138293000.0,32064000.0,5861000.0,33572000.0,66796000.0
2100907,2011,166584000,6050000.0,160534000.0,32806000.0,6815000.0,44245000.0,76669000.0
2100907,2012,174437000,6326000.0,168111000.0,28454000.0,7453000.0,45955000.0,86248000.0
2100907,2013,189003000,4952000.0,184051000.0,48908000.0,6403000.0,45416000.0,83323000.0
2100907,2014,216309000,5359000.0,210950000.0,45838000.0,9202000.0,54348000.0,101562000.0
2100907,2015,234546000,8186000.0,226360000.0,39681000.0,10806000.0,56492000.0,119381000.0
2100907,2016,257455000,9013000.0,248442000.0,40183000.0,9796000.0,69821000.0,128642000.0
2100907,2017,269138000,9780000.0,259357000.0,37709000.0,9924000.0,71680000.0,140045000.0
2100907,2018,269399000,12540000.0,256859000.0,31639000.0,9100000.0,73734000.0,142386000.0
2100907,2019,269517000,13112000.0,256405000.0,28539000.0,8033000.0,69618000.0,150215000.0
2100907,2020,275900000,11026000.0,264874000.0,32071000.0,7411000.0,68835000.0,156557000.0
2100907,2021,282769000,11297000.0,271472000.0,39404000.0,7667000.0,67087000.0,157315000.0
2100907,2022,311061000,,,,,,
2100907,2023,351324000,,,,,,
2100956,2002,45029000,845000.0,44184000.0,19507000.0,2042000.0,8557000.0,14078000.0
2100956,2003,52950000,998000.0,51953000.0,22199000.0,2370000.0,9701000.0,17683000.0
2100956,2004,54226000,883000.0,53344000.0,23491000.0,1810000.0,10478000.0,17564000.0
2100956,2005,55225000,1188000.0,54038000.0,22030000.0,1565000.0,10686000.0,19757000.0
2100956,2006,59439000,1283000.0,58156000.0,19554000.0,3571000.0,11639000.0,23393000.0
2100956,2007,68196000,1794000.0,66402000.0,23509000.0,2580000.0,14274000.0,26040000.0
2100956,2008,84939000,2033000.0,82907000.0,30838000.0,3213000.0,17936000.0,30920000.0
2100956,2009,88156000,2358000.0,85797000.0,25792000.0,4124000.0,20871000.0,35010000.0
2100956,2010,104208000,2023000.0,102185000.0,33980000.0,3877000.0,19647000.0,44681000.0
2100956,2011,127550000,2669000.0,124880000.0,42918000.0,4997000.0,24904000.0,52061000.0
2100956,2012,146794000,3754000.0,143039000.0,48254000.0,6122000.0,30112000.0,58552000.0
2100956,2013,160678000,4420000.0,156257000.0,48978000.0,9152000.0,35662000.0,62466000.0
2100956,2014,178201000,5084000.0,173117000.0,48977000.0,10030000.0,41534000.0,72576000.0
2100956,2015,180057000,6067000.0,173989000.0,45028000.0,9242000.0,41388000.0,78331000.0
2100956,2016,222822000,9715000.0,213107000.0,48364000.0,8842000.0,63761000.0,92139000.0
2100956,2017,211969000,10060000.0,201910000.0,47582000.0,7216000.0,57983000.0,89129000.0
2100956,2018,233246000,11673000.0,221573000.0,48887000.0,7654000.0,65275000.0,99756000.0
2100956,2019,236073000,11987000.0,224087000.0,47071000.0,7610000.0,59579000.0,109827000.0
2100956,2020,252021000,11546000.0,240476000.0,58080000.0,7234000.0,59032000.0,116130000.0
2100956,2021,290315000,15318000.0,274997000.0,80030000.0,7960000.0,65936000.0,121072000.0
2100956,2022,296104000,,,,,,
2100956,2023,320623000,,,,,,
2101004,2002,38218000,1094000.0,37124000.0,9761000.0,2147000.0,10989000.0,14227000.0
2101004,2003,45082000,1109000.0,43974000.0,13304000.0,2239000.0,11963000.0,16468000.0
2101004,2004,51863000,1287000.0,50576000.0,15612000.0,2027000.0,14340000.0,18597000.0
2101004,2005,54748000,1471000.0,53277000.0,14122000.0,1956000.0,15796000.0,21403000.0
2101004,2006,63200000,2006000.0,61194000.0,14612000.0,3868000.0,16637000.0,26078000.0
2101004,2007,66410000,2144000.0,64266000.0,14555000.0,2554000.0,17921000.0,29237000.0
2101004,2008,94417000,2595000.0,91822000.0,29677000.0,3945000.0,22851000.0,35348000.0
2101004,2009,97889000,3078000.0,94811000.0,22245000.0,5026000.0,26519000.0,41021000.0
2101004,2010,111985000,3144000.0,108841000.0,30683000.0,5078000.0,27867000.0,45213000.0
2101004,2011,143259000,4383000.0,138876000.0,45300000.0,7156000.0,34389000.0,52031000.0
2101004,2012,149321000,4571000.0,144749000.0,41689000.0,8003000.0,37705000.0,57353000.0
2101004,2013,169379000,6343000.0,163036000.0,45672000.0,6886000.0,47257000.0,63221000.0
2101004,2014,199156000,6482000.0,192674000.0,56019000.0,10096000.0,58344000.0,68216000.0
2101004,2015,210033000,9536000.0,200497000.0,55853000.0,10965000.0,57660000.0,76019000.0
2101004,2016,234978000,10916000.0,224063000.0,53039000.0,10840000.0,71865000.0,88318000.0
2101004,2017,229583000,11843000.0,217740000.0,44444000.0,9745000.0,71719000.0,91833000.0
2101004,2018,253435000,15800000.0,237635000.0,42453000.0,10186000.0,84466000.0,100529000.0
2101004,2019,252088000,16060000.0,236027000.0,40173000.0,9581000.0,81185000.0,105089000.0
2101004,2020,272188000,15877000.0,256311000.0,52792000.0,9674000.0,83674000.0,110172000.0
2101004,2021,313251000,21637000.0,291614000.0,66124000.0,9554000.0,94397000.0,121538000.0
2101004,2022,363217000,,,,,,
2101004,2023,422713000,,,,,,
2101103,2002,12405000,275000.0,12130000.0,2430000.0,470000.0,2984000.0,6246000.0
2101103,2003,14618000,214000.0,14404000.0,3303000.0,564000.0,3319000.0,7219000.0
2101103,2004,14439000,257000.0,14181000.0,3894000.0,412000.0,2931000.0,6944000.0
2101103,2005,16341000,325000.0,16016000.0,4120000.0,457000.0,2965000.0,8475000.0
2101103,2006,19760000,391000.0,19369000.0,4152000.0,1017000.0,3614000.0,10585000.0
2101103,2007,20522000,338000.0,20183000.0,4481000.0,758000.0,3528000.0,11416000.0
2101103,2008,29210000,545000.0,28666000.0,5417000.0,1114000.0,5227000.0,16907000.0
2101103,2009,35456000,879000.0,34577000.0,5760000.0,1398000.0,7767000.0,19652000.0
2101103,2010,31826000,743000.0,31083000.0,6211000.0,1273000.0,6388000.0,17211000.0
2101103,2011,38824000,954000.0,37869000.0,8828000.0,1462000.0,7956000.0,19623000.0
2101103,2012,43875000,1087000.0,42787000.0,10133000.0,1675000.0,8916000.0,22063000.0
2101103,2013,53566000,967000.0,52598000.0,12579000.0,1809000.0,11302000.0,26908000.0
2101103,2014,58074000,917000.0,57157000.0,13707000.0,2304000.0,12160000.0,28985000.0
2101103,2015,61582000,1807000.0,59775000.0,12747000.0,2681000.0,13164000.0,31183000.0
2101103,2016,70310000,2197000.0,68113000.0,12465000.0,2782000.0,17001000.0,35865000.0
2101103,2017,68771000,2312000.0,66458000.0,11998000.0,2884000.0,15858000.0,35719000.0
2101103,2018,73856000,3077000.0,70779000.0,11237000.0,2881000.0,17755000.0,38906000.0
2101103,2019,78489000,3930000.0,74559000.0,10896000.0,2897000.0,19744000.0,41022000.0
2101103,2020,84159000,3697000.0,80463000.0,12129000.0,3033000.0,20882000.0,44418000.0
2101103,2021,97422000,5181000.0,92240000.0,12953000.0,4087000.0,25531000.0,49669000.0
2101103,2022,106712000,,,,,,
2101103,2023,118131000,,,,,,
2101202,2002,241230000,18879000.0,222351000.0,18343000.0,32313000.0,119456000.0,52239000.0
2101202,2003,289526000,19768000.0,269758000.0,21850000.0,52836000.0,134146000.0,60926000.0
2101202,2004,327862000,21387000.0,306475000.0,28246000.0,57490000.0,154370000.0,66369000.0
2101202,2005,366836000,28743000.0,338094000.0,28057000.0,40774000.0,194127000.0,75135000.0
2101202,2006,418398000,31959000.0,386439000.0,31280000.0,51787000.0,211773000.0,91599000.0
2101202,2007,455592000,35438000.0,420154000.0,32397000.0,67953000.0,221889000.0,97915000.0
2101202,2008,567238000,41875000.0,525364000.0,50924000.0,87820000.0,271166000.0,115454000.0
2101202,2009,604030000,45419000.0,558610000.0,37583000.0,70538000.0,316075000.0,134413000.0
2101202,2010,607057000,48760000.0,558297000.0,43601000.0,41205000.0,329891000.0,143600000.0
2101202,2011,649420000,59495000.0,589926000.0,49187000.0,41368000.0,337041000.0,162330000.0
2101202,2012,753544000,74168000.0,679376000.0,55156000.0,57150000.0,399001000.0,168068000.0
2101202,2013,880682000,84276000.0,796406000.0,68086000.0,55247000.0,485961000.0,187113000.0
2101202,2014,1061251000,98075000.0,963177000.0,66505000.0,84672000.0,590515000.0,221484000.0
2101202,2015,1017126000,96407000.0,920719000.0,71283000.0,81250000.0,522982000.0,245204000.0
2101202,2016,1129029000,112730000.0,1016298000.0,61188000.0,77461000.0,606620000.0,271029000.0
2101202,2017,1133533000,114862000.0,1018671000.0,56627000.0,65303000.0,599110000.0,297631000.0
2101202,2018,1210810000,118123000.0,1092687000.0,51093000.0,81079000.0,627857000.0,332658000.0
2101202,2019,1254485000,139776000.0,1114709000.0,49879000.0,70414000.0,628200000.0,366216000.0
2101202,2020,1355117000,152358000.0,1202759000.0,59811000.0,77543000.0,680413000.0,384991000.0
2101202,2021,1514560000,183983000.0,1330577000.0,80708000.0,98681000.0,765023000.0,386164000.0
2101202,2022,1748315000,,,,,,
2101202,2023,1912868000,,,,,,
2101251,2002,50204000,5506000.0,44699000.0,3204000.0,28594000.0,7058000.0,5843000.0
2101251,2003,68305000,6386000.0,61919000.0,4353000.0,39220000.0,10965000.0,7380000.0
2101251,2004,87010000,7122000.0,79888000.0,5243000.0,50704000.0,15966000.0,7975000.0
2101251,2005,103140000,10252000.0,92888000.0,5897000.0,62425000.0,15510000.0,9057000.0
2101251,2006,96696000,10209000.0,86487000.0,5485000.0,50543000.0,18709000.0,11749000.0
2101251,2007,119508000,11584000.0,107924000.0,5958000.0,62229000.0,24570000.0,15167000.0
2101251,2008,178274000,15018000.0,163256000.0,6369000.0,102383000.0,35019000.0,19485000.0
2101251,2009,103447000,9051000.0,94396000.0,8457000.0,39553000.0,21819000.0,24567000.0
2101251,2010,166513000,14480000.0,152033000.0,8314000.0,80465000.0,37106000.0,26147000.0
2101251,2011,292099000,23824000.0,268275000.0,9619000.0,163178000.0,63451000.0,32027000.0
2101251,2012,283607000,30697000.0,252911000.0,9900000.0,140422000.0,64904000.0,37685000.0
2101251,2013,264817000,35419000.0,229398000.0,13355000.0,114742000.0,58873000.0,42428000.0
2101251,2014,383232000,33687000.0,349546000.0,16379000.0,204071000.0,80035000.0,49061000.0
2101251,2015,281332000,20808000.0,260524000.0,19132000.0,138496000.0,51532000.0,51364000.0
2101251,2016,344801000,23577000.0,321223000.0,12856000.0,180787000.0,67496000.0,60084000.0
2101251,2017,339375000,24316000.0,315058000.0,16808000.0,167253000.0,65973000.0,65024000.0
2101251,2018,306817000,19809000.0,287008000.0,14192000.0,141727000.0,66107000.0,64982000.0
2101251,2019,253682000,22195000.0,231488000.0,12703000.0,95976000.0,56516000.0,66293000.0
2101251,2020,352158000,28123000.0,324035000.0,13282000.0,171768000.0,67043000.0,71942000.0
2101251,2021,599285000,40382000.0,558903000.0,15906000.0,349714000.0,115232000.0,78052000.0
2101251,2022,450355000,,,,,,
2101251,2023,466226000,,,,,,
2101301,2002,14884000,342000.0,14542000.0,1596000.0,818000.0,3250000.0,8877000.0
2101301,2003,16530000,322000.0,16208000.0,2088000.0,671000.0,3143000.0,10307000.0
2101301,2004,18803000,398000.0,18405000.0,2163000.0,612000.0,4261000.0,11369000.0
2101301,2005,20533000,422000.0,20111000.0,2305000.0,593000.0,4278000.0,12935000.0
2101301,2006,25401000,515000.0,24886000.0,2353000.0,1221000.0,5113000.0,16199000.0
2101301,2007,28933000,682000.0,28251000.0,2754000.0,1036000.0,7331000.0,17131000.0
2101301,2008,35984000,880000.0,35104000.0,3700000.0,1268000.0,8404000.0,21732000.0
2101301,2009,41783000,1022000.0,40761000.0,4276000.0,2015000.0,9952000.0,24518000.0
2101301,2010,43405000,1004000.0,42400000.0,4282000.0,1804000.0,10244000.0,26071000.0
2101301,2011,52360000,1275000.0,51086000.0,6095000.0,2333000.0,12512000.0,30146000.0
2101301,2012,61878000,1646000.0,60232000.0,6865000.0,2652000.0,15351000.0,35364000.0
2101301,2013,77107000,1915000.0,75191000.0,9061000.0,2940000.0,19286000.0,43904000.0
2101301,2014,85835000,1908000.0,83927000.0,9413000.0,3947000.0,22071000.0,48495000.0
2101301,2015,84818000,2087000.0,82731000.0,9522000.0,3740000.0,19228000.0,50242000.0
2101301,2016,90823000,2536000.0,88287000.0,9488000.0,3703000.0,23050000.0,52046000.0
2101301,2017,96548000,3036000.0,93513000.0,9179000.0,3594000.0,24728000.0,56012000.0
2101301,2018,98271000,2975000.0,95296000.0,8595000.0,3388000.0,24921000.0,58392000.0
2101301,2019,107986000,3263000.0,104724000.0,8496000.0,3762000.0,25998000.0,66467000.0
2101301,2020,111632000,3888000.0,107744000.0,9720000.0,3557000.0,25342000.0,69125000.0
2101301,2021,122872000,4454000.0,118418000.0,10524000.0,3716000.0,27414000.0,76764000.0
2101301,2022,138556000,,,,,,
2101301,2023,156363000,,,,,,
2101350,2002,6779000,156000.0,6623000.0,1531000.0,430000.0,1251000.0,3412000.0
2101350,2003,7806000,157000.0,7649000.0,2067000.0,348000.0,1293000.0,3941000.0
2101350,2004,8631000,161000.0,8471000.0,2081000.0,381000.0,1541000.0,4468000.0
2101350,2005,8874000,181000.0,8693000.0,1978000.0,263000.0,1562000.0,4889000.0
2101350,2006,10430000,270000.0,10160000.0,1726000.0,569000.0,1895000.0,5970000.0
2101350,2007,11338000,270000.0,11068000.0,2070000.0,368000.0,2048000.0,6581000.0
2101350,2008,12650000,313000.0,12336000.0,1946000.0,469000.0,2387000.0,7535000.0
2101350,2009,14883000,351000.0,14533000.0,2384000.0,760000.0,2922000.0,8467000.0
2101350,2010,15538000,345000.0,15193000.0,2758000.0,658000.0,2960000.0,8817000.0
2101350,2011,22711000,1040000.0,21671000.0,3030000.0,1787000.0,6672000.0,10182000.0
2101350,2012,23978000,1065000.0,22913000.0,3057000.0,1032000.0,7201000.0,11623000.0
2101350,2013,22438000,537000.0,21901000.0,3659000.0,784000.0,4644000.0,12814000.0
2101350,2014,27241000,734000.0,26507000.0,3648000.0,1365000.0,6168000.0,15326000.0
2101350,2015,28661000,846000.0,27815000.0,3674000.0,1594000.0,5799000.0,16748000.0
2101350,2016,33776000,1144000.0,32631000.0,4056000.0,1607000.0,8031000.0,18938000.0
2101350,2017,35101000,1354000.0,33747000.0,3901000.0,1329000.0,8539000.0,19978000.0
2101350,2018,35065000,1277000.0,33787000.0,3628000.0,1292000.0,8035000.0,20832000.0
2101350,2019,35553000,1324000.0,34229000.0,3671000.0,1246000.0,7710000.0,21603000.0
2101350,2020,38205000,1388000.0,36817000.0,4282000.0,1367000.0,7769000.0,23398000.0
2101350,2021,39590000,1326000.0,38264000.0,5230000.0,1107000.0,7820000.0,24108000.0
2101350,2022,45480000,,,,,,
2101350,2023,52138000,,,,,,
2101400,2002,475359000,58549000.0,416810000.0,96256000.0,34913000.0,248206000.0,37435000.0
2101400,2003,656999000,73291000.0,583708000.0,168139000.0,51122000.0,320450000.0,43997000.0
2101400,2004,834838000,103186000.0,731652000.0,199510000.0,37867000.0,441111000.0,53164000.0
2101400,2005,952726000,102289000.0,850437000.0,230979000.0,35270000.0,518342000.0,65846000.0
2101400,2006,805671000,97106000.0,708565000.0,104499000.0,62010000.0,465643000.0,76413000.0
2101400,2007,839914000,100735000.0,739179000.0,134003000.0,41353000.0,476625000.0,87197000.0
2101400,2008,1290209000,126040000.0,1164170000.0,399624000.0,63332000.0,601114000.0,100100000.0
2101400,2009,1412163000,121688000.0,1290475000.0,377344000.0,109355000.0,670811000.0,132965000.0
2101400,2010,1438810000,140413000.0,1298397000.0,334695000.0,98752000.0,720675000.0,144275000.0
2101400,2011,1538704000,177739000.0,1360965000.0,336689000.0,114759000.0,749093000.0,160424000.0
2101400,2012,2083184000,221125000.0,1862059000.0,567598000.0,189911000.0,917046000.0,187505000.0
2101400,2013,2525749000,240956000.0,2284793000.0,671262000.0,256550000.0,1140309000.0,216673000.0
2101400,2014,2914003000,265523000.0,2648480000.0,726531000.0,265424000.0,1398078000.0,258447000.0
2101400,2015,2627847000,246425000.0,2381422000.0,731118000.0,209061000.0,1205228000.0,236015000.0
2101400,2016,2387268000,274178000.0,2113091000.0,391933000.0,161791000.0,1281925000.0,277442000.0
2101400,2017,3045948000,322990000.0,2722958000.0,750322000.0,167165000.0,1463035000.0,342436000.0
2101400,2018,3493484000,378381000.0,3115103000.0,928587000.0,170802000.0,1661189000.0,354524000.0
2101400,2019,3493570000,430952000.0,3062618000.0,873435000.0,172649000.0,1649607000.0,366928000.0
2101400,2020,4772084000,509677000.0,4262408000.0,1804430000.0,204883000.0,1857347000.0,395747000.0
2101400,2021,6307425000,847085000.0,5460340000.0,1893662000.0,251286000.0,2906399000.0,408992000.0
2101400,2022,8010408000,,,,,,
2101400,2023,7529798000,,,,,,
2101509,2002,27451000,2151000.0,25300000.0,3191000.0,1720000.0,11783000.0,8606000.0
2101509,2003,30957000,1910000.0,29047000.0,5010000.0,2023000.0,12281000.0,9733000.0
2101509,2004,31270000,1270000.0,30000000.0,5067000.0,3452000.0,10024000.0,11457000.0
2101509,2005,45040000,3681000.0,41359000.0,3919000.0,3250000.0,21008000.0,13182000.0
2101509,2006,43725000,3533000.0,40193000.0,3280000.0,3714000.0,18755000.0,14444000.0
2101509,2007,48210000,2975000.0,45234000.0,3017000.0,8879000.0,17335000.0,16004000.0
2101509,2008,63083000,5523000.0,57560000.0,4577000.0,4572000.0,29367000.0,19044000.0
2101509,2009,76448000,6751000.0,69697000.0,4910000.0,4479000.0,37863000.0,22445000.0
2101509,2010,80646000,7883000.0,72763000.0,6175000.0,3662000.0,38587000.0,24340000.0
2101509,2011,96156000,11168000.0,84989000.0,6019000.0,4896000.0,47011000.0,27063000.0
2101509,2012,111130000,13179000.0,97951000.0,5204000.0,6337000.0,54889000.0,31520000.0
2101509,2013,130597000,13934000.0,116664000.0,7252000.0,5231000.0,66202000.0,37979000.0
2101509,2014,165958000,15989000.0,149970000.0,9922000.0,18064000.0,84605000.0,37379000.0
2101509,2015,190307000,17976000.0,172331000.0,12551000.0,32984000.0,81585000.0,45212000.0
2101509,2016,230965000,25339000.0,205626000.0,10412000.0,36569000.0,107160000.0,51486000.0
2101509,2017,210046000,25966000.0,184080000.0,11184000.0,10064000.0,108397000.0,54435000.0
2101509,2018,205982000,25663000.0,180319000.0,8322000.0,9428000.0,105129000.0,57440000.0
2101509,2019,203590000,28572000.0,175018000.0,7076000.0,9341000.0,97464000.0,61138000.0
2101509,2020,224177000,32141000.0,192036000.0,8935000.0,9995000.0,106348000.0,66757000.0
2101509,2021,268538000,38464000.0,230074000.0,14667000.0,11433000.0,133785000.0,70189000.0
2101509,2022,293768000,,,,,,
2101509,2023,309910000,,,,,,
2101608,2002,130722000,5399000.0,125323000.0,24224000.0,7339000.0,45978000.0,47783000.0
2101608,2003,143810000,4802000.0,139008000.0,28062000.0,8575000.0,47096000.0,55276000.0
2101608,2004,166120000,7276000.0,158843000.0,32427000.0,7844000.0,61394000.0,57178000.0
2101608,2005,181857000,9467000.0,172390000.0,33614000.0,8088000.0,69226000.0,61461000.0
2101608,2006,208751000,10435000.0,198316000.0,30834000.0,15860000.0,75345000.0,76277000.0
2101608,2007,214259000,10482000.0,203778000.0,34835000.0,10886000.0,81943000.0,76113000.0
2101608,2008,298783000,17319000.0,281464000.0,51379000.0,14301000.0,120484000.0,95301000.0
2101608,2009,312330000,16297000.0,296033000.0,41249000.0,16836000.0,126948000.0,111000000.0
2101608,2010,309790000,13368000.0,296422000.0,49222000.0,15921000.0,106590000.0,124690000.0
2101608,2011,381460000,22769000.0,358691000.0,55600000.0,20090000.0,146215000.0,136787000.0
2101608,2012,443741000,26153000.0,417587000.0,66328000.0,26215000.0,175668000.0,149377000.0
2101608,2013,495957000,25972000.0,469985000.0,82843000.0,25453000.0,193598000.0,168091000.0
2101608,2014,577228000,27777000.0,549451000.0,95196000.0,33436000.0,228328000.0,192492000.0
2101608,2015,551109000,33120000.0,517989000.0,45988000.0,35151000.0,225581000.0,211270000.0
2101608,2016,602676000,35528000.0,567147000.0,43634000.0,32522000.0,259776000.0,231216000.0
2101608,2017,649249000,39718000.0,609530000.0,48731000.0,32457000.0,266219000.0,262123000.0
2101608,2018,722264000,48609000.0,673655000.0,50374000.0,34885000.0,299981000.0,288415000.0
2101608,2019,710346000,53443000.0,656903000.0,43944000.0,34531000.0,285643000.0,292785000.0
2101608,2020,743643000,48895000.0,694748000.0,53374000.0,34348000.0,287315000.0,319710000.0
2101608,2021,889190000,78588000.0,810603000.0,72029000.0,38105000.0,363469000.0,337000000.0
2101608,2022,1034429000,,,,,,
2101608,2023,1157930000,,,,,,
2101707,2002,63012000,2164000.0,60847000.0,12912000.0,8021000.0,15632000.0,24283000.0
2101707,2003,71237000,1900000.0,69337000.0,19072000.0,3398000.0,18610000.0,28257000.0
2101707,2004,79884000,1936000.0,77948000.0,20617000.0,2635000.0,22237000.0,32458000.0
2101707,2005,96480000,3030000.0,93450000.0,20665000.0,3865000.0,30117000.0,38803000.0
2101707,2006,115857000,4097000.0,111760000.0,21319000.0,8147000.0,35856000.0,46438000.0
2101707,2007,140026000,5276000.0,134750000.0,27051000.0,5071000.0,47451000.0,55176000.0
2101707,2008,168870000,6308000.0,162561000.0,36367000.0,7309000.0,55248000.0,63637000.0
2101707,2009,187083000,6986000.0,180098000.0,27257000.0,9308000.0,66834000.0,76699000.0
2101707,2010,196705000,6534000.0,190171000.0,30697000.0,10438000.0,63632000.0,85404000.0
2101707,2011,239702000,8960000.0,230742000.0,40157000.0,13361000.0,79388000.0,97837000.0
2101707,2012,270422000,9550000.0,260872000.0,44782000.0,15091000.0,84840000.0,116160000.0
2101707,2013,317002000,11246000.0,305756000.0,61524000.0,14774000.0,100140000.0,129317000.0
2101707,2014,377514000,15488000.0,362027000.0,74460000.0,20515000.0,125489000.0,141563000.0
2101707,2015,389696000,19038000.0,370658000.0,57947000.0,23282000.0,131457000.0,157971000.0
2101707,2016,441930000,24408000.0,417522000.0,60116000.0,22177000.0,167380000.0,167849000.0
2101707,2017,457836000,27693000.0,430143000.0,49071000.0,27220000.0,169666000.0,184186000.0
2101707,2018,484767000,31954000.0,452813000.0,39714000.0,32253000.0,187599000.0,193247000.0
2101707,2019,481304000,35275000.0,446030000.0,32255000.0,21391000.0,188870000.0,203513000.0
2101707,2020,502405000,35963000.0,466442000.0,36372000.0,21421000.0,194502000.0,214147000.0
2101707,2021,635711000,57547000.0,578164000.0,40861000.0,37517000.0,272266000.0,227520000.0
2101707,2022,753456000,,,,,,
2101707,2023,816789000,,,,,,
2101731,2002,6980000,94000.0,6886000.0,2027000.0,301000.0,1034000.0,3524000.0
2101731,2003,9215000,85000.0,9130000.0,3340000.0,443000.0,1110000.0,4236000.0
2101731,2004,11255000,131000.0,11125000.0,4274000.0,336000.0,1627000.0,4887000.0
2101731,2005,11553000,158000.0,11395000.0,3949000.0,292000.0,1601000.0,5553000.0
2101731,2006,14213000,210000.0,14003000.0,4701000.0,939000.0,1930000.0,6433000.0
2101731,2007,14961000,261000.0,14699000.0,4258000.0,456000.0,2421000.0,7564000.0
2101731,2008,21327000,284000.0,21043000.0,8625000.0,840000.0,3093000.0,8486000.0
2101731,2009,19329000,322000.0,19007000.0,3979000.0,869000.0,3308000.0,10851000.0
2101731,2010,20543000,347000.0,20196000.0,4101000.0,864000.0,3519000.0,11712000.0
2101731,2011,33967000,424000.0,33543000.0,13013000.0,1503000.0,5045000.0,13983000.0
2101731,2012,29261000,428000.0,28833000.0,6770000.0,1255000.0,4702000.0,16106000.0
2101731,2013,28215000,394000.0,27820000.0,4612000.0,936000.0,5236000.0,17035000.0
2101731,2014,35589000,563000.0,35026000.0,4719000.0,1568000.0,6717000.0,22022000.0
2101731,2015,35840000,585000.0,35255000.0,5210000.0,1684000.0,5946000.0,22415000.0
2101731,2016,42166000,1115000.0,41051000.0,5401000.0,1925000.0,8414000.0,25310000.0
2101731,2017,47588000,945000.0,46643000.0,5238000.0,1850000.0,9162000.0,30392000.0
2101731,2018,46356000,861000.0,45495000.0,3871000.0,1514000.0,9259000.0,30851000.0
2101731,2019,46993000,1008000.0,45985000.0,2048000.0,1549000.0,9649000.0,32739000.0
2101731,2020,58026000,1886000.0,56140000.0,2485000.0,2121000.0,14604000.0,36931000.0
2101731,2021,60711000,1805000.0,58906000.0,3650000.0,1781000.0,12039000.0,41436000.0
2101731,2022,91672000,,,,,,
2101731,2023,100863000,,,,,,
2101772,2002,11235000,160000.0,11075000.0,3423000.0,592000.0,1836000.0,5224000.0
2101772,2003,12881000,127000.0,12754000.0,4437000.0,585000.0,1931000.0,5801000.0
2101772,2004,13980000,172000.0,13809000.0,4039000.0,424000.0,2499000.0,6846000.0
2101772,2005,17799000,313000.0,17486000.0,4353000.0,502000.0,3322000.0,9309000.0
2101772,2006,21833000,379000.0,21453000.0,4356000.0,1214000.0,4264000.0,11619000.0
2101772,2007,23675000,513000.0,23163000.0,4495000.0,782000.0,5245000.0,12641000.0
2101772,2008,28820000,843000.0,27977000.0,6153000.0,1120000.0,6664000.0,14040000.0
2101772,2009,30004000,1005000.0,28999000.0,3469000.0,1404000.0,8090000.0,16035000.0
2101772,2010,41186000,1252000.0,39934000.0,7933000.0,1717000.0,9865000.0,20419000.0
2101772,2011,41650000,1267000.0,40382000.0,5135000.0,1687000.0,10551000.0,23008000.0
2101772,2012,45710000,1483000.0,44227000.0,7388000.0,1900000.0,10815000.0,24124000.0
2101772,2013,52078000,1534000.0,50543000.0,8952000.0,2072000.0,13631000.0,25889000.0
2101772,2014,62480000,2147000.0,60333000.0,8331000.0,4706000.0,18093000.0,29204000.0
2101772,2015,59913000,2375000.0,57537000.0,7246000.0,3152000.0,16614000.0,30526000.0
2101772,2016,75614000,2954000.0,72660000.0,7567000.0,5111000.0,21917000.0,38064000.0
2101772,2017,79653000,3287000.0,76366000.0,7479000.0,3436000.0,22176000.0,43274000.0
2101772,2018,84589000,3477000.0,81112000.0,7322000.0,3497000.0,24690000.0,45603000.0
2101772,2019,82340000,3278000.0,79062000.0,6813000.0,4613000.0,22114000.0,45522000.0
2101772,2020,85346000,3744000.0,81602000.0,8093000.0,5045000.0,21328000.0,47136000.0
2101772,2021,107543000,4848000.0,102695000.0,9902000.0,5433000.0,27406000.0,59954000.0
2101772,2022,124651000,,,,,,
2101772,2023,133414000,,,,,,
2101806,2002,9649000,171000.0,9477000.0,2865000.0,880000.0,1858000.0,3875000.0
2101806,2003,12654000,153000.0,12501000.0,3886000.0,1699000.0,2120000.0,4795000.0
2101806,2004,14732000,187000.0,14544000.0,3743000.0,2693000.0,2740000.0,5367000.0
2101806,2005,13231000,212000.0,13019000.0,2866000.0,2177000.0,2478000.0,5498000.0
2101806,2006,12583000,243000.0,12340000.0,2480000.0,1055000.0,2586000.0,6219000.0
2101806,2007,13953000,316000.0,13636000.0,2567000.0,1522000.0,2847000.0,6700000.0
2101806,2008,19763000,441000.0,19322000.0,6557000.0,1655000.0,3393000.0,7717000.0
2101806,2009,16624000,357000.0,16268000.0,3845000.0,1479000.0,3152000.0,7793000.0
2101806,2010,18881000,360000.0,18521000.0,5002000.0,1553000.0,3478000.0,8489000.0
2101806,2011,20978000,389000.0,20589000.0,4832000.0,951000.0,4322000.0,10484000.0
2101806,2012,21380000,467000.0,20914000.0,4236000.0,1068000.0,4495000.0,11115000.0
2101806,2013,25677000,508000.0,25170000.0,5605000.0,1030000.0,5733000.0,12802000.0
2101806,2014,28652000,493000.0,28159000.0,5866000.0,1418000.0,6436000.0,14438000.0
2101806,2015,34438000,1010000.0,33428000.0,8944000.0,1895000.0,7401000.0,15189000.0
2101806,2016,35771000,1684000.0,34087000.0,6337000.0,1862000.0,9606000.0,16282000.0
2101806,2017,39728000,983000.0,38745000.0,10389000.0,1945000.0,8289000.0,18121000.0
2101806,2018,42785000,1099000.0,41686000.0,10278000.0,2024000.0,9365000.0,20020000.0
2101806,2019,42519000,1145000.0,41374000.0,9095000.0,2192000.0,9149000.0,20939000.0
2101806,2020,58872000,1451000.0,57420000.0,20623000.0,2906000.0,10491000.0,23400000.0
2101806,2021,73150000,1768000.0,71382000.0,31274000.0,2948000.0,12270000.0,24890000.0
2101806,2022,95655000,,,,,,
2101806,2023,94454000,,,,,,
2101905,2002,18221000,493000.0,17729000.0,3994000.0,644000.0,4712000.0,8379000.0
2101905,2003,22120000,444000.0,21676000.0,6231000.0,871000.0,4949000.0,9625000.0
2101905,2004,31884000,788000.0,31096000.0,6868000.0,975000.0,7867000.0,15386000.0
2101905,2005,34575000,954000.0,33621000.0,7472000.0,961000.0,8682000.0,16506000.0
2101905,2006,37897000,1182000.0,36716000.0,7139000.0,2057000.0,9640000.0,17880000.0
2101905,2007,41278000,1273000.0,40005000.0,7747000.0,1253000.0,10621000.0,20384000.0
2101905,2008,49853000,1451000.0,48403000.0,10853000.0,1697000.0,12560000.0,23293000.0
2101905,2009,55902000,1535000.0,54367000.0,10542000.0,2341000.0,14196000.0,27287000.0
2101905,2010,56247000,1074000.0,55173000.0,9707000.0,2304000.0,12139000.0,31023000.0
2101905,2011,69456000,1636000.0,67820000.0,12170000.0,2796000.0,16502000.0,36352000.0
2101905,2012,69568000,1719000.0,67849000.0,12549000.0,2754000.0,16587000.0,35959000.0
2101905,2013,76447000,1449000.0,74998000.0,15307000.0,2839000.0,18303000.0,38549000.0
2101905,2014,84630000,1703000.0,82927000.0,15678000.0,3198000.0,21693000.0,42358000.0
2101905,2015,98839000,3200000.0,95639000.0,15721000.0,4247000.0,25238000.0,50433000.0
2101905,2016,111637000,4304000.0,107333000.0,15566000.0,4257000.0,32998000.0,54512000.0
2101905,2017,119026000,5099000.0,113927000.0,13762000.0,4257000.0,35657000.0,60252000.0
2101905,2018,129085000,6111000.0,122974000.0,12038000.0,4647000.0,39394000.0,66896000.0
2101905,2019,122644000,6210000.0,116434000.0,11850000.0,4281000.0,35415000.0,64889000.0
2101905,2020,133471000,6153000.0,127318000.0,13014000.0,4253000.0,36844000.0,73207000.0
2101905,2021,138114000,8388000.0,129726000.0,14503000.0,4145000.0,38044000.0,73034000.0
2101905,2022,158758000,,,,,,
2101905,2023,166173000,,,,,,
2101939,2002,9905000,195000.0,9710000.0,4065000.0,323000.0,1681000.0,3641000.0
2101939,2003,11283000,156000.0,11127000.0,5310000.0,338000.0,1665000.0,3814000.0
2101939,2004,12674000,192000.0,12482000.0,5334000.0,355000.0,2223000.0,4570000.0
2101939,2005,13029000,218000.0,12811000.0,5766000.0,332000.0,2195000.0,4517000.0
2101939,2006,15909000,330000.0,15579000.0,6118000.0,748000.0,2984000.0,5729000.0
2101939,2007,17794000,429000.0,17365000.0,6869000.0,517000.0,3771000.0,6207000.0
2101939,2008,21679000,565000.0,21113000.0,8812000.0,647000.0,4358000.0,7296000.0
2101939,2009,23696000,590000.0,23107000.0,8768000.0,856000.0,4971000.0,8511000.0
2101939,2010,26190000,523000.0,25667000.0,10921000.0,862000.0,4666000.0,9218000.0
2101939,2011,30869000,864000.0,30005000.0,12048000.0,1067000.0,6366000.0,10523000.0
2101939,2012,33048000,1013000.0,32035000.0,11534000.0,1233000.0,7288000.0,11980000.0
2101939,2013,39099000,1442000.0,37657000.0,13190000.0,1538000.0,8864000.0,14066000.0
2101939,2014,45944000,1548000.0,44397000.0,15168000.0,2383000.0,10453000.0,16393000.0
2101939,2015,45301000,1631000.0,43670000.0,14107000.0,3071000.0,9885000.0,16607000.0
2101939,2016,49820000,1564000.0,48255000.0,15328000.0,2960000.0,11617000.0,18350000.0
2101939,2017,49165000,1560000.0,47605000.0,14718000.0,2429000.0,10790000.0,19669000.0
2101939,2018,49354000,1552000.0,47802000.0,13318000.0,2517000.0,11224000.0,20743000.0
2101939,2019,51133000,1938000.0,49196000.0,10898000.0,2938000.0,11328000.0,24032000.0
2101939,2020,54286000,2522000.0,51763000.0,11776000.0,3468000.0,11585000.0,24934000.0
2101939,2021,105114000,6299000.0,98815000.0,13947000.0,41813000.0,16378000.0,26677000.0
2101939,2022,105329000,,,,,,
2101939,2023,276118000,,,,,,
2101970,2002,9242000,184000.0,9058000.0,2734000.0,373000.0,1957000.0,3993000.0
2101970,2003,16537000,1180000.0,15357000.0,3568000.0,752000.0,6382000.0,4655000.0
2101970,2004,13750000,520000.0,13229000.0,3636000.0,413000.0,3983000.0,5198000.0
2101970,2005,13318000,326000.0,12993000.0,3499000.0,375000.0,3049000.0,6070000.0
2101970,2006,14108000,322000.0,13787000.0,3228000.0,773000.0,3036000.0,6749000.0
2101970,2007,16505000,492000.0,16013000.0,3716000.0,463000.0,3841000.0,7992000.0
2101970,2008,21110000,840000.0,20270000.0,4415000.0,711000.0,5740000.0,9404000.0
2101970,2009,24577000,1063000.0,23514000.0,3214000.0,1040000.0,7889000.0,11371000.0
2101970,2010,27914000,1378000.0,26536000.0,3701000.0,1134000.0,9420000.0,12281000.0
2101970,2011,31868000,1819000.0,30048000.0,3606000.0,1460000.0,10505000.0,14477000.0
2101970,2012,35768000,2308000.0,33460000.0,3879000.0,1411000.0,13310000.0,14861000.0
2101970,2013,38061000,1997000.0,36064000.0,5292000.0,1201000.0,12782000.0,16789000.0
2101970,2014,47093000,3132000.0,43961000.0,5059000.0,2174000.0,18068000.0,18661000.0
2101970,2015,55211000,4307000.0,50904000.0,5200000.0,2753000.0,21747000.0,21204000.0
2101970,2016,56189000,3799000.0,52390000.0,4859000.0,2232000.0,21208000.0,24091000.0
2101970,2017,61457000,4403000.0,57055000.0,4637000.0,2400000.0,22738000.0,27279000.0
2101970,2018,62701000,4651000.0,58050000.0,4095000.0,2192000.0,22805000.0,28958000.0
2101970,2019,59532000,4153000.0,55378000.0,3992000.0,1995000.0,18163000.0,31228000.0
2101970,2020,60096000,3987000.0,56109000.0,4540000.0,1745000.0,18871000.0,30953000.0
2101970,2021,67540000,5021000.0,62519000.0,6232000.0,1877000.0,21191000.0,33219000.0
2101970,2022,80574000,,,,,,
2101970,2023,93312000,,,,,,
2102002,2002,48320000,1765000.0,46556000.0,17388000.0,2059000.0,11926000.0,15183000.0
2102002,2003,62179000,1707000.0,60472000.0,24428000.0,2504000.0,12868000.0,20673000.0
2102002,2004,72453000,1971000.0,70483000.0,27078000.0,2269000.0,16733000.0,24403000.0
2102002,2005,88442000,2287000.0,86154000.0,33036000.0,2635000.0,20445000.0,30038000.0
2102002,2006,102592000,2931000.0,99661000.0,33581000.0,6120000.0,22620000.0,37339000.0
2102002,2007,109977000,3192000.0,106785000.0,38330000.0,3242000.0,24940000.0,40272000.0
2102002,2008,132004000,3693000.0,128311000.0,46383000.0,4247000.0,30780000.0,46901000.0
2102002,2009,138857000,4001000.0,134856000.0,41204000.0,5313000.0,33886000.0,54453000.0
2102002,2010,156660000,3800000.0,152861000.0,52927000.0,5943000.0,34290000.0,59701000.0
2102002,2011,178925000,4636000.0,174289000.0,60164000.0,6836000.0,37558000.0,69732000.0
2102002,2012,183727000,4962000.0,178765000.0,57706000.0,7346000.0,39997000.0,73717000.0
2102002,2013,219672000,7868000.0,211804000.0,71795000.0,7573000.0,48224000.0,84213000.0
2102002,2014,241659000,8827000.0,232832000.0,67844000.0,9303000.0,57332000.0,98352000.0
2102002,2015,244297000,9255000.0,235042000.0,64034000.0,10289000.0,57721000.0,102998000.0
2102002,2016,278985000,11880000.0,267105000.0,73250000.0,11560000.0,70268000.0,112027000.0
2102002,2017,302628000,10397000.0,292232000.0,73877000.0,10664000.0,73132000.0,134559000.0
2102002,2018,314773000,12450000.0,302322000.0,79916000.0,13311000.0,77249000.0,131847000.0
2102002,2019,317567000,15278000.0,302290000.0,70026000.0,21396000.0,73283000.0,137584000.0
2102002,2020,339522000,12745000.0,326777000.0,92605000.0,10873000.0,76836000.0,146463000.0
2102002,2021,411352000,16971000.0,394381000.0,119422000.0,12709000.0,87879000.0,174371000.0
2102002,2022,502149000,,,,,,
2102002,2023,571101000,,,,,,
2102036,2002,31339000,1586000.0,29754000.0,9756000.0,2180000.0,6592000.0,11226000.0
2102036,2003,40565000,1749000.0,38816000.0,14991000.0,3631000.0,7207000.0,12987000.0
2102036,2004,45004000,1388000.0,43617000.0,18934000.0,1826000.0,7696000.0,15161000.0
2102036,2005,51314000,1477000.0,49837000.0,22554000.0,1839000.0,8630000.0,16814000.0
2102036,2006,56032000,1296000.0,54736000.0,21121000.0,3727000.0,10205000.0,19684000.0
2102036,2007,66693000,1377000.0,65316000.0,25152000.0,2658000.0,12134000.0,25372000.0
2102036,2008,94785000,1594000.0,93191000.0,44579000.0,3830000.0,15532000.0,29251000.0
2102036,2009,100041000,2988000.0,97054000.0,37087000.0,4090000.0,18885000.0,36992000.0
2102036,2010,123547000,3553000.0,119994000.0,48460000.0,4874000.0,23351000.0,43309000.0
2102036,2011,150370000,9754000.0,140616000.0,50797000.0,6439000.0,31574000.0,51807000.0
2102036,2012,178860000,16176000.0,162684000.0,53969000.0,7598000.0,38314000.0,62803000.0
2102036,2013,206777000,18482000.0,188295000.0,60783000.0,15577000.0,39658000.0,72276000.0
2102036,2014,227339000,13045000.0,214294000.0,68557000.0,11741000.0,47035000.0,86961000.0
2102036,2015,234594000,17910000.0,216685000.0,56968000.0,14225000.0,56866000.0,88625000.0
2102036,2016,253730000,15180000.0,238550000.0,69111000.0,10225000.0,64444000.0,94770000.0
2102036,2017,261959000,12798000.0,249161000.0,57013000.0,9821000.0,68592000.0,113735000.0
2102036,2018,289674000,16219000.0,273455000.0,68359000.0,10748000.0,77172000.0,117176000.0
2102036,2019,277738000,17156000.0,260582000.0,51084000.0,9650000.0,74225000.0,125624000.0
2102036,2020,328814000,19477000.0,309337000.0,74732000.0,11057000.0,80902000.0,142646000.0
2102036,2021,375665000,23396000.0,352269000.0,97617000.0,12999000.0,88872000.0,152781000.0
2102036,2022,425064000,,,,,,
2102036,2023,456766000,,,,,,
2102077,2002,17427000,242000.0,17185000.0,7309000.0,857000.0,2324000.0,6694000.0
2102077,2003,21933000,247000.0,21686000.0,9680000.0,764000.0,2697000.0,8545000.0
2102077,2004,24622000,329000.0,24293000.0,10315000.0,629000.0,3613000.0,9735000.0
2102077,2005,25647000,375000.0,25272000.0,10168000.0,557000.0,3866000.0,10682000.0
2102077,2006,29939000,580000.0,29359000.0,11405000.0,1316000.0,4643000.0,11996000.0
2102077,2007,33315000,623000.0,32692000.0,12596000.0,825000.0,5429000.0,13842000.0
2102077,2008,47825000,659000.0,47166000.0,23212000.0,1544000.0,6907000.0,15503000.0
2102077,2009,43085000,673000.0,42411000.0,15329000.0,1632000.0,7276000.0,18174000.0
2102077,2010,46840000,944000.0,45896000.0,16598000.0,1533000.0,6777000.0,20987000.0
2102077,2011,53226000,892000.0,52334000.0,18321000.0,1803000.0,8518000.0,23691000.0
2102077,2012,61182000,1397000.0,59785000.0,17925000.0,2199000.0,10324000.0,29337000.0
2102077,2013,65701000,1480000.0,64221000.0,19993000.0,1801000.0,11535000.0,30891000.0
2102077,2014,73250000,1755000.0,71494000.0,19942000.0,2515000.0,13741000.0,35296000.0
2102077,2015,79867000,2277000.0,77590000.0,21496000.0,2989000.0,14995000.0,38111000.0
2102077,2016,87120000,3037000.0,84083000.0,19047000.0,3050000.0,19078000.0,42907000.0
2102077,2017,85887000,3068000.0,82819000.0,17428000.0,2617000.0,18593000.0,44182000.0
2102077,2018,89704000,3029000.0,86675000.0,16852000.0,2707000.0,19481000.0,47635000.0
2102077,2019,93589000,3550000.0,90039000.0,15943000.0,2603000.0,20112000.0,51380000.0
2102077,2020,102588000,3795000.0,98793000.0,20362000.0,2860000.0,20983000.0,54588000.0
2102077,2021,117960000,4358000.0,113603000.0,27724000.0,2821000.0,23560000.0,59497000.0
2102077,2022,128771000,,,,,,
2102077,2023,149056000,,,,,,
2102101,2002,55488000,1520000.0,53968000.0,18686000.0,3173000.0,15387000.0,16721000.0
2102101,2003,77145000,1920000.0,75225000.0,33108000.0,4396000.0,18803000.0,18918000.0
2102101,2004,74620000,2445000.0,72175000.0,25941000.0,2842000.0,23068000.0,20325000.0
2102101,2005,69811000,2376000.0,67435000.0,20631000.0,2371000.0,21927000.0,22506000.0
2102101,2006,93587000,3124000.0,90463000.0,30503000.0,6566000.0,26758000.0,26636000.0
2102101,2007,95931000,3175000.0,92756000.0,29098000.0,3353000.0,28751000.0,31554000.0
2102101,2008,144337000,3602000.0,140734000.0,62138000.0,6223000.0,35168000.0,37205000.0
2102101,2009,141450000,3899000.0,137551000.0,45069000.0,10549000.0,38634000.0,43299000.0
2102101,2010,134500000,4567000.0,129933000.0,29403000.0,13778000.0,38523000.0,48229000.0
2102101,2011,168753000,6241000.0,162512000.0,44738000.0,14068000.0,49707000.0,53998000.0
2102101,2012,171511000,7250000.0,164261000.0,29850000.0,16597000.0,52958000.0,64856000.0
2102101,2013,219982000,7821000.0,212161000.0,63408000.0,9883000.0,61744000.0,77126000.0
2102101,2014,253370000,9060000.0,244310000.0,62237000.0,19547000.0,74557000.0,87969000.0
2102101,2015,221320000,9418000.0,211902000.0,47462000.0,13044000.0,66267000.0,85129000.0
2102101,2016,226563000,12396000.0,214166000.0,29217000.0,11343000.0,81675000.0,91931000.0
2102101,2017,274024000,13384000.0,260640000.0,60167000.0,11870000.0,86164000.0,102439000.0
2102101,2018,291710000,14124000.0,277586000.0,63627000.0,12558000.0,90726000.0,110674000.0
2102101,2019,254831000,15196000.0,239635000.0,29832000.0,10013000.0,82443000.0,117346000.0
2102101,2020,332917000,15128000.0,317789000.0,73970000.0,11035000.0,90922000.0,141861000.0
2102101,2021,328633000,18394000.0,310239000.0,55276000.0,10623000.0,95250000.0,149089000.0
2102101,2022,386373000,,,,,,
2102101,2023,426439000,,,,,,
2102150,2002,13892000,218000.0,13674000.0,5613000.0,616000.0,2280000.0,5165000.0
2102150,2003,16470000,159000.0,16312000.0,7731000.0,777000.0,2233000.0,5570000.0
2102150,2004,19332000,226000.0,19106000.0,9394000.0,612000.0,2995000.0,6104000.0
2102150,2005,16339000,277000.0,16062000.0,6047000.0,435000.0,2630000.0,6949000.0
2102150,2006,25078000,351000.0,24727000.0,9608000.0,1534000.0,3868000.0,9717000.0
2102150,2007,27466000,445000.0,27021000.0,11210000.0,834000.0,4630000.0,10347000.0
2102150,2008,46672000,469000.0,46202000.0,28017000.0,1839000.0,6364000.0,9983000.0
2102150,2009,32204000,418000.0,31786000.0,13179000.0,1441000.0,5378000.0,11788000.0
2102150,2010,38643000,422000.0,38221000.0,13158000.0,1429000.0,5696000.0,17938000.0
2102150,2011,43509000,690000.0,42820000.0,16807000.0,1890000.0,7596000.0,16526000.0
2102150,2012,38258000,617000.0,37641000.0,15200000.0,1723000.0,6812000.0,13906000.0
2102150,2013,44160000,706000.0,43453000.0,16256000.0,1632000.0,8997000.0,16569000.0
2102150,2014,44315000,917000.0,43398000.0,14772000.0,2084000.0,9657000.0,16884000.0
2102150,2015,52915000,1279000.0,51636000.0,14105000.0,2340000.0,9915000.0,25276000.0
2102150,2016,62470000,1529000.0,60941000.0,14822000.0,2338000.0,13009000.0,30771000.0
2102150,2017,52039000,1585000.0,50454000.0,8462000.0,1772000.0,12060000.0,28160000.0
2102150,2018,56880000,1895000.0,54985000.0,7754000.0,1791000.0,13571000.0,31869000.0
2102150,2019,62743000,2235000.0,60507000.0,7764000.0,1882000.0,13947000.0,36914000.0
2102150,2020,63070000,2349000.0,60721000.0,9870000.0,1732000.0,13433000.0,35686000.0
2102150,2021,71065000,2954000.0,68112000.0,14415000.0,1824000.0,14910000.0,36963000.0
2102150,2022,82005000,,,,,,
2102150,2023,90089000,,,,,,
2102200,2002,34587000,719000.0,33868000.0,10969000.0,1594000.0,6630000.0,14675000.0
2102200,2003,44577000,673000.0,43904000.0,17518000.0,2093000.0,7359000.0,16934000.0
2102200,2004,54590000,774000.0,53816000.0,24645000.0,1715000.0,9611000.0,17845000.0
2102200,2005,52124000,1015000.0,51109000.0,20109000.0,1405000.0,9742000.0,19854000.0
2102200,2006,65731000,1150000.0,64581000.0,25281000.0,4203000.0,11614000.0,23483000.0
2102200,2007,72613000,1552000.0,71062000.0,26526000.0,2203000.0,14584000.0,27749000.0
2102200,2008,146811000,2152000.0,144659000.0,82417000.0,5906000.0,23760000.0,32576000.0
2102200,2009,103945000,2076000.0,101869000.0,39494000.0,4656000.0,21776000.0,35943000.0
2102200,2010,91132000,1711000.0,89421000.0,25484000.0,3745000.0,17898000.0,42294000.0
2102200,2011,126486000,2653000.0,123833000.0,41793000.0,5422000.0,26448000.0,50170000.0
2102200,2012,118908000,3178000.0,115730000.0,25935000.0,5251000.0,27835000.0,56710000.0
2102200,2013,130280000,3126000.0,127154000.0,31204000.0,4754000.0,31616000.0,59581000.0
2102200,2014,154220000,3133000.0,151087000.0,42011000.0,7212000.0,36346000.0,65518000.0
2102200,2015,153571000,4781000.0,148790000.0,29303000.0,7611000.0,38799000.0,73077000.0
2102200,2016,164186000,6266000.0,157920000.0,21089000.0,7103000.0,46967000.0,82761000.0
2102200,2017,187543000,7176000.0,180368000.0,38072000.0,7283000.0,47185000.0,87827000.0
2102200,2018,202129000,7516000.0,194614000.0,37776000.0,7901000.0,52425000.0,96512000.0
2102200,2019,191398000,7865000.0,183532000.0,23785000.0,7623000.0,49891000.0,102233000.0
2102200,2020,238384000,8297000.0,230087000.0,59124000.0,7674000.0,53455000.0,109835000.0
2102200,2021,277919000,10306000.0,267613000.0,47174000.0,9390000.0,64887000.0,146162000.0
2102200,2022,317302000,,,,,,
2102200,2023,332530000,,,,,,
2102309,2002,28830000,853000.0,27977000.0,6809000.0,1270000.0,8996000.0,10901000.0
2102309,2003,34425000,776000.0,33649000.0,10285000.0,1686000.0,9055000.0,12623000.0
2102309,2004,40566000,980000.0,39585000.0,14042000.0,1502000.0,10898000.0,13143000.0
2102309,2005,42508000,1241000.0,41266000.0,11169000.0,1639000.0,12083000.0,16376000.0
2102309,2006,47083000,1379000.0,45704000.0,9408000.0,2947000.0,12873000.0,20475000.0
2102309,2007,47715000,1318000.0,46398000.0,9021000.0,1765000.0,13190000.0,22421000.0
2102309,2008,59078000,1619000.0,57459000.0,12650000.0,2382000.0,15838000.0,26589000.0
2102309,2009,68164000,2157000.0,66007000.0,11327000.0,3214000.0,19885000.0,31581000.0
2102309,2010,70059000,2019000.0,68040000.0,13081000.0,3071000.0,18752000.0,33136000.0
2102309,2011,79162000,2293000.0,76869000.0,14866000.0,3692000.0,20992000.0,37320000.0
2102309,2012,87180000,3105000.0,84075000.0,13762000.0,4351000.0,25331000.0,40630000.0
2102309,2013,97853000,3251000.0,94602000.0,17003000.0,4713000.0,26860000.0,46027000.0
2102309,2014,121819000,3264000.0,118555000.0,22302000.0,11275000.0,30982000.0,53996000.0
2102309,2015,130033000,5184000.0,124848000.0,18780000.0,12721000.0,35074000.0,58272000.0
2102309,2016,152613000,6045000.0,146568000.0,18154000.0,17487000.0,44385000.0,66542000.0
2102309,2017,153791000,6317000.0,147474000.0,21325000.0,14292000.0,44201000.0,67655000.0
2102309,2018,169172000,7701000.0,161470000.0,21726000.0,14285000.0,49778000.0,75681000.0
2102309,2019,172871000,8415000.0,164456000.0,19564000.0,16712000.0,47606000.0,80574000.0
2102309,2020,188993000,7748000.0,181246000.0,32032000.0,15428000.0,46821000.0,86964000.0
2102309,2021,238673000,11249000.0,227423000.0,65192000.0,13037000.0,58060000.0,91134000.0
2102309,2022,302954000,,,,,,
2102309,2023,309327000,,,,,,
2102325,2002,77762000,3171000.0,74591000.0,17821000.0,4236000.0,24602000.0,27933000.0
2102325,2003,96715000,2603000.0,94112000.0,27845000.0,7145000.0,24253000.0,34869000.0
2102325,2004,100963000,2788000.0,98175000.0,25858000.0,4322000.0,28262000.0,39733000.0
2102325,2005,121036000,3948000.0,117088000.0,34806000.0,4808000.0,33776000.0,43698000.0
2102325,2006,149200000,5935000.0,143265000.0,34171000.0,10555000.0,44776000.0,53763000.0
2102325,2007,179645000,8003000.0,171642000.0,40712000.0,10630000.0,57487000.0,62813000.0
2102325,2008,207251000,10327000.0,196924000.0,47073000.0,11610000.0,69373000.0,68867000.0
2102325,2009,224031000,11375000.0,212656000.0,34184000.0,14191000.0,78899000.0,85382000.0
2102325,2010,244982000,10835000.0,234147000.0,49629000.0,15549000.0,75629000.0,93339000.0
2102325,2011,308585000,15039000.0,293546000.0,61820000.0,24835000.0,96564000.0,110327000.0
2102325,2012,345258000,18679000.0,326579000.0,65719000.0,21925000.0,114291000.0,124643000.0
2102325,2013,386281000,20272000.0,366009000.0,74896000.0,22095000.0,128517000.0,140501000.0
2102325,2014,434365000,22966000.0,411399000.0,73632000.0,24518000.0,153426000.0,159822000.0
2102325,2015,473539000,29981000.0,443559000.0,91328000.0,25418000.0,149466000.0,177347000.0
2102325,2016,491265000,30472000.0,460793000.0,64198000.0,25024000.0,171049000.0,200522000.0
2102325,2017,496161000,27686000.0,468475000.0,73681000.0,20640000.0,163776000.0,210378000.0
2102325,2018,560128000,31148000.0,528980000.0,104340000.0,22274000.0,180666000.0,221700000.0
2102325,2019,547038000,31499000.0,515539000.0,99544000.0,20524000.0,168045000.0,227426000.0
2102325,2020,669012000,33603000.0,635409000.0,176971000.0,23040000.0,182235000.0,253164000.0
2102325,2021,748028000,51235000.0,696792000.0,168367000.0,26162000.0,233204000.0,269061000.0
2102325,2022,995134000,,,,,,
2102325,2023,1008378000,,,,,,
2102358,2002,19484000,285000.0,19199000.0,6661000.0,776000.0,3385000.0,8377000.0
2102358,2003,25017000,238000.0,24779000.0,10276000.0,1036000.0,3573000.0,9893000.0
2102358,2004,27894000,311000.0,27583000.0,11262000.0,797000.0,4483000.0,11040000.0
2102358,2005,27875000,360000.0,27515000.0,10392000.0,659000.0,4152000.0,12311000.0
2102358,2006,31243000,379000.0,30864000.0,11301000.0,1499000.0,4550000.0,13514000.0
2102358,2007,32643000,559000.0,32085000.0,12139000.0,1100000.0,5729000.0,13116000.0
2102358,2008,40387000,703000.0,39684000.0,13286000.0,1937000.0,7416000.0,17045000.0
2102358,2009,42453000,546000.0,41907000.0,11379000.0,2744000.0,7727000.0,20057000.0
2102358,2010,44970000,701000.0,44269000.0,13412000.0,1613000.0,7932000.0,21313000.0
2102358,2011,50177000,866000.0,49310000.0,14219000.0,1693000.0,9373000.0,24025000.0
2102358,2012,51500000,920000.0,50580000.0,13914000.0,1747000.0,9446000.0,25474000.0
2102358,2013,64214000,1008000.0,63207000.0,15951000.0,2040000.0,12301000.0,32914000.0
2102358,2014,69985000,1212000.0,68773000.0,16380000.0,2473000.0,14190000.0,35729000.0
2102358,2015,75849000,1643000.0,74206000.0,17370000.0,2903000.0,13999000.0,39935000.0
2102358,2016,91869000,2536000.0,89333000.0,19627000.0,3372000.0,19712000.0,46622000.0
2102358,2017,89418000,2930000.0,86487000.0,18522000.0,2915000.0,19134000.0,45916000.0
2102358,2018,99237000,3046000.0,96191000.0,18206000.0,3141000.0,21375000.0,53469000.0
2102358,2019,95937000,2998000.0,92939000.0,18708000.0,2866000.0,19671000.0,51694000.0
2102358,2020,113849000,3740000.0,110109000.0,25218000.0,2940000.0,22269000.0,59681000.0
2102358,2021,122474000,4409000.0,118065000.0,34610000.0,2955000.0,22250000.0,58250000.0
2102358,2022,139629000,,,,,,
2102358,2023,156524000,,,,,,
2102374,2002,7632000,96000.0,7536000.0,1829000.0,289000.0,1001000.0,4417000.0
2102374,2003,10027000,91000.0,9935000.0,2909000.0,432000.0,1145000.0,5449000.0
2102374,2004,11465000,120000.0,11344000.0,3318000.0,303000.0,1471000.0,6252000.0
2102374,2005,12300000,131000.0,12168000.0,3485000.0,297000.0,1442000.0,6944000.0
2102374,2006,14734000,177000.0,14556000.0,3381000.0,822000.0,1833000.0,8520000.0
2102374,2007,16124000,210000.0,15914000.0,3930000.0,406000.0,2143000.0,9435000.0
2102374,2008,20263000,221000.0,20043000.0,6252000.0,663000.0,2488000.0,10640000.0
2102374,2009,23183000,324000.0,22858000.0,5199000.0,1022000.0,3559000.0,13078000.0
2102374,2010,25260000,419000.0,24840000.0,6386000.0,1077000.0,3888000.0,13490000.0
2102374,2011,29894000,500000.0,29394000.0,7393000.0,1290000.0,5111000.0,15600000.0
2102374,2012,32748000,550000.0,32197000.0,8234000.0,1422000.0,5414000.0,17127000.0
2102374,2013,37388000,509000.0,36879000.0,10763000.0,1269000.0,6715000.0,18133000.0
2102374,2014,46185000,557000.0,45627000.0,13783000.0,2117000.0,7961000.0,21766000.0
2102374,2015,49531000,772000.0,48759000.0,12597000.0,2451000.0,8296000.0,25415000.0
2102374,2016,56397000,1117000.0,55280000.0,12080000.0,2523000.0,10833000.0,29844000.0
2102374,2017,56990000,1114000.0,55876000.0,10961000.0,1949000.0,10433000.0,32533000.0
2102374,2018,55037000,1381000.0,53656000.0,8712000.0,1730000.0,10667000.0,32548000.0
2102374,2019,55800000,1302000.0,54499000.0,5987000.0,1672000.0,10639000.0,36200000.0
2102374,2020,56927000,1333000.0,55594000.0,6267000.0,1479000.0,10308000.0,37540000.0
2102374,2021,60974000,1359000.0,59615000.0,7274000.0,1578000.0,10891000.0,39872000.0
2102374,2022,75802000,,,,,,
2102374,2023,85043000,,,,,,
2102408,2002,10928000,242000.0,10687000.0,1678000.0,433000.0,2578000.0,5998000.0
2102408,2003,12167000,282000.0,11885000.0,2076000.0,492000.0,2067000.0,7249000.0
2102408,2004,13637000,276000.0,13361000.0,2826000.0,419000.0,2538000.0,7579000.0
2102408,2005,14989000,380000.0,14610000.0,2796000.0,389000.0,2595000.0,8829000.0
2102408,2006,17481000,497000.0,16984000.0,3095000.0,875000.0,3037000.0,9977000.0
2102408,2007,17774000,424000.0,17350000.0,3811000.0,554000.0,3152000.0,9834000.0
2102408,2008,17527000,357000.0,17170000.0,4638000.0,586000.0,2907000.0,9039000.0
2102408,2009,22941000,508000.0,22433000.0,2995000.0,906000.0,3873000.0,14659000.0
2102408,2010,27959000,641000.0,27317000.0,4352000.0,1063000.0,4759000.0,17143000.0
2102408,2011,34073000,1674000.0,32399000.0,5324000.0,1324000.0,5986000.0,19765000.0
2102408,2012,35275000,1643000.0,33632000.0,5712000.0,1414000.0,6211000.0,20296000.0
2102408,2013,39246000,653000.0,38593000.0,7488000.0,1324000.0,7204000.0,22576000.0
2102408,2014,40994000,807000.0,40187000.0,6839000.0,1642000.0,8219000.0,23487000.0
2102408,2015,43933000,967000.0,42966000.0,6113000.0,1991000.0,8011000.0,26851000.0
2102408,2016,51030000,1151000.0,49879000.0,7544000.0,2899000.0,10149000.0,29287000.0
2102408,2017,53269000,1291000.0,51978000.0,6834000.0,1961000.0,10129000.0,33054000.0
2102408,2018,55239000,1403000.0,53836000.0,6809000.0,1958000.0,10785000.0,34283000.0
2102408,2019,59442000,1596000.0,57845000.0,6109000.0,2121000.0,11688000.0,37927000.0
2102408,2020,62942000,1772000.0,61170000.0,6655000.0,1969000.0,11943000.0,40603000.0
2102408,2021,70653000,2095000.0,68557000.0,8164000.0,2094000.0,12652000.0,45648000.0
2102408,2022,73805000,,,,,,
2102408,2023,81775000,,,,,,
2102507,2002,17258000,262000.0,16996000.0,6195000.0,507000.0,2337000.0,7957000.0
2102507,2003,20408000,250000.0,20158000.0,8697000.0,566000.0,2203000.0,8693000.0
2102507,2004,23479000,304000.0,23175000.0,9658000.0,490000.0,3071000.0,9956000.0
2102507,2005,24835000,370000.0,24466000.0,9548000.0,517000.0,3685000.0,10716000.0
2102507,2006,27514000,440000.0,27074000.0,9033000.0,1235000.0,4665000.0,12140000.0
2102507,2007,31899000,481000.0,31418000.0,11238000.0,729000.0,5070000.0,14382000.0
2102507,2008,37242000,535000.0,36707000.0,13326000.0,1010000.0,5665000.0,16705000.0
2102507,2009,41327000,667000.0,40661000.0,11163000.0,1374000.0,6737000.0,21387000.0
2102507,2010,51233000,746000.0,50487000.0,13931000.0,1496000.0,7411000.0,27649000.0
2102507,2011,64956000,1086000.0,63870000.0,18447000.0,1918000.0,10503000.0,33001000.0
2102507,2012,70557000,1214000.0,69342000.0,18418000.0,2249000.0,11437000.0,37239000.0
2102507,2013,76248000,1047000.0,75201000.0,21816000.0,2018000.0,12500000.0,38866000.0
2102507,2014,83745000,1103000.0,82642000.0,22234000.0,2589000.0,14214000.0,43605000.0
2102507,2015,89360000,1401000.0,87959000.0,21242000.0,3135000.0,13697000.0,49885000.0
2102507,2016,98377000,2295000.0,96082000.0,20467000.0,3054000.0,17347000.0,55214000.0
2102507,2017,98950000,2281000.0,96669000.0,20475000.0,2648000.0,17167000.0,56379000.0
2102507,2018,103119000,2315000.0,100804000.0,19936000.0,2646000.0,18596000.0,59626000.0
2102507,2019,109247000,2334000.0,106913000.0,18088000.0,2742000.0,19354000.0,66729000.0
2102507,2020,112658000,2484000.0,110174000.0,21064000.0,2474000.0,18733000.0,67903000.0
2102507,2021,128078000,3110000.0,124968000.0,24326000.0,2789000.0,20713000.0,77141000.0
2102507,2022,134712000,,,,,,
2102507,2023,155103000,,,,,,
2102556,2002,26695000,665000.0,26030000.0,12295000.0,1665000.0,5293000.0,6778000.0
2102556,2003,29523000,614000.0,28910000.0,12642000.0,2071000.0,5704000.0,8493000.0
2102556,2004,31357000,1015000.0,30342000.0,11857000.0,2361000.0,7395000.0,8728000.0
2102556,2005,47966000,4225000.0,43741000.0,12459000.0,6057000.0,14655000.0,10569000.0
2102556,2006,48272000,3170000.0,45102000.0,13073000.0,7848000.0,11869000.0,12312000.0
2102556,2007,47647000,3429000.0,44219000.0,13680000.0,5317000.0,12423000.0,12799000.0
2102556,2008,54408000,3128000.0,51280000.0,15222000.0,4159000.0,14558000.0,17341000.0
2102556,2009,53080000,3247000.0,49833000.0,11303000.0,4910000.0,14424000.0,19196000.0
2102556,2010,57290000,2933000.0,54357000.0,14428000.0,3710000.0,14127000.0,22092000.0
2102556,2011,61207000,3029000.0,58178000.0,13507000.0,4486000.0,15563000.0,24622000.0
2102556,2012,67745000,4543000.0,63202000.0,11996000.0,6211000.0,18251000.0,26745000.0
2102556,2013,78196000,4587000.0,73610000.0,15957000.0,6461000.0,20372000.0,30819000.0
2102556,2014,100174000,2966000.0,97209000.0,32786000.0,5943000.0,23798000.0,34681000.0
2102556,2015,133814000,4930000.0,128884000.0,53051000.0,8779000.0,28981000.0,38073000.0
2102556,2016,148854000,7501000.0,141353000.0,50769000.0,11325000.0,36719000.0,42541000.0
2102556,2017,173647000,8512000.0,165135000.0,68338000.0,11183000.0,39096000.0,46517000.0
2102556,2018,165206000,7748000.0,157458000.0,60781000.0,8264000.0,40500000.0,47914000.0
2102556,2019,197437000,13667000.0,183770000.0,68274000.0,22973000.0,44100000.0,48423000.0
2102556,2020,191753000,12898000.0,178855000.0,66887000.0,16537000.0,44170000.0,51260000.0
2102556,2021,214011000,18042000.0,195969000.0,74812000.0,6280000.0,53300000.0,61577000.0
2102556,2022,279970000,,,,,,
2102556,2023,303257000,,,,,,
2102606,2002,22468000,299000.0,22169000.0,8151000.0,1020000.0,3067000.0,9931000.0
2102606,2003,27694000,239000.0,27455000.0,11063000.0,1246000.0,3088000.0,12059000.0
2102606,2004,31543000,324000.0,31219000.0,11920000.0,992000.0,4166000.0,14142000.0
2102606,2005,34110000,427000.0,33683000.0,10697000.0,900000.0,4641000.0,17445000.0
2102606,2006,36719000,645000.0,36075000.0,10072000.0,1841000.0,5938000.0,18224000.0
2102606,2007,39524000,998000.0,38526000.0,8241000.0,1068000.0,8221000.0,20998000.0
2102606,2008,52556000,1271000.0,51286000.0,14567000.0,1795000.0,10775000.0,24149000.0
2102606,2009,49693000,1525000.0,48168000.0,6075000.0,2120000.0,13080000.0,26893000.0
2102606,2010,61637000,1801000.0,59835000.0,15533000.0,2462000.0,15030000.0,26810000.0
2102606,2011,65530000,1892000.0,63638000.0,15308000.0,2673000.0,15506000.0,30151000.0
2102606,2012,72530000,2219000.0,70311000.0,14797000.0,3493000.0,17987000.0,34035000.0
2102606,2013,87383000,2267000.0,85116000.0,20202000.0,2922000.0,20445000.0,41547000.0
2102606,2014,101963000,2581000.0,99381000.0,18850000.0,4282000.0,24566000.0,51683000.0
2102606,2015,103628000,3177000.0,100451000.0,16180000.0,4818000.0,23867000.0,55586000.0
2102606,2016,125762000,4484000.0,121278000.0,17824000.0,5184000.0,33179000.0,65092000.0
2102606,2017,121929000,4904000.0,117025000.0,16843000.0,4306000.0,32492000.0,63385000.0
2102606,2018,129672000,5212000.0,124460000.0,13590000.0,4724000.0,35120000.0,71026000.0
2102606,2019,135409000,5661000.0,129748000.0,12510000.0,7524000.0,34495000.0,75219000.0
2102606,2020,142327000,5816000.0,136510000.0,14036000.0,8937000.0,35445000.0,78093000.0
2102606,2021,146788000,7286000.0,139502000.0,16027000.0,7212000.0,37004000.0,79259000.0
2102606,2022,177499000,,,,,,
2102606,2023,204526000,,,,,,
2102705,2002,21284000,538000.0,20746000.0,2811000.0,1478000.0,5104000.0,11354000.0
2102705,2003,24595000,515000.0,24080000.0,4301000.0,1516000.0,5637000.0,12626000.0
2102705,2004,29770000,783000.0,28986000.0,5484000.0,1526000.0,7491000.0,14485000.0
2102705,2005,35161000,1122000.0,34039000.0,7012000.0,1682000.0,8823000.0,16522000.0
2102705,2006,39844000,1263000.0,38580000.0,7380000.0,3666000.0,9806000.0,17728000.0
2102705,2007,41194000,1329000.0,39865000.0,6217000.0,1678000.0,10999000.0,20970000.0
2102705,2008,49456000,1379000.0,48077000.0,9756000.0,2621000.0,12352000.0,23347000.0
2102705,2009,56337000,1917000.0,54419000.0,6340000.0,3948000.0,15693000.0,28439000.0
2102705,2010,62812000,1729000.0,61083000.0,9708000.0,3905000.0,13812000.0,33659000.0
2102705,2011,76988000,2830000.0,74158000.0,10663000.0,5907000.0,18722000.0,38866000.0
2102705,2012,81370000,2740000.0,78630000.0,9503000.0,6032000.0,19905000.0,43190000.0
2102705,2013,84009000,2687000.0,81322000.0,7793000.0,4844000.0,21887000.0,46798000.0
2102705,2014,100487000,2928000.0,97559000.0,12936000.0,6075000.0,26130000.0,52418000.0
2102705,2015,109901000,4071000.0,105831000.0,11769000.0,7881000.0,28520000.0,57660000.0
2102705,2016,121757000,4908000.0,116848000.0,10549000.0,8081000.0,34694000.0,63525000.0
2102705,2017,120066000,5304000.0,114763000.0,9498000.0,6804000.0,33472000.0,64989000.0
2102705,2018,124232000,5478000.0,118754000.0,8541000.0,6627000.0,34757000.0,68827000.0
2102705,2019,130391000,6247000.0,124145000.0,5801000.0,6505000.0,36073000.0,75766000.0
2102705,2020,136097000,6285000.0,129812000.0,6818000.0,6319000.0,36968000.0,79708000.0
2102705,2021,153398000,7431000.0,145967000.0,8272000.0,6846000.0,41934000.0,88915000.0
2102705,2022,189289000,,,,,,
2102705,2023,233273000,,,,,,
2102754,2002,15115000,305000.0,14810000.0,5246000.0,642000.0,3086000.0,5836000.0
2102754,2003,19473000,290000.0,19182000.0,7496000.0,823000.0,3530000.0,7333000.0
2102754,2004,22824000,417000.0,22406000.0,7539000.0,1930000.0,4491000.0,8447000.0
2102754,2005,26711000,670000.0,26040000.0,8023000.0,2169000.0,5637000.0,10211000.0
2102754,2006,29730000,726000.0,29003000.0,7931000.0,3338000.0,5667000.0,12068000.0
2102754,2007,30344000,771000.0,29573000.0,8890000.0,1002000.0,6353000.0,13329000.0
2102754,2008,33318000,594000.0,32724000.0,10098000.0,1022000.0,6245000.0,15359000.0
2102754,2009,40578000,922000.0,39656000.0,12046000.0,1528000.0,8686000.0,17397000.0
2102754,2010,49600000,1813000.0,47787000.0,15532000.0,1755000.0,10783000.0,19717000.0
2102754,2011,56048000,2838000.0,53210000.0,16641000.0,2136000.0,12231000.0,22202000.0
2102754,2012,57777000,2593000.0,55184000.0,14647000.0,2287000.0,13755000.0,24494000.0
2102754,2013,63005000,2732000.0,60273000.0,17827000.0,2261000.0,16579000.0,23607000.0
2102754,2014,79946000,3770000.0,76176000.0,20636000.0,3613000.0,21662000.0,30265000.0
2102754,2015,82744000,6271000.0,76472000.0,18174000.0,5336000.0,21044000.0,31918000.0
2102754,2016,111711000,6203000.0,105509000.0,19835000.0,21762000.0,29621000.0,34290000.0
2102754,2017,131076000,5447000.0,125629000.0,19862000.0,31031000.0,31686000.0,43050000.0
2102754,2018,143555000,5885000.0,137670000.0,18782000.0,29439000.0,37614000.0,51835000.0
2102754,2019,165605000,5378000.0,160227000.0,14612000.0,52418000.0,38263000.0,54933000.0
2102754,2020,188416000,5340000.0,183076000.0,14786000.0,71492000.0,37657000.0,59142000.0
2102754,2021,283976000,6793000.0,277182000.0,16155000.0,143555000.0,54422000.0,63051000.0
2102754,2022,310504000,,,,,,
2102754,2023,215754000,,,,,,
2102804,2002,57611000,6354000.0,51257000.0,12833000.0,3300000.0,21432000.0,13692000.0
2102804,2003,69470000,7207000.0,62262000.0,17256000.0,4975000.0,24264000.0,15767000.0
2102804,2004,78162000,7599000.0,70563000.0,21414000.0,3858000.0,29374000.0,15917000.0
2102804,2005,88506000,7498000.0,81008000.0,23267000.0,4587000.0,34747000.0,18407000.0
2102804,2006,85498000,8440000.0,77058000.0,16196000.0,6777000.0,33412000.0,20674000.0
2102804,2007,96012000,12534000.0,83478000.0,19292000.0,5127000.0,36064000.0,22994000.0
2102804,2008,139901000,15234000.0,124667000.0,36399000.0,11172000.0,48617000.0,28480000.0
2102804,2009,148381000,15736000.0,132646000.0,32538000.0,11737000.0,54397000.0,33974000.0
2102804,2010,144282000,18440000.0,125842000.0,31214000.0,10154000.0,48463000.0,36010000.0
2102804,2011,148504000,19561000.0,128943000.0,31003000.0,8227000.0,50299000.0,39414000.0
2102804,2012,193846000,10739000.0,183107000.0,67849000.0,12063000.0,58077000.0,45118000.0
2102804,2013,230350000,8991000.0,221359000.0,93432000.0,9939000.0,64683000.0,53305000.0
2102804,2014,259590000,11501000.0,248088000.0,93055000.0,16698000.0,74690000.0,63646000.0
2102804,2015,285178000,13494000.0,271684000.0,96954000.0,18280000.0,87186000.0,69264000.0
2102804,2016,242848000,15017000.0,227830000.0,44640000.0,12001000.0,94226000.0,76964000.0
2102804,2017,308131000,17295000.0,290836000.0,96216000.0,13346000.0,100603000.0,80672000.0
2102804,2018,322563000,18551000.0,304012000.0,100518000.0,13990000.0,108943000.0,80561000.0
2102804,2019,352797000,23241000.0,329556000.0,109176000.0,14387000.0,117381000.0,88611000.0
2102804,2020,493586000,27101000.0,466485000.0,217446000.0,15864000.0,138289000.0,94886000.0
2102804,2021,525893000,26085000.0,499808000.0,244756000.0,16536000.0,135358000.0,103158000.0
2102804,2022,652288000,,,,,,
2102804,2023,595614000,,,,,,
2102903,2002,25060000,851000.0,24209000.0,4991000.0,2992000.0,5225000.0,11001000.0
2102903,2003,29421000,680000.0,28741000.0,6460000.0,2779000.0,5813000.0,13689000.0
2102903,2004,32553000,698000.0,31855000.0,6898000.0,1917000.0,7246000.0,15795000.0
2102903,2005,33916000,904000.0,33012000.0,7132000.0,1651000.0,7705000.0,16524000.0
2102903,2006,41393000,1364000.0,40029000.0,7454000.0,2519000.0,10137000.0,19919000.0
2102903,2007,46371000,1687000.0,44684000.0,7900000.0,1721000.0,12108000.0,22956000.0
2102903,2008,55539000,2140000.0,53399000.0,9502000.0,2246000.0,14977000.0,26674000.0
2102903,2009,69188000,3110000.0,66078000.0,8770000.0,3562000.0,19335000.0,34410000.0
2102903,2010,76066000,3094000.0,72971000.0,10346000.0,3624000.0,20286000.0,38716000.0
2102903,2011,90337000,3881000.0,86455000.0,13878000.0,4165000.0,25160000.0,43252000.0
2102903,2012,107454000,5036000.0,102418000.0,18788000.0,5084000.0,32505000.0,46040000.0
2102903,2013,128702000,5405000.0,123298000.0,29180000.0,4798000.0,35992000.0,53327000.0
2102903,2014,138625000,5192000.0,133433000.0,25010000.0,6350000.0,41687000.0,60386000.0
2102903,2015,144879000,6125000.0,138753000.0,24330000.0,7126000.0,42270000.0,65027000.0
2102903,2016,166659000,7620000.0,159039000.0,26164000.0,7136000.0,52312000.0,73427000.0
2102903,2017,155306000,7843000.0,147463000.0,24071000.0,6499000.0,49380000.0,67512000.0
2102903,2018,165981000,8622000.0,157359000.0,22297000.0,7396000.0,52341000.0,75325000.0
2102903,2019,166572000,9722000.0,156850000.0,19531000.0,8475000.0,50681000.0,78163000.0
2102903,2020,178216000,9734000.0,168482000.0,22333000.0,7273000.0,52766000.0,86109000.0
2102903,2021,201999000,12337000.0,189662000.0,25672000.0,7577000.0,60286000.0,96128000.0
2102903,2022,235574000,,,,,,
2102903,2023,246447000,,,,,,
2103000,2002,375091000,30818000.0,344273000.0,12386000.0,101796000.0,139021000.0,91070000.0
2103000,2003,474065000,54222000.0,419843000.0,21289000.0,126758000.0,167113000.0,104682000.0
2103000,2004,680492000,81434000.0,599058000.0,24988000.0,245336000.0,213788000.0,114946000.0
2103000,2005,737129000,91917000.0,645212000.0,18631000.0,237990000.0,254911000.0,133679000.0
2103000,2006,962100000,118921000.0,843179000.0,16133000.0,400291000.0,282759000.0,143995000.0
2103000,2007,939362000,156282000.0,783081000.0,19361000.0,297003000.0,297468000.0,169249000.0
2103000,2008,907407000,122061000.0,785345000.0,25171000.0,212848000.0,350725000.0,196602000.0
2103000,2009,1008316000,131629000.0,876686000.0,26519000.0,170266000.0,441036000.0,238865000.0
2103000,2010,1025086000,102945000.0,922140000.0,33556000.0,152317000.0,472860000.0,263407000.0
2103000,2011,1087396000,120083000.0,967314000.0,31852000.0,139429000.0,500321000.0,295712000.0
2103000,2012,1259750000,135679000.0,1124071000.0,28183000.0,189376000.0,564374000.0,342138000.0
2103000,2013,1324810000,134735000.0,1190075000.0,30828000.0,174384000.0,611997000.0,372866000.0
2103000,2014,1419668000,123048000.0,1296620000.0,46560000.0,143088000.0,696516000.0,410456000.0
2103000,2015,1451640000,131008000.0,1320632000.0,49956000.0,174730000.0,659477000.0,436468000.0
2103000,2016,1669413000,158315000.0,1511099000.0,38380000.0,172263000.0,792388000.0,508068000.0
2103000,2017,1708947000,170600000.0,1538347000.0,67054000.0,170257000.0,796427000.0,504608000.0
2103000,2018,1810191000,176680000.0,1633511000.0,43263000.0,219933000.0,823054000.0,547261000.0
2103000,2019,1810975000,210761000.0,1600215000.0,47693000.0,176699000.0,794150000.0,581673000.0
2103000,2020,1910632000,211323000.0,1699309000.0,60631000.0,215913000.0,805604000.0,617161000.0
2103000,2021,2112638000,224968000.0,1887670000.0,86629000.0,189677000.0,925842000.0,685522000.0
2103000,2022,2440068000,,,,,,
2103000,2023,2696021000,,,,,,
2103109,2002,11208000,273000.0,10934000.0,2389000.0,440000.0,2537000.0,5569000.0
2103109,2003,12996000,192000.0,12804000.0,3327000.0,466000.0,2515000.0,6495000.0
2103109,2004,14524000,256000.0,14269000.0,3618000.0,487000.0,2976000.0,7188000.0
2103109,2005,16230000,293000.0,15937000.0,4050000.0,484000.0,3212000.0,8191000.0
2103109,2006,19227000,359000.0,18869000.0,4131000.0,971000.0,3784000.0,9983000.0
2103109,2007,19091000,417000.0,18674000.0,4525000.0,647000.0,3977000.0,9525000.0
2103109,2008,22954000,480000.0,22474000.0,5374000.0,836000.0,4703000.0,11561000.0
2103109,2009,26933000,578000.0,26355000.0,6053000.0,1123000.0,5511000.0,13667000.0
2103109,2010,29268000,706000.0,28563000.0,6050000.0,1116000.0,5987000.0,15410000.0
2103109,2011,35342000,791000.0,34550000.0,9260000.0,1284000.0,6956000.0,17050000.0
2103109,2012,41841000,1120000.0,40721000.0,10646000.0,1531000.0,7912000.0,20632000.0
2103109,2013,47178000,645000.0,46533000.0,13922000.0,1310000.0,8797000.0,22505000.0
2103109,2014,53501000,821000.0,52679000.0,14259000.0,1835000.0,10373000.0,26212000.0
2103109,2015,54388000,1300000.0,53088000.0,14132000.0,2082000.0,10304000.0,26571000.0
2103109,2016,57317000,1498000.0,55819000.0,13566000.0,1953000.0,11886000.0,28414000.0
2103109,2017,63704000,1759000.0,61945000.0,13457000.0,2079000.0,13003000.0,33407000.0
2103109,2018,67404000,2251000.0,65153000.0,12887000.0,2152000.0,14220000.0,35894000.0
2103109,2019,68655000,1975000.0,66680000.0,12711000.0,2263000.0,13871000.0,37835000.0
2103109,2020,71788000,2193000.0,69595000.0,14249000.0,2117000.0,14111000.0,39118000.0
2103109,2021,78583000,2564000.0,76019000.0,14621000.0,2245000.0,15512000.0,43640000.0
2103109,2022,84024000,,,,,,
2103109,2023,86165000,,,,,,
2103125,2002,7346000,146000.0,7200000.0,1126000.0,385000.0,1278000.0,4411000.0
2103125,2003,8590000,130000.0,8459000.0,1513000.0,383000.0,1296000.0,5268000.0
2103125,2004,10207000,172000.0,10035000.0,1855000.0,412000.0,1734000.0,6034000.0
2103125,2005,11944000,266000.0,11678000.0,1847000.0,334000.0,1981000.0,7516000.0
2103125,2006,15032000,366000.0,14666000.0,1807000.0,843000.0,2754000.0,9263000.0
2103125,2007,16801000,434000.0,16367000.0,2386000.0,489000.0,3065000.0,10427000.0
2103125,2008,17907000,441000.0,17466000.0,3435000.0,608000.0,3013000.0,10410000.0
2103125,2009,21089000,449000.0,20640000.0,3161000.0,935000.0,3678000.0,12866000.0
2103125,2010,21147000,562000.0,20586000.0,3238000.0,863000.0,3834000.0,12651000.0
2103125,2011,25404000,605000.0,24799000.0,3950000.0,1051000.0,4846000.0,14953000.0
2103125,2012,26780000,703000.0,26076000.0,4015000.0,1124000.0,5117000.0,15820000.0
2103125,2013,31287000,675000.0,30612000.0,4807000.0,1120000.0,6539000.0,18145000.0
2103125,2014,35450000,669000.0,34781000.0,5000000.0,1719000.0,7432000.0,20630000.0
2103125,2015,36429000,847000.0,35583000.0,4799000.0,1947000.0,6787000.0,22048000.0
2103125,2016,43625000,1120000.0,42505000.0,5196000.0,1742000.0,9032000.0,26534000.0
2103125,2017,43714000,1247000.0,42468000.0,4803000.0,1663000.0,9365000.0,26637000.0
2103125,2018,48115000,1932000.0,46183000.0,3935000.0,1668000.0,12270000.0,28310000.0
2103125,2019,46821000,1971000.0,44850000.0,3576000.0,1518000.0,11176000.0,28580000.0
2103125,2020,47013000,2083000.0,44930000.0,3947000.0,1451000.0,10621000.0,28910000.0
2103125,2021,58347000,2948000.0,55398000.0,4534000.0,1737000.0,12233000.0,36894000.0
2103125,2022,68882000,,,,,,
2103125,2023,69154000,,,,,,
2103158,2002,10325000,168000.0,10156000.0,4139000.0,427000.0,1482000.0,4109000.0
2103158,2003,13492000,155000.0,13337000.0,6467000.0,554000.0,1538000.0,4778000.0
2103158,2004,14629000,187000.0,14442000.0,6770000.0,373000.0,1997000.0,5303000.0
2103158,2005,15463000,261000.0,15202000.0,6841000.0,316000.0,1927000.0,6119000.0
2103158,2006,17676000,333000.0,17343000.0,6445000.0,893000.0,2685000.0,7320000.0
2103158,2007,20854000,405000.0,20449000.0,7733000.0,1025000.0,3621000.0,8070000.0
2103158,2008,24583000,400000.0,24183000.0,10223000.0,884000.0,3972000.0,9104000.0
2103158,2009,25069000,420000.0,24648000.0,8730000.0,927000.0,5008000.0,9983000.0
2103158,2010,34139000,573000.0,33566000.0,10673000.0,1020000.0,5683000.0,16190000.0
2103158,2011,42291000,1305000.0,40986000.0,11477000.0,1391000.0,9569000.0,18548000.0
2103158,2012,49248000,1675000.0,47573000.0,12018000.0,1694000.0,11112000.0,22750000.0
2103158,2013,55391000,1605000.0,53787000.0,17014000.0,1625000.0,10949000.0,24199000.0
2103158,2014,61620000,1811000.0,59809000.0,17014000.0,2004000.0,13078000.0,27713000.0
2103158,2015,62216000,1891000.0,60325000.0,14947000.0,2224000.0,12397000.0,30756000.0
2103158,2016,70008000,2580000.0,67427000.0,15218000.0,2224000.0,16213000.0,33773000.0
2103158,2017,71079000,2640000.0,68439000.0,13685000.0,1975000.0,15462000.0,37317000.0
2103158,2018,80630000,3167000.0,77463000.0,11858000.0,2280000.0,19047000.0,44278000.0
2103158,2019,86071000,3767000.0,82305000.0,11769000.0,2405000.0,19357000.0,48773000.0
2103158,2020,86633000,3824000.0,82809000.0,13075000.0,2084000.0,19413000.0,48237000.0
2103158,2021,103737000,5146000.0,98591000.0,16947000.0,2424000.0,23142000.0,56078000.0
2103158,2022,126887000,,,,,,
2103158,2023,137520000,,,,,,
2103174,2002,17087000,281000.0,16806000.0,4667000.0,872000.0,2082000.0,9186000.0
2103174,2003,24733000,373000.0,24360000.0,9554000.0,1304000.0,2560000.0,10943000.0
2103174,2004,29310000,681000.0,28629000.0,8896000.0,3248000.0,4121000.0,12364000.0
2103174,2005,31141000,515000.0,30626000.0,10916000.0,1428000.0,3636000.0,14646000.0
2103174,2006,37049000,614000.0,36434000.0,11356000.0,3556000.0,4377000.0,17146000.0
2103174,2007,47040000,1527000.0,45513000.0,10166000.0,8397000.0,6245000.0,20705000.0
2103174,2008,53082000,1701000.0,51382000.0,13957000.0,10365000.0,6587000.0,20473000.0
2103174,2009,54136000,1467000.0,52669000.0,12819000.0,7242000.0,9667000.0,22940000.0
2103174,2010,62407000,1384000.0,61023000.0,12033000.0,10127000.0,9245000.0,29618000.0
2103174,2011,85312000,2902000.0,82410000.0,18008000.0,13497000.0,15042000.0,35863000.0
2103174,2012,94072000,2841000.0,91231000.0,20097000.0,14145000.0,17406000.0,39583000.0
2103174,2013,98971000,2023000.0,96948000.0,28783000.0,8348000.0,16927000.0,42891000.0
2103174,2014,111449000,3173000.0,108275000.0,29676000.0,4504000.0,22213000.0,51882000.0
2103174,2015,117381000,4222000.0,113159000.0,29519000.0,4729000.0,22172000.0,56739000.0
2103174,2016,141450000,5927000.0,135523000.0,32849000.0,4669000.0,35871000.0,62134000.0
2103174,2017,140870000,5012000.0,135858000.0,30570000.0,4204000.0,30479000.0,70605000.0
2103174,2018,146351000,5968000.0,140383000.0,27507000.0,4526000.0,33928000.0,74422000.0
2103174,2019,137811000,6505000.0,131307000.0,25144000.0,3980000.0,31450000.0,70733000.0
2103174,2020,154499000,6681000.0,147818000.0,31288000.0,3805000.0,34494000.0,78231000.0
2103174,2021,200757000,9338000.0,191419000.0,43306000.0,4556000.0,44127000.0,99431000.0
2103174,2022,213798000,,,,,,
2103174,2023,236610000,,,,,,
2103208,2002,114432000,6995000.0,107437000.0,15000000.0,6315000.0,49965000.0,36157000.0
2103208,2003,149033000,7538000.0,141495000.0,28897000.0,9026000.0,60364000.0,43208000.0
2103208,2004,148240000,5970000.0,142271000.0,30138000.0,6217000.0,57683000.0,48233000.0
2103208,2005,165593000,7383000.0,158209000.0,26334000.0,7256000.0,68087000.0,56532000.0
2103208,2006,195564000,8762000.0,186801000.0,30111000.0,16454000.0,74475000.0,65762000.0
2103208,2007,212530000,10761000.0,201769000.0,30601000.0,9037000.0,87918000.0,74212000.0
2103208,2008,282775000,15050000.0,267725000.0,49124000.0,13984000.0,115084000.0,89533000.0
2103208,2009,305114000,16849000.0,288265000.0,29807000.0,23514000.0,132708000.0,102235000.0
2103208,2010,331086000,18562000.0,312524000.0,30513000.0,21609000.0,135231000.0,125171000.0
2103208,2011,386263000,24660000.0,361603000.0,44428000.0,26414000.0,159624000.0,131137000.0
2103208,2012,411769000,25936000.0,385834000.0,33594000.0,26845000.0,173548000.0,151847000.0
2103208,2013,462806000,29523000.0,433284000.0,38306000.0,25190000.0,201855000.0,167933000.0
2103208,2014,560481000,35579000.0,524902000.0,46949000.0,36723000.0,253658000.0,187571000.0
2103208,2015,551380000,41011000.0,510368000.0,33597000.0,33973000.0,251186000.0,191612000.0
2103208,2016,656552000,46916000.0,609636000.0,33769000.0,37068000.0,308226000.0,230573000.0
2103208,2017,655648000,51982000.0,603666000.0,39515000.0,32932000.0,312105000.0,219114000.0
2103208,2018,710341000,58803000.0,651538000.0,34037000.0,34899000.0,340078000.0,242524000.0
2103208,2019,736826000,73704000.0,663122000.0,24881000.0,34633000.0,347975000.0,255634000.0
2103208,2020,793067000,74027000.0,719040000.0,40515000.0,35759000.0,364890000.0,277877000.0
2103208,2021,894366000,85663000.0,808703000.0,37813000.0,37517000.0,405331000.0,328042000.0
2103208,2022,1042456000,,,,,,
2103208,2023,1130462000,,,,,,
2103257,2002,22985000,768000.0,22217000.0,8319000.0,912000.0,5612000.0,7374000.0
2103257,2003,30449000,772000.0,29677000.0,13185000.0,1764000.0,6196000.0,8532000.0
2103257,2004,34474000,1002000.0,33471000.0,14733000.0,1409000.0,7927000.0,9403000.0
2103257,2005,40567000,1750000.0,38817000.0,15198000.0,2099000.0,10817000.0,10703000.0
2103257,2006,47249000,2812000.0,44436000.0,16012000.0,2906000.0,12645000.0,12874000.0
2103257,2007,49666000,3082000.0,46584000.0,17081000.0,1480000.0,14608000.0,13415000.0
2103257,2008,61426000,3104000.0,58322000.0,19934000.0,5240000.0,17371000.0,15778000.0
2103257,2009,62414000,3101000.0,59313000.0,17942000.0,4699000.0,17044000.0,19629000.0
2103257,2010,68517000,3240000.0,65278000.0,20715000.0,6861000.0,15858000.0,21843000.0
2103257,2011,74779000,3430000.0,71348000.0,21739000.0,3792000.0,19897000.0,25921000.0
2103257,2012,92215000,4047000.0,88168000.0,21124000.0,4281000.0,25722000.0,37042000.0
2103257,2013,98141000,5498000.0,92643000.0,25731000.0,5596000.0,27335000.0,33982000.0
2103257,2014,127598000,10085000.0,117513000.0,32911000.0,17296000.0,30906000.0,36400000.0
2103257,2015,129559000,5830000.0,123729000.0,36519000.0,18468000.0,30042000.0,38700000.0
2103257,2016,134004000,8133000.0,125871000.0,36327000.0,6420000.0,36520000.0,46603000.0
2103257,2017,128191000,7066000.0,121126000.0,33364000.0,5200000.0,33189000.0,49372000.0
2103257,2018,130210000,9151000.0,121059000.0,30362000.0,5221000.0,33942000.0,51534000.0
2103257,2019,144682000,8520000.0,136162000.0,39606000.0,6161000.0,34756000.0,55639000.0
2103257,2020,174979000,8022000.0,166957000.0,62401000.0,6907000.0,36178000.0,61472000.0
2103257,2021,183560000,9988000.0,173573000.0,67041000.0,6531000.0,38376000.0,61624000.0
2103257,2022,232143000,,,,,,
2103257,2023,242330000,,,,,,
2103307,2002,261772000,19790000.0,241982000.0,16439000.0,89529000.0,68970000.0,67043000.0
2103307,2003,385250000,19619000.0,365631000.0,31095000.0,172484000.0,84678000.0,77373000.0
2103307,2004,378730000,19799000.0,358931000.0,35606000.0,142005000.0,98149000.0,83170000.0
2103307,2005,423802000,23948000.0,399854000.0,26945000.0,166047000.0,110636000.0,96226000.0
2103307,2006,545003000,32489000.0,512513000.0,22900000.0,249534000.0,124482000.0,115597000.0
2103307,2007,552919000,36353000.0,516566000.0,19987000.0,238167000.0,136173000.0,122240000.0
2103307,2008,598724000,43277000.0,555447000.0,25568000.0,205752000.0,180163000.0,143963000.0
2103307,2009,574952000,46841000.0,528111000.0,22974000.0,145395000.0,196253000.0,163488000.0
2103307,2010,593908000,44224000.0,549684000.0,27724000.0,154336000.0,191606000.0,176018000.0
2103307,2011,646580000,53516000.0,593064000.0,35064000.0,136744000.0,218316000.0,202940000.0
2103307,2012,757330000,71594000.0,685737000.0,34705000.0,147208000.0,274943000.0,228880000.0
2103307,2013,777227000,72839000.0,704388000.0,37488000.0,111923000.0,307239000.0,247737000.0
2103307,2014,884863000,69960000.0,814903000.0,52616000.0,109666000.0,366503000.0,286117000.0
2103307,2015,880433000,71287000.0,809146000.0,50581000.0,111011000.0,340749000.0,306805000.0
2103307,2016,1025608000,88604000.0,937003000.0,45948000.0,115805000.0,413864000.0,361386000.0
2103307,2017,954063000,85403000.0,868659000.0,43326000.0,89125000.0,380956000.0,355252000.0
2103307,2018,961571000,89480000.0,872090000.0,47067000.0,66677000.0,391165000.0,367181000.0
2103307,2019,1033416000,105632000.0,927784000.0,51399000.0,109943000.0,381257000.0,385185000.0
2103307,2020,1165332000,120555000.0,1044776000.0,62232000.0,168503000.0,402681000.0,411360000.0
2103307,2021,1648585000,130369000.0,1518217000.0,78366000.0,499445000.0,459468000.0,480938000.0
2103307,2022,1633741000,,,,,,
2103307,2023,1808033000,,,,,,
2103406,2002,115463000,9792000.0,105671000.0,4434000.0,39775000.0,37622000.0,23840000.0
2103406,2003,153540000,9566000.0,143974000.0,7286000.0,66427000.0,42218000.0,28044000.0
2103406,2004,171747000,10692000.0,161055000.0,7862000.0,74234000.0,48683000.0,30277000.0
2103406,2005,189549000,12134000.0,177414000.0,7358000.0,78541000.0,54357000.0,37159000.0
2103406,2006,173564000,9821000.0,163743000.0,10545000.0,58142000.0,51532000.0,43524000.0
2103406,2007,138625000,8780000.0,129845000.0,7302000.0,24169000.0,50153000.0,48220000.0
2103406,2008,147925000,8570000.0,139355000.0,10802000.0,17617000.0,55994000.0,54941000.0
2103406,2009,168044000,9846000.0,158198000.0,10647000.0,16819000.0,64518000.0,66215000.0
2103406,2010,184328000,10635000.0,173692000.0,11025000.0,18618000.0,68035000.0,76015000.0
2103406,2011,207509000,12769000.0,194740000.0,10867000.0,18927000.0,75214000.0,89733000.0
2103406,2012,244215000,16006000.0,228209000.0,9958000.0,23916000.0,93212000.0,101123000.0
2103406,2013,254515000,16066000.0,238449000.0,9512000.0,27270000.0,97780000.0,103886000.0
2103406,2014,322053000,16301000.0,305753000.0,37178000.0,23737000.0,117555000.0,127282000.0
2103406,2015,350541000,19417000.0,331124000.0,45632000.0,25995000.0,117456000.0,142042000.0
2103406,2016,376671000,22125000.0,354546000.0,41340000.0,23406000.0,136175000.0,153626000.0
2103406,2017,337821000,20769000.0,317052000.0,40976000.0,22004000.0,119261000.0,134811000.0
2103406,2018,366978000,21436000.0,345541000.0,43836000.0,22185000.0,128429000.0,151091000.0
2103406,2019,363065000,27712000.0,335354000.0,28746000.0,20670000.0,124940000.0,160998000.0
2103406,2020,386079000,23481000.0,362598000.0,32895000.0,18757000.0,120531000.0,190415000.0
2103406,2021,465859000,29007000.0,436851000.0,64532000.0,22161000.0,140107000.0,210051000.0
2103406,2022,531449000,,,,,,
2103406,2023,486211000,,,,,,
2103505,2002,59094000,2157000.0,56937000.0,14625000.0,3134000.0,18068000.0,21110000.0
2103505,2003,74328000,2465000.0,71863000.0,22867000.0,3890000.0,21085000.0,24021000.0
2103505,2004,76569000,2214000.0,74355000.0,21339000.0,3160000.0,23308000.0,26548000.0
2103505,2005,79482000,2527000.0,76956000.0,20022000.0,2912000.0,25121000.0,28901000.0
2103505,2006,95414000,3250000.0,92164000.0,18681000.0,7378000.0,28530000.0,37575000.0
2103505,2007,100080000,3736000.0,96344000.0,20029000.0,4303000.0,32893000.0,39119000.0
2103505,2008,130767000,4841000.0,125926000.0,31390000.0,6539000.0,41508000.0,46488000.0
2103505,2009,153325000,8621000.0,144704000.0,12415000.0,11659000.0,65148000.0,55482000.0
2103505,2010,155748000,5968000.0,149780000.0,26927000.0,10152000.0,53166000.0,59535000.0
2103505,2011,196933000,9318000.0,187616000.0,35880000.0,13631000.0,68816000.0,69289000.0
2103505,2012,225424000,11412000.0,214012000.0,32000000.0,17617000.0,84152000.0,80243000.0
2103505,2013,247566000,12529000.0,235037000.0,39261000.0,19179000.0,89725000.0,86872000.0
2103505,2014,287907000,15624000.0,272284000.0,40007000.0,20779000.0,111943000.0,99555000.0
2103505,2015,304072000,16412000.0,287660000.0,44990000.0,23719000.0,107196000.0,111755000.0
2103505,2016,300140000,16479000.0,283661000.0,33822000.0,21173000.0,115877000.0,112788000.0
2103505,2017,321582000,17794000.0,303789000.0,46161000.0,22446000.0,116938000.0,118242000.0
2103505,2018,383083000,24826000.0,358257000.0,49785000.0,26853000.0,141793000.0,139826000.0
2103505,2019,402481000,29482000.0,372999000.0,42931000.0,34967000.0,145258000.0,149844000.0
2103505,2020,458770000,30864000.0,427907000.0,54327000.0,35589000.0,177018000.0,160973000.0
2103505,2021,553171000,41127000.0,512044000.0,74295000.0,36696000.0,222275000.0,178777000.0
2103505,2022,687287000,,,,,,
2103505,2023,729810000,,,,,,
2103554,2002,16764000,339000.0,16425000.0,6881000.0,527000.0,2532000.0,6484000.0
2103554,2003,17418000,158000.0,17261000.0,8627000.0,470000.0,2208000.0,5955000.0
2103554,2004,17304000,199000.0,17105000.0,8612000.0,397000.0,2544000.0,5552000.0
2103554,2005,24401000,360000.0,24041000.0,8814000.0,586000.0,4008000.0,10633000.0
2103554,2006,26094000,400000.0,25694000.0,9943000.0,1272000.0,4103000.0,10376000.0
2103554,2007,30502000,488000.0,30015000.0,10392000.0,775000.0,4655000.0,14193000.0
2103554,2008,41776000,623000.0,41153000.0,15776000.0,1259000.0,6406000.0,17712000.0
2103554,2009,48100000,705000.0,47395000.0,12875000.0,4406000.0,7795000.0,22319000.0
2103554,2010,52305000,971000.0,51334000.0,13225000.0,1882000.0,9315000.0,26912000.0
2103554,2011,62918000,1104000.0,61815000.0,18507000.0,2160000.0,10917000.0,30230000.0
2103554,2012,68837000,1229000.0,67608000.0,20998000.0,2443000.0,11933000.0,32234000.0
2103554,2013,81131000,1113000.0,80018000.0,26932000.0,2227000.0,13415000.0,37444000.0
2103554,2014,88724000,1138000.0,87585000.0,28186000.0,2997000.0,15229000.0,41174000.0
2103554,2015,95176000,1724000.0,93453000.0,28665000.0,3591000.0,15261000.0,45936000.0
2103554,2016,108033000,2305000.0,105728000.0,27464000.0,7441000.0,20006000.0,50817000.0
2103554,2017,97202000,2443000.0,94760000.0,24545000.0,2636000.0,17821000.0,49757000.0
2103554,2018,109203000,2707000.0,106496000.0,23382000.0,3025000.0,21208000.0,58882000.0
2103554,2019,122809000,2900000.0,119908000.0,23203000.0,3362000.0,22948000.0,70395000.0
2103554,2020,133363000,3005000.0,130358000.0,26688000.0,3864000.0,23258000.0,76547000.0
2103554,2021,147189000,3956000.0,143233000.0,30247000.0,3816000.0,26244000.0,82926000.0
2103554,2022,164033000,,,,,,
2103554,2023,159750000,,,,,,
2103604,2002,91652000,3500000.0,88152000.0,12431000.0,4618000.0,31128000.0,39975000.0
2103604,2003,104085000,3313000.0,100773000.0,17734000.0,5271000.0,32900000.0,44868000.0
2103604,2004,118597000,3062000.0,115535000.0,21534000.0,4799000.0,38028000.0,51174000.0
2103604,2005,123938000,3940000.0,119998000.0,16162000.0,4626000.0,40058000.0,59151000.0
2103604,2006,138986000,4939000.0,134047000.0,13665000.0,9558000.0,46903000.0,63921000.0
2103604,2007,146870000,5215000.0,141655000.0,15197000.0,5970000.0,51369000.0,69119000.0
2103604,2008,180160000,6703000.0,173457000.0,20393000.0,7626000.0,62322000.0,83116000.0
2103604,2009,204164000,8095000.0,196069000.0,14794000.0,10482000.0,75145000.0,95648000.0
2103604,2010,213302000,6854000.0,206448000.0,24513000.0,9555000.0,71202000.0,101177000.0
2103604,2011,252313000,9573000.0,242740000.0,27053000.0,11833000.0,86611000.0,117243000.0
2103604,2012,267998000,10250000.0,257748000.0,23097000.0,13640000.0,93927000.0,127084000.0
2103604,2013,290776000,13538000.0,277238000.0,25190000.0,14994000.0,104786000.0,132269000.0
2103604,2014,342553000,16911000.0,325642000.0,30484000.0,19830000.0,123260000.0,152067000.0
2103604,2015,354079000,19112000.0,334967000.0,26473000.0,23453000.0,123386000.0,161655000.0
2103604,2016,402038000,22256000.0,379782000.0,23843000.0,26923000.0,151408000.0,177607000.0
2103604,2017,397738000,22604000.0,375134000.0,25491000.0,24687000.0,147462000.0,177495000.0
2103604,2018,456535000,26588000.0,429947000.0,22242000.0,27749000.0,165821000.0,214136000.0
2103604,2019,443384000,28104000.0,415280000.0,23361000.0,26819000.0,157361000.0,207738000.0
2103604,2020,479587000,31911000.0,447675000.0,29321000.0,29205000.0,172110000.0,217039000.0
2103604,2021,533579000,39127000.0,494453000.0,39685000.0,30128000.0,187466000.0,237174000.0
2103604,2022,595188000,,,,,,
2103604,2023,637484000,,,,,,
2103703,2002,47198000,1272000.0,45927000.0,7261000.0,2243000.0,14463000.0,21960000.0
2103703,2003,54671000,1072000.0,53599000.0,9387000.0,2449000.0,15144000.0,26619000.0
2103703,2004,55883000,1128000.0,54756000.0,9718000.0,1887000.0,15868000.0,27283000.0
2103703,2005,62286000,1388000.0,60898000.0,10684000.0,2128000.0,16670000.0,31415000.0
2103703,2006,74851000,2006000.0,72846000.0,10789000.0,4110000.0,19512000.0,38434000.0
2103703,2007,76404000,2318000.0,74087000.0,11889000.0,2452000.0,21502000.0,38244000.0
2103703,2008,87614000,2541000.0,85072000.0,14850000.0,3159000.0,23623000.0,43440000.0
2103703,2009,105114000,3174000.0,101940000.0,14564000.0,4563000.0,30098000.0,52716000.0
2103703,2010,109156000,3595000.0,105561000.0,15502000.0,4361000.0,32012000.0,53686000.0
2103703,2011,123850000,4244000.0,119606000.0,23395000.0,4616000.0,34360000.0,57235000.0
2103703,2012,137037000,4809000.0,132229000.0,27208000.0,5686000.0,38676000.0,60659000.0
2103703,2013,157226000,5291000.0,151935000.0,37976000.0,4830000.0,43673000.0,65456000.0
2103703,2014,179723000,5656000.0,174067000.0,38797000.0,6725000.0,51295000.0,77251000.0
2103703,2015,183721000,5861000.0,177860000.0,37697000.0,7797000.0,48469000.0,83897000.0
2103703,2016,202342000,7656000.0,194687000.0,36611000.0,7457000.0,60967000.0,89651000.0
2103703,2017,215857000,8294000.0,207563000.0,36983000.0,7212000.0,61372000.0,101996000.0
2103703,2018,233826000,9868000.0,223958000.0,33750000.0,7543000.0,73048000.0,109617000.0
2103703,2019,230005000,10191000.0,219814000.0,32369000.0,7387000.0,68993000.0,111066000.0
2103703,2020,232034000,10524000.0,221510000.0,36290000.0,6732000.0,69200000.0,109288000.0
2103703,2021,264536000,12800000.0,251736000.0,37782000.0,7184000.0,81212000.0,125558000.0
2103703,2022,302879000,,,,,,
2103703,2023,343104000,,,,,,
2103752,2002,22604000,464000.0,22140000.0,6908000.0,2156000.0,5542000.0,7534000.0
2103752,2003,25938000,503000.0,25435000.0,8784000.0,1905000.0,6165000.0,8581000.0
2103752,2004,27014000,521000.0,26492000.0,8855000.0,2859000.0,5946000.0,8832000.0
2103752,2005,27765000,667000.0,27098000.0,8342000.0,2186000.0,6105000.0,10466000.0
2103752,2006,30000000,713000.0,29287000.0,8334000.0,2662000.0,6487000.0,11804000.0
2103752,2007,35059000,899000.0,34160000.0,9561000.0,2986000.0,8064000.0,13548000.0
2103752,2008,42211000,988000.0,41223000.0,11735000.0,3273000.0,9705000.0,16510000.0
2103752,2009,42957000,1096000.0,41862000.0,8176000.0,3645000.0,10759000.0,19282000.0
2103752,2010,55056000,2322000.0,52734000.0,10351000.0,11417000.0,10628000.0,20338000.0
2103752,2011,60377000,2684000.0,57694000.0,9449000.0,13821000.0,12009000.0,22415000.0
2103752,2012,56091000,2454000.0,53638000.0,9146000.0,8794000.0,11779000.0,23919000.0
2103752,2013,64720000,2763000.0,61958000.0,10075000.0,8883000.0,15414000.0,27585000.0
2103752,2014,120416000,12130000.0,108287000.0,8074000.0,15084000.0,51573000.0,33556000.0
2103752,2015,418091000,81344000.0,336747000.0,8897000.0,18003000.0,272892000.0,36955000.0
2103752,2016,717649000,161722000.0,555928000.0,8375000.0,21682000.0,483099000.0,42771000.0
2103752,2017,623860000,133885000.0,489975000.0,8639000.0,14957000.0,421804000.0,44576000.0
2103752,2018,475511000,99111000.0,376400000.0,7732000.0,12927000.0,307355000.0,48385000.0
2103752,2019,435822000,101216000.0,334606000.0,8428000.0,13984000.0,259056000.0,53138000.0
2103752,2020,153646000,11045000.0,142600000.0,10141000.0,22210000.0,49293000.0,60955000.0
2103752,2021,190193000,16752000.0,173440000.0,14112000.0,27285000.0,62203000.0,69840000.0
2103752,2022,218595000,,,,,,
2103752,2023,218072000,,,,,,
2103802,2002,41487000,1512000.0,39975000.0,4713000.0,8719000.0,13631000.0,12912000.0
2103802,2003,51559000,1691000.0,49868000.0,5971000.0,12834000.0,15689000.0,15375000.0
2103802,2004,54219000,2792000.0,51427000.0,5100000.0,11130000.0,19991000.0,15206000.0
2103802,2005,58544000,3363000.0,55181000.0,5572000.0,13145000.0,20847000.0,15617000.0
2103802,2006,88801000,4777000.0,84024000.0,4320000.0,30645000.0,26833000.0,22225000.0
2103802,2007,78186000,6188000.0,71999000.0,6986000.0,12704000.0,33073000.0,19236000.0
2103802,2008,93089000,7601000.0,85488000.0,9186000.0,10459000.0,41500000.0,24343000.0
2103802,2009,106060000,7590000.0,98470000.0,6522000.0,9669000.0,49037000.0,33242000.0
2103802,2010,124434000,8685000.0,115749000.0,7297000.0,23918000.0,50284000.0,34251000.0
2103802,2011,150743000,12907000.0,137835000.0,7741000.0,23528000.0,67567000.0,38998000.0
2103802,2012,156383000,13062000.0,143321000.0,6141000.0,19583000.0,75867000.0,41730000.0
2103802,2013,160229000,13468000.0,146761000.0,8243000.0,10103000.0,80052000.0,48363000.0
2103802,2014,183301000,12520000.0,170780000.0,14955000.0,14945000.0,86070000.0,54810000.0
2103802,2015,206382000,16879000.0,189503000.0,14753000.0,17539000.0,96851000.0,60360000.0
2103802,2016,212374000,16580000.0,195794000.0,8433000.0,16341000.0,106696000.0,64323000.0
2103802,2017,223561000,16765000.0,206796000.0,14081000.0,19313000.0,99353000.0,74049000.0
2103802,2018,229483000,16963000.0,212520000.0,14371000.0,17773000.0,97428000.0,82948000.0
2103802,2019,234858000,19720000.0,215138000.0,13262000.0,20865000.0,93476000.0,87536000.0
2103802,2020,244025000,19161000.0,224864000.0,15945000.0,24458000.0,95010000.0,89450000.0
2103802,2021,262555000,25568000.0,236987000.0,18836000.0,22401000.0,112858000.0,82892000.0
2103802,2022,296096000,,,,,,
2103802,2023,314608000,,,,,,
2103901,2002,12134000,230000.0,11904000.0,1745000.0,1787000.0,2542000.0,5831000.0
2103901,2003,14918000,206000.0,14712000.0,2883000.0,1390000.0,2924000.0,7515000.0
2103901,2004,16446000,228000.0,16218000.0,3352000.0,1381000.0,3305000.0,8180000.0
2103901,2005,15608000,236000.0,15372000.0,2689000.0,966000.0,2931000.0,8785000.0
2103901,2006,18321000,349000.0,17972000.0,2200000.0,1217000.0,3544000.0,11011000.0
2103901,2007,19492000,376000.0,19117000.0,2308000.0,1054000.0,3943000.0,11812000.0
2103901,2008,23353000,527000.0,22826000.0,3056000.0,1091000.0,4810000.0,13869000.0
2103901,2009,30218000,775000.0,29443000.0,2774000.0,1539000.0,6777000.0,18353000.0
2103901,2010,30436000,565000.0,29872000.0,3239000.0,1731000.0,5937000.0,18965000.0
2103901,2011,37980000,766000.0,37215000.0,4121000.0,2104000.0,7915000.0,23074000.0
2103901,2012,38783000,1059000.0,37723000.0,3020000.0,2201000.0,8438000.0,24064000.0
2103901,2013,43844000,1025000.0,42819000.0,3465000.0,2022000.0,10447000.0,26885000.0
2103901,2014,58917000,1216000.0,57701000.0,6488000.0,3163000.0,13515000.0,34535000.0
2103901,2015,56055000,1466000.0,54589000.0,7099000.0,3270000.0,12094000.0,32127000.0
2103901,2016,64590000,2106000.0,62484000.0,6232000.0,3467000.0,16506000.0,36280000.0
2103901,2017,68642000,2556000.0,66086000.0,7859000.0,2984000.0,17412000.0,37830000.0
2103901,2018,76860000,2545000.0,74315000.0,10024000.0,3158000.0,18317000.0,42816000.0
2103901,2019,75728000,2966000.0,72762000.0,8571000.0,3024000.0,17733000.0,43435000.0
2103901,2020,78514000,3090000.0,75424000.0,10457000.0,2852000.0,17585000.0,44530000.0
2103901,2021,86904000,3804000.0,83100000.0,11939000.0,2987000.0,19928000.0,48247000.0
2103901,2022,109870000,,,,,,
2103901,2023,108748000,,,,,,
2104008,2002,27871000,898000.0,26973000.0,4461000.0,1337000.0,8308000.0,12867000.0
2104008,2003,35249000,1140000.0,34109000.0,5261000.0,1793000.0,10541000.0,16514000.0
2104008,2004,34499000,1201000.0,33298000.0,5168000.0,1384000.0,11231000.0,15515000.0
2104008,2005,38831000,1452000.0,37379000.0,5615000.0,1492000.0,13222000.0,17049000.0
2104008,2006,44213000,1869000.0,42344000.0,5794000.0,2481000.0,14655000.0,19413000.0
2104008,2007,45694000,2057000.0,43637000.0,6667000.0,1624000.0,16670000.0,18677000.0
2104008,2008,53724000,2402000.0,51323000.0,8695000.0,2098000.0,19248000.0,21282000.0
2104008,2009,61794000,2843000.0,58951000.0,8971000.0,3026000.0,23442000.0,23512000.0
2104008,2010,62978000,2386000.0,60592000.0,12592000.0,3344000.0,19853000.0,24803000.0
2104008,2011,77549000,3524000.0,74025000.0,12856000.0,6883000.0,25522000.0,28764000.0
2104008,2012,83184000,3991000.0,79193000.0,10484000.0,4916000.0,29592000.0,34202000.0
2104008,2013,102600000,4124000.0,98477000.0,13343000.0,6873000.0,33430000.0,44831000.0
2104008,2014,122123000,4131000.0,117993000.0,15338000.0,10300000.0,38948000.0,53407000.0
2104008,2015,119781000,5006000.0,114775000.0,13920000.0,8616000.0,37259000.0,54980000.0
2104008,2016,132049000,6050000.0,125999000.0,14994000.0,8782000.0,46635000.0,55589000.0
2104008,2017,124108000,6037000.0,118071000.0,15218000.0,7247000.0,43460000.0,52146000.0
2104008,2018,140249000,7329000.0,132921000.0,14635000.0,7510000.0,48982000.0,61793000.0
2104008,2019,143256000,8418000.0,134837000.0,12880000.0,8515000.0,48339000.0,65103000.0
2104008,2020,147479000,7856000.0,139623000.0,14209000.0,9162000.0,47779000.0,68473000.0
2104008,2021,158978000,10815000.0,148164000.0,16415000.0,8142000.0,54294000.0,69313000.0
2104008,2022,185079000,,,,,,
2104008,2023,202856000,,,,,,
2104057,2002,70929000,4310000.0,66619000.0,16609000.0,7149000.0,27905000.0,14957000.0
2104057,2003,81468000,3590000.0,77877000.0,25664000.0,7314000.0,27999000.0,16901000.0
2104057,2004,96156000,5376000.0,90779000.0,27398000.0,7962000.0,39456000.0,15963000.0
2104057,2005,122824000,8625000.0,114199000.0,26302000.0,10171000.0,56561000.0,21164000.0
2104057,2006,138803000,8120000.0,130684000.0,28691000.0,19689000.0,56899000.0,25404000.0
2104057,2007,233262000,9431000.0,223831000.0,32453000.0,89784000.0,73540000.0,28054000.0
2104057,2008,352886000,13130000.0,339755000.0,29086000.0,173619000.0,102259000.0,34790000.0
2104057,2009,599632000,22889000.0,576743000.0,22690000.0,375742000.0,134836000.0,43476000.0
2104057,2010,443751000,31143000.0,412608000.0,31084000.0,205673000.0,122144000.0,53707000.0
2104057,2011,493343000,25164000.0,468179000.0,32202000.0,269508000.0,105725000.0,60744000.0
2104057,2012,875989000,24327000.0,851662000.0,29299000.0,645719000.0,109054000.0,67590000.0
2104057,2013,854344000,20225000.0,834119000.0,34829000.0,608054000.0,109975000.0,81260000.0
2104057,2014,614838000,24181000.0,590657000.0,37175000.0,320792000.0,135739000.0,96951000.0
2104057,2015,686504000,23799000.0,662704000.0,40619000.0,377226000.0,136643000.0,108216000.0
2104057,2016,686367000,26632000.0,659734000.0,45108000.0,325623000.0,167235000.0,121768000.0
2104057,2017,793960000,32858000.0,761102000.0,45247000.0,399883000.0,183850000.0,132121000.0
2104057,2018,982492000,42209000.0,940284000.0,41583000.0,548027000.0,210505000.0,140169000.0
2104057,2019,944775000,44039000.0,900736000.0,39089000.0,523126000.0,191150000.0,147371000.0
2104057,2020,975695000,39669000.0,936026000.0,52995000.0,540030000.0,188048000.0,154953000.0
2104057,2021,1134821000,53295000.0,1081526000.0,78195000.0,618688000.0,225956000.0,158687000.0
2104057,2022,1105185000,,,,,,
2104057,2023,1195399000,,,,,,
2104073,2002,13796000,163000.0,13632000.0,6798000.0,456000.0,1614000.0,4765000.0
2104073,2003,16261000,176000.0,16085000.0,7656000.0,537000.0,1831000.0,6061000.0
2104073,2004,16418000,208000.0,16210000.0,7328000.0,348000.0,2264000.0,6271000.0
2104073,2005,16827000,231000.0,16596000.0,7273000.0,299000.0,2171000.0,6853000.0
2104073,2006,17740000,369000.0,17372000.0,5906000.0,785000.0,2794000.0,7886000.0
2104073,2007,19615000,483000.0,19132000.0,6664000.0,426000.0,3268000.0,8775000.0
2104073,2008,28663000,547000.0,28116000.0,11448000.0,820000.0,4526000.0,11322000.0
2104073,2009,30093000,529000.0,29564000.0,10737000.0,1065000.0,5077000.0,12685000.0
2104073,2010,32777000,444000.0,32333000.0,12975000.0,1119000.0,4911000.0,13327000.0
2104073,2011,40729000,1335000.0,39394000.0,13451000.0,1462000.0,8736000.0,15745000.0
2104073,2012,44425000,1552000.0,42873000.0,12503000.0,1766000.0,10732000.0,17873000.0
2104073,2013,47726000,1257000.0,46469000.0,14404000.0,1588000.0,9917000.0,20561000.0
2104073,2014,52927000,1366000.0,51561000.0,15398000.0,2029000.0,10784000.0,23349000.0
2104073,2015,82182000,1931000.0,80251000.0,38760000.0,2931000.0,12893000.0,25668000.0
2104073,2016,67412000,2135000.0,65276000.0,20543000.0,2371000.0,15345000.0,27018000.0
2104073,2017,65115000,2397000.0,62718000.0,19932000.0,2247000.0,14504000.0,26034000.0
2104073,2018,75600000,3040000.0,72560000.0,25438000.0,3383000.0,16494000.0,27245000.0
2104073,2019,81424000,3364000.0,78060000.0,29787000.0,3222000.0,16540000.0,28510000.0
2104073,2020,88358000,5067000.0,83291000.0,30946000.0,4982000.0,16783000.0,30579000.0
2104073,2021,118004000,5534000.0,112470000.0,52147000.0,2546000.0,22594000.0,35183000.0
2104073,2022,133185000,,,,,,
2104073,2023,132983000,,,,,,
2104081,2002,9320000,216000.0,9104000.0,3414000.0,375000.0,1328000.0,3988000.0
2104081,2003,10031000,213000.0,9818000.0,3512000.0,391000.0,1329000.0,4586000.0
2104081,2004,13614000,278000.0,13336000.0,5630000.0,368000.0,1911000.0,5427000.0
2104081,2005,12923000,489000.0,12434000.0,5060000.0,286000.0,1638000.0,5450000.0
2104081,2006,17413000,488000.0,16925000.0,7584000.0,1039000.0,2212000.0,6091000.0
2104081,2007,22104000,554000.0,21550000.0,8595000.0,567000.0,3226000.0,9162000.0
2104081,2008,27117000,434000.0,26683000.0,11691000.0,892000.0,3820000.0,10281000.0
2104081,2009,24766000,471000.0,24295000.0,6830000.0,910000.0,4023000.0,12532000.0
2104081,2010,28155000,666000.0,27489000.0,7222000.0,987000.0,4245000.0,15036000.0
2104081,2011,34078000,852000.0,33226000.0,6895000.0,1225000.0,6153000.0,18953000.0
2104081,2012,36714000,1009000.0,35705000.0,7626000.0,1375000.0,6755000.0,19949000.0
2104081,2013,38217000,878000.0,37340000.0,9060000.0,1122000.0,6992000.0,20166000.0
2104081,2014,46157000,1211000.0,44945000.0,10144000.0,1794000.0,8871000.0,24137000.0
2104081,2015,46982000,1222000.0,45760000.0,8889000.0,1903000.0,7988000.0,26980000.0
2104081,2016,52509000,1734000.0,50775000.0,9161000.0,1844000.0,10353000.0,29417000.0
2104081,2017,54846000,1886000.0,52961000.0,9754000.0,1632000.0,9804000.0,31771000.0
2104081,2018,70161000,1594000.0,68567000.0,21537000.0,2081000.0,11690000.0,33259000.0
2104081,2019,68857000,1811000.0,67046000.0,19860000.0,2026000.0,11445000.0,33716000.0
2104081,2020,84315000,2025000.0,82290000.0,30638000.0,2364000.0,12274000.0,37014000.0
2104081,2021,100418000,2654000.0,97764000.0,40675000.0,2897000.0,15105000.0,39086000.0
2104081,2022,141250000,,,,,,
2104081,2023,159761000,,,,,,
2104099,2002,26520000,491000.0,26029000.0,12786000.0,1120000.0,3612000.0,8511000.0
2104099,2003,32014000,675000.0,31339000.0,15192000.0,1330000.0,4376000.0,10441000.0
2104099,2004,34549000,651000.0,33899000.0,15750000.0,953000.0,5410000.0,11786000.0
2104099,2005,37098000,880000.0,36219000.0,15337000.0,814000.0,6545000.0,13522000.0
2104099,2006,39140000,892000.0,38248000.0,13715000.0,2109000.0,6587000.0,15838000.0
2104099,2007,41238000,824000.0,40413000.0,16376000.0,918000.0,6656000.0,16463000.0
2104099,2008,58428000,1008000.0,57420000.0,26787000.0,1805000.0,8942000.0,19887000.0
2104099,2009,63781000,1288000.0,62493000.0,24169000.0,2381000.0,11663000.0,24279000.0
2104099,2010,75038000,1502000.0,73536000.0,27721000.0,2697000.0,13009000.0,30109000.0
2104099,2011,81979000,2104000.0,79875000.0,28582000.0,2961000.0,16085000.0,32246000.0
2104099,2012,87003000,2220000.0,84783000.0,29893000.0,3238000.0,18075000.0,33578000.0
2104099,2013,102543000,2503000.0,100040000.0,37607000.0,3424000.0,21107000.0,37901000.0
2104099,2014,108304000,2741000.0,105562000.0,35131000.0,4149000.0,23762000.0,42521000.0
2104099,2015,113576000,4250000.0,109325000.0,31517000.0,4484000.0,27444000.0,45880000.0
2104099,2016,130364000,5325000.0,125039000.0,35722000.0,4547000.0,35021000.0,49749000.0
2104099,2017,131833000,5527000.0,126307000.0,33010000.0,4008000.0,33556000.0,55733000.0
2104099,2018,139835000,6235000.0,133601000.0,32800000.0,4198000.0,36460000.0,60142000.0
2104099,2019,145391000,7716000.0,137675000.0,35775000.0,3865000.0,36385000.0,61650000.0
2104099,2020,161476000,7431000.0,154045000.0,45475000.0,3930000.0,37755000.0,66885000.0
2104099,2021,202149000,10726000.0,191423000.0,62397000.0,4326000.0,47937000.0,76763000.0
2104099,2022,222176000,,,,,,
2104099,2023,257048000,,,,,,
2104107,2002,31721000,763000.0,30958000.0,15606000.0,1944000.0,6278000.0,7130000.0
2104107,2003,52542000,823000.0,51719000.0,32308000.0,3224000.0,7680000.0,8507000.0
2104107,2004,57027000,951000.0,56076000.0,33965000.0,2186000.0,10484000.0,9441000.0
2104107,2005,61795000,931000.0,60865000.0,37007000.0,2385000.0,10533000.0,10940000.0
2104107,2006,55872000,1204000.0,54669000.0,24452000.0,6937000.0,10608000.0,12672000.0
2104107,2007,59580000,1427000.0,58153000.0,29625000.0,3961000.0,12288000.0,12279000.0
2104107,2008,104817000,2391000.0,102427000.0,63807000.0,4679000.0,19834000.0,14107000.0
2104107,2009,100682000,2169000.0,98513000.0,54851000.0,5861000.0,21914000.0,15888000.0
2104107,2010,87270000,2489000.0,84781000.0,42063000.0,5803000.0,19895000.0,17020000.0
2104107,2011,89733000,2444000.0,87290000.0,41252000.0,5790000.0,19127000.0,21121000.0
2104107,2012,114620000,3045000.0,111576000.0,56605000.0,7695000.0,24499000.0,22777000.0
2104107,2013,122809000,4587000.0,118221000.0,55716000.0,5842000.0,29335000.0,27329000.0
2104107,2014,126136000,4847000.0,121289000.0,45137000.0,10121000.0,33833000.0,32198000.0
2104107,2015,125562000,5458000.0,120104000.0,42883000.0,7943000.0,34607000.0,34671000.0
2104107,2016,128291000,6234000.0,122056000.0,35024000.0,6893000.0,40304000.0,39835000.0
2104107,2017,141838000,6643000.0,135195000.0,42993000.0,6871000.0,43401000.0,41930000.0
2104107,2018,158398000,7767000.0,150631000.0,49167000.0,6346000.0,50057000.0,45060000.0
2104107,2019,160426000,8560000.0,151866000.0,47513000.0,8415000.0,49103000.0,46835000.0
2104107,2020,230288000,9261000.0,221026000.0,100433000.0,9824000.0,58634000.0,52134000.0
2104107,2021,346695000,14338000.0,332357000.0,186549000.0,12341000.0,79205000.0,54262000.0
2104107,2022,423550000,,,,,,
2104107,2023,354448000,,,,,,
2104206,2002,20318000,469000.0,19849000.0,7068000.0,1009000.0,4683000.0,7089000.0
2104206,2003,26127000,392000.0,25735000.0,11263000.0,1349000.0,4957000.0,8166000.0
2104206,2004,33128000,596000.0,32532000.0,14537000.0,1407000.0,7507000.0,9080000.0
2104206,2005,31557000,763000.0,30793000.0,12067000.0,1112000.0,7842000.0,9773000.0
2104206,2006,35539000,896000.0,34642000.0,12125000.0,2364000.0,8748000.0,11404000.0
2104206,2007,37364000,1007000.0,36357000.0,12259000.0,1442000.0,9887000.0,12769000.0
2104206,2008,47414000,1229000.0,46184000.0,16718000.0,2093000.0,11867000.0,15506000.0
2104206,2009,57130000,1741000.0,55389000.0,16631000.0,2898000.0,16100000.0,19759000.0
2104206,2010,60073000,1373000.0,58701000.0,19302000.0,2927000.0,14305000.0,22166000.0
2104206,2011,67520000,1608000.0,65912000.0,23607000.0,3309000.0,15600000.0,23396000.0
2104206,2012,67412000,2210000.0,65202000.0,17583000.0,3170000.0,18189000.0,26260000.0
2104206,2013,87269000,2413000.0,84856000.0,25675000.0,4276000.0,22990000.0,31915000.0
2104206,2014,99915000,2978000.0,96937000.0,26905000.0,5160000.0,27670000.0,37201000.0
2104206,2015,89291000,3672000.0,85620000.0,16624000.0,4970000.0,24242000.0,39784000.0
2104206,2016,97851000,4493000.0,93358000.0,13697000.0,5163000.0,29931000.0,44566000.0
2104206,2017,102699000,4414000.0,98285000.0,16429000.0,4830000.0,28761000.0,48266000.0
2104206,2018,108006000,5139000.0,102866000.0,15785000.0,5159000.0,31341000.0,50582000.0
2104206,2019,110910000,5429000.0,105481000.0,16286000.0,5271000.0,30441000.0,53482000.0
2104206,2020,126399000,6135000.0,120264000.0,24472000.0,5136000.0,31572000.0,59085000.0
2104206,2021,143297000,7473000.0,135823000.0,29988000.0,5755000.0,36555000.0,63524000.0
2104206,2022,206608000,,,,,,
2104206,2023,214307000,,,,,,
2104305,2002,11744000,304000.0,11441000.0,2587000.0,492000.0,3108000.0,5254000.0
2104305,2003,14786000,257000.0,14530000.0,3538000.0,762000.0,3174000.0,7056000.0
2104305,2004,12837000,203000.0,12634000.0,3800000.0,483000.0,2178000.0,6173000.0
2104305,2005,12058000,178000.0,11879000.0,3770000.0,371000.0,1821000.0,5918000.0
2104305,2006,13483000,197000.0,13286000.0,3905000.0,701000.0,2048000.0,6632000.0
2104305,2007,20597000,327000.0,20270000.0,4442000.0,3179000.0,3497000.0,9153000.0
2104305,2008,25043000,432000.0,24610000.0,5391000.0,3412000.0,4215000.0,11592000.0
2104305,2009,39515000,721000.0,38795000.0,5148000.0,11222000.0,7364000.0,15061000.0
2104305,2010,45675000,821000.0,44854000.0,5621000.0,14544000.0,8855000.0,15834000.0
2104305,2011,138965000,3590000.0,135376000.0,7811000.0,82635000.0,26571000.0,18358000.0
2104305,2012,244591000,9057000.0,235533000.0,8004000.0,160322000.0,45458000.0,21749000.0
2104305,2013,132739000,6328000.0,126411000.0,11770000.0,65235000.0,24943000.0,24462000.0
2104305,2014,147847000,5845000.0,142002000.0,10736000.0,73810000.0,28809000.0,28646000.0
2104305,2015,122213000,5396000.0,116817000.0,10984000.0,52687000.0,21755000.0,31391000.0
2104305,2016,68685000,3951000.0,64734000.0,11265000.0,3218000.0,16602000.0,33650000.0
2104305,2017,75766000,4684000.0,71082000.0,11121000.0,4681000.0,17899000.0,37382000.0
2104305,2018,114843000,15061000.0,99782000.0,9453000.0,26985000.0,23566000.0,39778000.0
2104305,2019,415681000,23421000.0,392260000.0,8415000.0,266995000.0,69976000.0,46873000.0
2104305,2020,1318261000,35281000.0,1282980000.0,9346000.0,1036631000.0,185420000.0,51584000.0
2104305,2021,2658688000,45274000.0,2613414000.0,10339000.0,2171527000.0,377204000.0,54345000.0
2104305,2022,977590000,,,,,,
2104305,2023,855186000,,,,,,
2104404,2002,22522000,532000.0,21990000.0,6148000.0,1551000.0,5268000.0,9023000.0
2104404,2003,26844000,501000.0,26343000.0,8450000.0,1815000.0,5652000.0,10425000.0
2104404,2004,29080000,455000.0,28625000.0,9525000.0,1055000.0,6624000.0,11421000.0
2104404,2005,30133000,594000.0,29538000.0,8537000.0,1050000.0,7060000.0,12891000.0
2104404,2006,34067000,827000.0,33240000.0,7504000.0,1991000.0,8405000.0,15340000.0
2104404,2007,36214000,924000.0,35289000.0,8057000.0,1267000.0,9805000.0,16161000.0
2104404,2008,42667000,924000.0,41743000.0,10826000.0,1629000.0,10502000.0,18786000.0
2104404,2009,47262000,1047000.0,46216000.0,11169000.0,2174000.0,11793000.0,21080000.0
2104404,2010,52988000,1119000.0,51869000.0,12176000.0,2249000.0,12390000.0,25054000.0
2104404,2011,65541000,2275000.0,63266000.0,13902000.0,2951000.0,17864000.0,28549000.0
2104404,2012,70495000,2178000.0,68317000.0,13695000.0,3396000.0,19221000.0,32006000.0
2104404,2013,82285000,2316000.0,79969000.0,16962000.0,3432000.0,22396000.0,37179000.0
2104404,2014,96628000,2574000.0,94053000.0,19760000.0,4843000.0,27210000.0,42241000.0
2104404,2015,107551000,4696000.0,102855000.0,17126000.0,5940000.0,32619000.0,47171000.0
2104404,2016,111169000,5540000.0,105628000.0,9748000.0,5520000.0,38865000.0,51495000.0
2104404,2017,114542000,6160000.0,108382000.0,10676000.0,5129000.0,39988000.0,52589000.0
2104404,2018,120683000,6556000.0,114126000.0,11593000.0,5319000.0,40528000.0,56687000.0
2104404,2019,127000000,6680000.0,120320000.0,12692000.0,5435000.0,38564000.0,63629000.0
2104404,2020,132603000,6549000.0,126054000.0,16707000.0,8369000.0,35785000.0,65194000.0
2104404,2021,150061000,8159000.0,141902000.0,21607000.0,13370000.0,39727000.0,67199000.0
2104404,2022,171046000,,,,,,
2104404,2023,187080000,,,,,,
2104503,2002,20201000,264000.0,19937000.0,4180000.0,6879000.0,3807000.0,5071000.0
2104503,2003,20476000,317000.0,20159000.0,5327000.0,5697000.0,3530000.0,5605000.0
2104503,2004,16713000,265000.0,16448000.0,5587000.0,684000.0,3956000.0,6222000.0
2104503,2005,17813000,340000.0,17473000.0,4953000.0,587000.0,4395000.0,7539000.0
2104503,2006,22689000,860000.0,21829000.0,4918000.0,1431000.0,6784000.0,8696000.0
2104503,2007,22069000,523000.0,21546000.0,5063000.0,745000.0,5663000.0,10075000.0
2104503,2008,26117000,541000.0,25577000.0,6657000.0,1021000.0,6284000.0,11614000.0
2104503,2009,28819000,630000.0,28189000.0,6507000.0,1385000.0,6897000.0,13400000.0
2104503,2010,30208000,643000.0,29565000.0,6286000.0,1233000.0,7013000.0,15033000.0
2104503,2011,37623000,1311000.0,36312000.0,7653000.0,1602000.0,9239000.0,17817000.0
2104503,2012,38609000,1286000.0,37323000.0,5747000.0,1718000.0,9821000.0,20037000.0
2104503,2013,48625000,1440000.0,47185000.0,9504000.0,1763000.0,12526000.0,23392000.0
2104503,2014,58287000,1267000.0,57020000.0,10175000.0,2713000.0,15086000.0,29046000.0
2104503,2015,64251000,1906000.0,62345000.0,11243000.0,3366000.0,16593000.0,31144000.0
2104503,2016,71788000,2623000.0,69164000.0,7631000.0,3253000.0,21014000.0,37266000.0
2104503,2017,67241000,2402000.0,64838000.0,7686000.0,2774000.0,19653000.0,34725000.0
2104503,2018,77554000,2738000.0,74816000.0,8110000.0,2998000.0,22490000.0,41218000.0
2104503,2019,67993000,2935000.0,65057000.0,8765000.0,2691000.0,19602000.0,34000000.0
2104503,2020,82788000,4133000.0,78654000.0,11523000.0,4263000.0,24304000.0,38564000.0
2104503,2021,91904000,4134000.0,87770000.0,16152000.0,3256000.0,22223000.0,46139000.0
2104503,2022,97468000,,,,,,
2104503,2023,123047000,,,,,,
2104552,2002,25247000,2349000.0,22897000.0,3373000.0,3994000.0,8512000.0,7018000.0
2104552,2003,53539000,3387000.0,50152000.0,5157000.0,25619000.0,11292000.0,8084000.0
2104552,2004,75808000,3469000.0,72339000.0,5811000.0,38231000.0,18864000.0,9433000.0
2104552,2005,82333000,3774000.0,78559000.0,6148000.0,39143000.0,22925000.0,10343000.0
2104552,2006,121695000,4854000.0,116841000.0,5858000.0,73521000.0,24514000.0,12948000.0
2104552,2007,99427000,4625000.0,94802000.0,6169000.0,51212000.0,22620000.0,14801000.0
2104552,2008,83670000,4609000.0,79060000.0,6911000.0,27450000.0,26765000.0,17934000.0
2104552,2009,93636000,5656000.0,87980000.0,6197000.0,26355000.0,33797000.0,21631000.0
2104552,2010,141233000,7148000.0,134085000.0,6887000.0,64978000.0,37218000.0,25002000.0
2104552,2011,157832000,10076000.0,147757000.0,8117000.0,73453000.0,38013000.0,28173000.0
2104552,2012,198222000,14550000.0,183672000.0,8469000.0,91221000.0,52666000.0,31316000.0
2104552,2013,221052000,23540000.0,197512000.0,14346000.0,89087000.0,56375000.0,37704000.0
2104552,2014,310524000,18870000.0,291654000.0,11024000.0,166510000.0,71690000.0,42430000.0
2104552,2015,272121000,26474000.0,245648000.0,11323000.0,106135000.0,81966000.0,46224000.0
2104552,2016,309553000,36724000.0,272830000.0,12012000.0,110564000.0,99745000.0,50509000.0
2104552,2017,262396000,23412000.0,238984000.0,11188000.0,92957000.0,77689000.0,57149000.0
2104552,2018,256702000,19940000.0,236762000.0,12402000.0,90790000.0,71752000.0,61817000.0
2104552,2019,265820000,27798000.0,238022000.0,10815000.0,94559000.0,68969000.0,63678000.0
2104552,2020,317403000,25813000.0,291591000.0,14111000.0,134404000.0,64565000.0,78511000.0
2104552,2021,374988000,47912000.0,327076000.0,19779000.0,121492000.0,98743000.0,87062000.0
2104552,2022,382611000,,,,,,
2104552,2023,448007000,,,,,,
2104602,2002,18399000,431000.0,17968000.0,4647000.0,816000.0,4125000.0,8380000.0
2104602,2003,23545000,438000.0,23108000.0,6990000.0,1076000.0,4809000.0,10233000.0
2104602,2004,28216000,442000.0,27774000.0,8865000.0,1007000.0,5964000.0,11938000.0
2104602,2005,27541000,556000.0,26985000.0,7696000.0,879000.0,5957000.0,12453000.0
2104602,2006,27147000,619000.0,26528000.0,6090000.0,1519000.0,5987000.0,12932000.0
2104602,2007,32110000,771000.0,31338000.0,6577000.0,1085000.0,7538000.0,16139000.0
2104602,2008,40230000,963000.0,39266000.0,9981000.0,1488000.0,9174000.0,18624000.0
2104602,2009,46689000,1217000.0,45473000.0,8744000.0,2087000.0,11917000.0,22724000.0
2104602,2010,52650000,1582000.0,51068000.0,11782000.0,2187000.0,12387000.0,24712000.0
2104602,2011,59550000,1569000.0,57981000.0,12834000.0,2467000.0,14048000.0,28632000.0
2104602,2012,55971000,1859000.0,54112000.0,7710000.0,2282000.0,14915000.0,29205000.0
2104602,2013,70032000,1955000.0,68076000.0,15574000.0,2358000.0,17923000.0,32221000.0
2104602,2014,74407000,1906000.0,72502000.0,14161000.0,2950000.0,19341000.0,36050000.0
2104602,2015,88280000,2733000.0,85547000.0,16309000.0,4068000.0,21487000.0,43684000.0
2104602,2016,93957000,3655000.0,90302000.0,9121000.0,3634000.0,26683000.0,50864000.0
2104602,2017,95062000,3495000.0,91566000.0,11374000.0,3313000.0,24937000.0,51942000.0
2104602,2018,97604000,4079000.0,93525000.0,11868000.0,3340000.0,26360000.0,51956000.0
2104602,2019,102441000,4490000.0,97951000.0,11846000.0,3218000.0,26905000.0,55982000.0
2104602,2020,113374000,4400000.0,108974000.0,24669000.0,3215000.0,25283000.0,55806000.0
2104602,2021,118426000,5617000.0,112808000.0,27073000.0,3296000.0,26969000.0,55470000.0
2104602,2022,171337000,,,,,,
2104602,2023,195174000,,,,,,
2104628,2002,9149000,176000.0,8973000.0,2203000.0,550000.0,1894000.0,4327000.0
2104628,2003,10742000,144000.0,10598000.0,3159000.0,628000.0,1941000.0,4870000.0
2104628,2004,13341000,215000.0,13125000.0,4569000.0,594000.0,2720000.0,5243000.0
2104628,2005,12593000,228000.0,12364000.0,3554000.0,514000.0,2760000.0,5537000.0
2104628,2006,13518000,289000.0,13229000.0,3351000.0,899000.0,3071000.0,5907000.0
2104628,2007,15618000,352000.0,15267000.0,3637000.0,664000.0,3666000.0,7299000.0
2104628,2008,19698000,383000.0,19314000.0,5436000.0,841000.0,4173000.0,8865000.0
2104628,2009,25008000,536000.0,24472000.0,5453000.0,1331000.0,5273000.0,12416000.0
2104628,2010,24655000,448000.0,24206000.0,6363000.0,1308000.0,4867000.0,11668000.0
2104628,2011,28538000,714000.0,27824000.0,6448000.0,1341000.0,6600000.0,13435000.0
2104628,2012,26969000,659000.0,26310000.0,4057000.0,1305000.0,6289000.0,14659000.0
2104628,2013,37175000,846000.0,36329000.0,7692000.0,1493000.0,9098000.0,18047000.0
2104628,2014,40358000,891000.0,39467000.0,6477000.0,1974000.0,10175000.0,20841000.0
2104628,2015,44583000,1307000.0,43276000.0,8434000.0,2433000.0,10207000.0,22202000.0
2104628,2016,46819000,1627000.0,45192000.0,7683000.0,2290000.0,12599000.0,22620000.0
2104628,2017,50910000,1830000.0,49080000.0,9783000.0,2223000.0,13110000.0,23963000.0
2104628,2018,55414000,2157000.0,53258000.0,9208000.0,2320000.0,14739000.0,26990000.0
2104628,2019,56922000,2187000.0,54735000.0,11153000.0,2413000.0,13798000.0,27370000.0
2104628,2020,65982000,3205000.0,62777000.0,15328000.0,2407000.0,16554000.0,28488000.0
2104628,2021,71080000,3078000.0,68002000.0,16163000.0,2456000.0,16658000.0,32724000.0
2104628,2022,99981000,,,,,,
2104628,2023,108305000,,,,,,
2104651,2002,15820000,258000.0,15562000.0,5312000.0,581000.0,2143000.0,7526000.0
2104651,2003,18958000,293000.0,18665000.0,7003000.0,746000.0,2181000.0,8736000.0
2104651,2004,20317000,276000.0,20041000.0,7072000.0,535000.0,2768000.0,9667000.0
2104651,2005,21880000,278000.0,21602000.0,8324000.0,462000.0,2500000.0,10316000.0
2104651,2006,25333000,369000.0,24965000.0,8377000.0,1212000.0,3099000.0,12277000.0
2104651,2007,26381000,400000.0,25981000.0,9793000.0,624000.0,3447000.0,12117000.0
2104651,2008,30566000,400000.0,30166000.0,12012000.0,842000.0,3655000.0,13657000.0
2104651,2009,35514000,633000.0,34881000.0,12415000.0,1227000.0,4612000.0,16627000.0
2104651,2010,35209000,739000.0,34469000.0,14479000.0,1190000.0,4309000.0,14491000.0
2104651,2011,39644000,1056000.0,38588000.0,14257000.0,4669000.0,5465000.0,14196000.0
2104651,2012,43651000,1297000.0,42353000.0,13990000.0,6892000.0,6332000.0,15140000.0
2104651,2013,46505000,1105000.0,45399000.0,19139000.0,1639000.0,7419000.0,17202000.0
2104651,2014,45262000,1062000.0,44200000.0,15338000.0,1671000.0,7627000.0,19564000.0
2104651,2015,52381000,1275000.0,51107000.0,15020000.0,2400000.0,8909000.0,24779000.0
2104651,2016,62546000,1513000.0,61033000.0,16759000.0,2396000.0,12073000.0,29805000.0
2104651,2017,60912000,1714000.0,59198000.0,15385000.0,1976000.0,10905000.0,30932000.0
2104651,2018,67248000,1793000.0,65455000.0,14630000.0,2145000.0,12564000.0,36116000.0
2104651,2019,66964000,1790000.0,65174000.0,13539000.0,2218000.0,11870000.0,37548000.0
2104651,2020,74882000,1831000.0,73051000.0,16958000.0,2363000.0,12320000.0,41409000.0
2104651,2021,84172000,2342000.0,81831000.0,23343000.0,2317000.0,13819000.0,42352000.0
2104651,2022,103326000,,,,,,
2104651,2023,120254000,,,,,,
2104677,2002,35311000,1264000.0,34047000.0,5215000.0,1610000.0,10381000.0,16841000.0
2104677,2003,40207000,1277000.0,38930000.0,7448000.0,1854000.0,11040000.0,18588000.0
2104677,2004,45221000,1450000.0,43771000.0,8153000.0,1623000.0,12555000.0,21440000.0
2104677,2005,50846000,1633000.0,49213000.0,8315000.0,1794000.0,13559000.0,25544000.0
2104677,2006,55482000,2080000.0,53401000.0,8115000.0,3278000.0,14794000.0,27214000.0
2104677,2007,59152000,2792000.0,56360000.0,9848000.0,2836000.0,19383000.0,24293000.0
2104677,2008,79371000,4349000.0,75021000.0,13921000.0,4921000.0,27256000.0,28924000.0
2104677,2009,99881000,4618000.0,95264000.0,10197000.0,4894000.0,35434000.0,44738000.0
2104677,2010,106540000,5907000.0,100633000.0,14057000.0,6055000.0,39329000.0,41192000.0
2104677,2011,124712000,6970000.0,117742000.0,14614000.0,7936000.0,43682000.0,51510000.0
2104677,2012,148442000,9078000.0,139364000.0,15557000.0,8952000.0,58322000.0,56533000.0
2104677,2013,154639000,8614000.0,146026000.0,22951000.0,7492000.0,56172000.0,59410000.0
2104677,2014,166049000,9488000.0,156561000.0,21050000.0,8667000.0,64827000.0,62018000.0
2104677,2015,168186000,9810000.0,158376000.0,21146000.0,9155000.0,60002000.0,68074000.0
2104677,2016,188534000,10617000.0,177917000.0,24749000.0,8808000.0,69372000.0,74987000.0
2104677,2017,181561000,10077000.0,171483000.0,23621000.0,7318000.0,64197000.0,76347000.0
2104677,2018,214645000,11359000.0,203286000.0,19176000.0,7623000.0,73282000.0,103205000.0
2104677,2019,220002000,12705000.0,207297000.0,18068000.0,7650000.0,70661000.0,110919000.0
2104677,2020,225842000,13960000.0,211881000.0,21009000.0,8371000.0,73441000.0,109060000.0
2104677,2021,257972000,19256000.0,238716000.0,28836000.0,20640000.0,86525000.0,102715000.0
2104677,2022,300656000,,,,,,
2104677,2023,324762000,,,,,,
2104701,2002,9089000,240000.0,8849000.0,2261000.0,575000.0,2252000.0,3761000.0
2104701,2003,10979000,188000.0,10791000.0,3178000.0,678000.0,2376000.0,4559000.0
2104701,2004,12598000,242000.0,12356000.0,3811000.0,643000.0,2979000.0,4923000.0
2104701,2005,13343000,320000.0,13023000.0,3518000.0,696000.0,3277000.0,5531000.0
2104701,2006,14958000,440000.0,14518000.0,3153000.0,1365000.0,3782000.0,6219000.0
2104701,2007,15330000,426000.0,14904000.0,3377000.0,640000.0,4046000.0,6841000.0
2104701,2008,17970000,490000.0,17480000.0,4664000.0,793000.0,4689000.0,7335000.0
2104701,2009,20552000,576000.0,19976000.0,4551000.0,1083000.0,5392000.0,8949000.0
2104701,2010,21452000,639000.0,20813000.0,4825000.0,1057000.0,5444000.0,9486000.0
2104701,2011,22731000,659000.0,22072000.0,5494000.0,1171000.0,5715000.0,9692000.0
2104701,2012,24163000,769000.0,23395000.0,4690000.0,1312000.0,6257000.0,11135000.0
2104701,2013,31417000,871000.0,30547000.0,6950000.0,1484000.0,8209000.0,13904000.0
2104701,2014,32712000,886000.0,31826000.0,5441000.0,2098000.0,8981000.0,15307000.0
2104701,2015,36882000,1234000.0,35649000.0,4064000.0,5395000.0,8896000.0,17293000.0
2104701,2016,39114000,1368000.0,37746000.0,4886000.0,2450000.0,10258000.0,20151000.0
2104701,2017,42154000,1535000.0,40619000.0,5656000.0,2066000.0,10558000.0,22339000.0
2104701,2018,38686000,1684000.0,37002000.0,5350000.0,2021000.0,10036000.0,19595000.0
2104701,2019,41006000,2073000.0,38933000.0,5467000.0,2115000.0,10852000.0,20499000.0
2104701,2020,44898000,2408000.0,42490000.0,6972000.0,1936000.0,12143000.0,21439000.0
2104701,2021,54153000,2751000.0,51402000.0,8968000.0,2262000.0,13328000.0,26844000.0
2104701,2022,57513000,,,,,,
2104701,2023,66886000,,,,,,
2104800,2002,95449000,4587000.0,90861000.0,15726000.0,6742000.0,36924000.0,31469000.0
2104800,2003,120697000,4137000.0,116560000.0,27841000.0,11306000.0,39901000.0,37513000.0
2104800,2004,140979000,4312000.0,136668000.0,40724000.0,9893000.0,45446000.0,40604000.0
2104800,2005,147257000,5635000.0,141622000.0,35946000.0,10494000.0,50054000.0,45128000.0
2104800,2006,162740000,6472000.0,156268000.0,36692000.0,14977000.0,51521000.0,53079000.0
2104800,2007,183492000,8040000.0,175452000.0,38478000.0,15011000.0,60874000.0,61089000.0
2104800,2008,239796000,11470000.0,228327000.0,52552000.0,23329000.0,83705000.0,68741000.0
2104800,2009,284611000,12715000.0,271896000.0,64603000.0,28433000.0,97876000.0,80985000.0
2104800,2010,313698000,15701000.0,297997000.0,68604000.0,23790000.0,112023000.0,93580000.0
2104800,2011,380704000,26161000.0,354543000.0,78295000.0,45244000.0,141202000.0,89801000.0
2104800,2012,435058000,27214000.0,407843000.0,78539000.0,54077000.0,163219000.0,112009000.0
2104800,2013,480883000,26632000.0,454252000.0,98087000.0,46478000.0,168175000.0,141511000.0
2104800,2014,537013000,29288000.0,507725000.0,93117000.0,48302000.0,201342000.0,164963000.0
2104800,2015,530213000,30210000.0,500004000.0,92352000.0,44029000.0,192027000.0,171596000.0
2104800,2016,571181000,36688000.0,534493000.0,67867000.0,47060000.0,228903000.0,190662000.0
2104800,2017,669769000,43442000.0,626327000.0,100183000.0,51849000.0,250882000.0,223414000.0
2104800,2018,750825000,54174000.0,696651000.0,114054000.0,60026000.0,289797000.0,232774000.0
2104800,2019,738529000,64900000.0,673629000.0,107506000.0,52038000.0,283142000.0,230943000.0
2104800,2020,845259000,67588000.0,777671000.0,136837000.0,75653000.0,310207000.0,254975000.0
2104800,2021,1149733000,91533000.0,1058200000.0,187243000.0,214463000.0,393235000.0,263259000.0
2104800,2022,1267469000,,,,,,
2104800,2023,1415488000,,,,,,
2104909,2002,13587000,277000.0,13310000.0,3381000.0,582000.0,2185000.0,7162000.0
2104909,2003,16642000,233000.0,16410000.0,4363000.0,652000.0,2640000.0,8755000.0
2104909,2004,20901000,361000.0,20540000.0,4763000.0,826000.0,5069000.0,9881000.0
2104909,2005,23119000,451000.0,22668000.0,5202000.0,758000.0,5067000.0,11641000.0
2104909,2006,25850000,537000.0,25313000.0,5323000.0,1521000.0,5589000.0,12879000.0
2104909,2007,25427000,638000.0,24789000.0,6014000.0,911000.0,5686000.0,12178000.0
2104909,2008,31243000,793000.0,30450000.0,8159000.0,1187000.0,6825000.0,14280000.0
2104909,2009,35409000,945000.0,34464000.0,8004000.0,1535000.0,7986000.0,16939000.0
2104909,2010,35762000,955000.0,34808000.0,8302000.0,1497000.0,7202000.0,17806000.0
2104909,2011,43799000,1028000.0,42771000.0,11868000.0,1870000.0,8760000.0,20273000.0
2104909,2012,49135000,1148000.0,47987000.0,13369000.0,2218000.0,9313000.0,23086000.0
2104909,2013,56402000,783000.0,55618000.0,18462000.0,2095000.0,10928000.0,24133000.0
2104909,2014,61284000,848000.0,60437000.0,19239000.0,2673000.0,11999000.0,26526000.0
2104909,2015,62826000,1333000.0,61493000.0,18256000.0,3128000.0,11959000.0,28151000.0
2104909,2016,71858000,1910000.0,69948000.0,18697000.0,3515000.0,15647000.0,32090000.0
2104909,2017,81860000,2423000.0,79437000.0,18445000.0,3572000.0,17527000.0,39893000.0
2104909,2018,84478000,3547000.0,80931000.0,16185000.0,3530000.0,21127000.0,40089000.0
2104909,2019,82500000,3035000.0,79465000.0,15177000.0,3553000.0,18113000.0,42621000.0
2104909,2020,86762000,2807000.0,83955000.0,16918000.0,3392000.0,17501000.0,46144000.0
2104909,2021,93393000,3495000.0,89897000.0,17898000.0,3674000.0,19554000.0,48772000.0
2104909,2022,100952000,,,,,,
2104909,2023,104271000,,,,,,
2105005,2002,20323000,366000.0,19958000.0,3932000.0,721000.0,4394000.0,10911000.0
2105005,2003,25498000,396000.0,25102000.0,5347000.0,946000.0,4985000.0,13824000.0
2105005,2004,28681000,495000.0,28186000.0,5602000.0,790000.0,5794000.0,16000000.0
2105005,2005,35632000,1021000.0,34611000.0,6009000.0,932000.0,8289000.0,19381000.0
2105005,2006,38959000,1208000.0,37751000.0,5403000.0,1995000.0,8665000.0,21688000.0
2105005,2007,43905000,1286000.0,42620000.0,5799000.0,1137000.0,9523000.0,26160000.0
2105005,2008,54226000,1618000.0,52607000.0,7652000.0,1687000.0,11667000.0,31601000.0
2105005,2009,68575000,2618000.0,65957000.0,7774000.0,2707000.0,19311000.0,36166000.0
2105005,2010,68847000,2045000.0,66802000.0,8708000.0,2423000.0,15603000.0,40067000.0
2105005,2011,83572000,2717000.0,80855000.0,10961000.0,3091000.0,20119000.0,46684000.0
2105005,2012,97679000,3023000.0,94657000.0,12589000.0,3738000.0,22797000.0,55533000.0
2105005,2013,103936000,3077000.0,100858000.0,15595000.0,3224000.0,23936000.0,58103000.0
2105005,2014,116471000,3214000.0,113258000.0,19586000.0,4400000.0,27407000.0,61864000.0
2105005,2015,119233000,3951000.0,115282000.0,14190000.0,4808000.0,27348000.0,68936000.0
2105005,2016,137047000,4865000.0,132182000.0,13686000.0,5084000.0,35734000.0,77677000.0
2105005,2017,144749000,5228000.0,139521000.0,13438000.0,4823000.0,36196000.0,85064000.0
2105005,2018,161007000,6865000.0,154142000.0,12430000.0,4888000.0,43058000.0,93767000.0
2105005,2019,161364000,6862000.0,154502000.0,12654000.0,6538000.0,38501000.0,96809000.0
2105005,2020,168574000,6962000.0,161612000.0,14004000.0,4413000.0,37804000.0,105391000.0
2105005,2021,184363000,8800000.0,175563000.0,14571000.0,4604000.0,42322000.0,114065000.0
2105005,2022,208097000,,,,,,
2105005,2023,241228000,,,,,,
2105104,2002,20880000,477000.0,20403000.0,3378000.0,793000.0,4008000.0,12224000.0
2105104,2003,23193000,360000.0,22833000.0,5286000.0,850000.0,3368000.0,13329000.0
2105104,2004,24677000,340000.0,24337000.0,5616000.0,624000.0,3733000.0,14364000.0
2105104,2005,29168000,383000.0,28786000.0,5961000.0,626000.0,4160000.0,18039000.0
2105104,2006,34831000,511000.0,34320000.0,6159000.0,1721000.0,5596000.0,20844000.0
2105104,2007,40724000,679000.0,40046000.0,6594000.0,1078000.0,7346000.0,25028000.0
2105104,2008,52938000,1011000.0,51927000.0,9185000.0,1703000.0,9684000.0,31354000.0
2105104,2009,58397000,1267000.0,57129000.0,8646000.0,2325000.0,11003000.0,35155000.0
2105104,2010,64494000,1251000.0,63243000.0,9141000.0,2458000.0,12065000.0,39579000.0
2105104,2011,78925000,1710000.0,77216000.0,12469000.0,2998000.0,16212000.0,45536000.0
2105104,2012,82948000,1755000.0,81193000.0,14713000.0,3210000.0,16364000.0,46906000.0
2105104,2013,94255000,1674000.0,92582000.0,18116000.0,2918000.0,19267000.0,52281000.0
2105104,2014,110440000,1873000.0,108567000.0,21753000.0,4322000.0,22610000.0,59882000.0
2105104,2015,118202000,2899000.0,115303000.0,21510000.0,5079000.0,23830000.0,64883000.0
2105104,2016,134071000,3736000.0,130335000.0,21252000.0,5189000.0,30202000.0,73692000.0
2105104,2017,133765000,3964000.0,129801000.0,18770000.0,4470000.0,29691000.0,76870000.0
2105104,2018,155840000,5273000.0,150567000.0,15755000.0,4956000.0,35031000.0,94825000.0
2105104,2019,161612000,5999000.0,155613000.0,14387000.0,5373000.0,36006000.0,99846000.0
2105104,2020,172101000,5889000.0,166212000.0,15580000.0,5350000.0,36740000.0,108541000.0
2105104,2021,178923000,6424000.0,172498000.0,16641000.0,5153000.0,37633000.0,113071000.0
2105104,2022,188044000,,,,,,
2105104,2023,211921000,,,,,,
2105153,2002,12922000,258000.0,12664000.0,3829000.0,538000.0,2142000.0,6155000.0
2105153,2003,15214000,182000.0,15032000.0,5284000.0,508000.0,2054000.0,7187000.0
2105153,2004,17783000,273000.0,17510000.0,5655000.0,554000.0,2811000.0,8490000.0
2105153,2005,19929000,370000.0,19558000.0,6226000.0,562000.0,3181000.0,9589000.0
2105153,2006,90192000,3961000.0,86231000.0,6206000.0,60371000.0,8600000.0,11055000.0
2105153,2007,103780000,5758000.0,98022000.0,6709000.0,68510000.0,9998000.0,12804000.0
2105153,2008,125708000,8341000.0,117367000.0,8071000.0,80806000.0,13200000.0,15290000.0
2105153,2009,69835000,5876000.0,63959000.0,7386000.0,25123000.0,12337000.0,19114000.0
2105153,2010,81142000,5269000.0,75873000.0,8097000.0,31893000.0,12126000.0,23757000.0
2105153,2011,110557000,9787000.0,100770000.0,10789000.0,44531000.0,18745000.0,26705000.0
2105153,2012,133508000,12205000.0,121303000.0,11110000.0,58988000.0,23751000.0,27454000.0
2105153,2013,164831000,14110000.0,150721000.0,14923000.0,79714000.0,25298000.0,30786000.0
2105153,2014,119678000,6967000.0,112712000.0,14774000.0,40673000.0,22660000.0,34604000.0
2105153,2015,122983000,9341000.0,113642000.0,14852000.0,35040000.0,25353000.0,38397000.0
2105153,2016,157526000,19185000.0,138340000.0,16567000.0,38094000.0,37241000.0,46438000.0
2105153,2017,159422000,16229000.0,143193000.0,18849000.0,42932000.0,34692000.0,46719000.0
2105153,2018,186081000,12037000.0,174044000.0,18944000.0,64263000.0,37434000.0,53404000.0
2105153,2019,197734000,24362000.0,173372000.0,19067000.0,51490000.0,44735000.0,58081000.0
2105153,2020,229319000,28215000.0,201104000.0,22411000.0,67954000.0,44519000.0,66220000.0
2105153,2021,370653000,44243000.0,326409000.0,26477000.0,157668000.0,67764000.0,74501000.0
2105153,2022,442682000,,,,,,
2105153,2023,464887000,,,,,,
2105203,2002,17175000,700000.0,16474000.0,3089000.0,865000.0,5824000.0,6697000.0
2105203,2003,19442000,658000.0,18784000.0,4090000.0,1030000.0,6066000.0,7598000.0
2105203,2004,20553000,729000.0,19824000.0,3964000.0,787000.0,6905000.0,8168000.0
2105203,2005,22038000,785000.0,21254000.0,4308000.0,836000.0,7278000.0,8832000.0
2105203,2006,25840000,1118000.0,24722000.0,4514000.0,1558000.0,8802000.0,9847000.0
2105203,2007,29027000,1216000.0,27811000.0,5136000.0,1026000.0,9839000.0,11810000.0
2105203,2008,35495000,1553000.0,33942000.0,6629000.0,1351000.0,12166000.0,13796000.0
2105203,2009,44080000,2003000.0,42076000.0,7010000.0,2205000.0,15542000.0,17320000.0
2105203,2010,40758000,1411000.0,39347000.0,8171000.0,2207000.0,11684000.0,17285000.0
2105203,2011,46890000,1718000.0,45172000.0,9772000.0,2599000.0,13372000.0,19429000.0
2105203,2012,49738000,2357000.0,47381000.0,7947000.0,2983000.0,14827000.0,21623000.0
2105203,2013,57979000,2057000.0,55923000.0,10809000.0,3376000.0,17953000.0,23784000.0
2105203,2014,71327000,2611000.0,68716000.0,12200000.0,5493000.0,22242000.0,28781000.0
2105203,2015,71854000,3002000.0,68852000.0,10962000.0,4671000.0,22238000.0,30981000.0
2105203,2016,86374000,4584000.0,81791000.0,11673000.0,5737000.0,30213000.0,34168000.0
2105203,2017,81835000,4084000.0,77751000.0,11230000.0,4367000.0,27403000.0,34751000.0
2105203,2018,88857000,4578000.0,84278000.0,9698000.0,4978000.0,29840000.0,39763000.0
2105203,2019,93195000,5414000.0,87781000.0,8704000.0,5822000.0,30673000.0,42582000.0
2105203,2020,103945000,5426000.0,98519000.0,10999000.0,7961000.0,31851000.0,47709000.0
2105203,2021,117728000,7221000.0,110507000.0,14200000.0,7720000.0,35380000.0,53207000.0
2105203,2022,119171000,,,,,,
2105203,2023,138144000,,,,,,
2105302,2002,1024661000,114999000.0,909662000.0,16907000.0,201054000.0,552981000.0,138720000.0
2105302,2003,1258695000,131108000.0,1127587000.0,22577000.0,278978000.0,666392000.0,159640000.0
2105302,2004,1388734000,151783000.0,1236951000.0,23941000.0,231813000.0,818413000.0,162784000.0
2105302,2005,1632026000,175565000.0,1456461000.0,26316000.0,225022000.0,1019644000.0,185480000.0
2105302,2006,1879737000,204658000.0,1675078000.0,23854000.0,351824000.0,1080127000.0,219273000.0
2105302,2007,1879750000,217451000.0,1662299000.0,29588000.0,262829000.0,1132375000.0,237506000.0
2105302,2008,2284948000,257156000.0,2027792000.0,39755000.0,322244000.0,1383861000.0,281933000.0
2105302,2009,2532274000,260528000.0,2271747000.0,26600000.0,317934000.0,1564343000.0,362871000.0
2105302,2010,2936194000,318947000.0,2617246000.0,33572000.0,387341000.0,1798033000.0,398301000.0
2105302,2011,3262096000,391041000.0,2871055000.0,29091000.0,458940000.0,1949727000.0,433296000.0
2105302,2012,4393312000,663945000.0,3729367000.0,28777000.0,818357000.0,2387470000.0,494762000.0
2105302,2013,5071532000,713280000.0,4358253000.0,33342000.0,908164000.0,2863841000.0,552906000.0
2105302,2014,5741926000,596634000.0,5145293000.0,33911000.0,1208276000.0,3277464000.0,625642000.0
2105302,2015,6010806000,597522000.0,5413284000.0,41310000.0,1868132000.0,2812582000.0,691261000.0
2105302,2016,6977204000,776714000.0,6200489000.0,38876000.0,1864460000.0,3497749000.0,799405000.0
2105302,2017,6609422000,770249000.0,5839173000.0,33379000.0,1598870000.0,3344056000.0,862869000.0
2105302,2018,7141379000,813463000.0,6327917000.0,30490000.0,1697635000.0,3631078000.0,968713000.0
2105302,2019,7450113000,1011496000.0,6438616000.0,33425000.0,1894215000.0,3497389000.0,1013588000.0
2105302,2020,7193514000,958794000.0,6234720000.0,40453000.0,1552027000.0,3504455000.0,1137785000.0
2105302,2021,7692904000,1106463000.0,6586442000.0,55440000.0,1213067000.0,4091455000.0,1226480000.0
2105302,2022,8773107000,,,,,,
2105302,2023,9475802000,,,,,,
2105351,2002,20033000,204000.0,19829000.0,9558000.0,929000.0,1858000.0,7484000.0
2105351,2003,22759000,160000.0,22598000.0,10440000.0,1039000.0,1887000.0,9233000.0
2105351,2004,27287000,237000.0,27050000.0,14014000.0,881000.0,3135000.0,9019000.0
2105351,2005,24619000,256000.0,24363000.0,10742000.0,664000.0,2612000.0,10345000.0
2105351,2006,25540000,296000.0,25244000.0,9551000.0,1579000.0,2849000.0,11265000.0
2105351,2007,27477000,345000.0,27133000.0,9876000.0,706000.0,3500000.0,13051000.0
2105351,2008,37648000,417000.0,37230000.0,15123000.0,1229000.0,4964000.0,15915000.0
2105351,2009,48584000,544000.0,48040000.0,16859000.0,1938000.0,7098000.0,22145000.0
2105351,2010,51698000,662000.0,51036000.0,17547000.0,1919000.0,7979000.0,23591000.0
2105351,2011,50516000,763000.0,49753000.0,16497000.0,1914000.0,8331000.0,23011000.0
2105351,2012,48720000,1055000.0,47665000.0,13778000.0,1796000.0,8568000.0,23523000.0
2105351,2013,70736000,1264000.0,69472000.0,14817000.0,2327000.0,13260000.0,39067000.0
2105351,2014,70906000,958000.0,69948000.0,15112000.0,2890000.0,12462000.0,39484000.0
2105351,2015,64866000,1115000.0,63751000.0,11572000.0,2655000.0,10210000.0,39313000.0
2105351,2016,76743000,1856000.0,74887000.0,11025000.0,2695000.0,14920000.0,46247000.0
2105351,2017,78569000,2471000.0,76098000.0,10465000.0,2447000.0,15621000.0,47565000.0
2105351,2018,84230000,2328000.0,81902000.0,10124000.0,2657000.0,17554000.0,51568000.0
2105351,2019,88326000,2596000.0,85730000.0,10054000.0,2583000.0,17670000.0,55423000.0
2105351,2020,88967000,2514000.0,86452000.0,12564000.0,2352000.0,16898000.0,54638000.0
2105351,2021,107285000,4083000.0,103202000.0,16934000.0,2627000.0,21801000.0,61840000.0
2105351,2022,121516000,,,,,,
2105351,2023,136089000,,,,,,
2105401,2002,87605000,5190000.0,82415000.0,9413000.0,12907000.0,31967000.0,28128000.0
2105401,2003,113396000,5304000.0,108092000.0,13369000.0,23736000.0,38861000.0,32127000.0
2105401,2004,124296000,5711000.0,118584000.0,15780000.0,24177000.0,42373000.0,36255000.0
2105401,2005,146169000,8846000.0,137323000.0,19182000.0,20108000.0,55593000.0,42440000.0
2105401,2006,182098000,11137000.0,170961000.0,21881000.0,35422000.0,64953000.0,48705000.0
2105401,2007,192862000,13119000.0,179743000.0,19875000.0,31867000.0,69791000.0,58210000.0
2105401,2008,220396000,13664000.0,206733000.0,28881000.0,28268000.0,83092000.0,66492000.0
2105401,2009,243908000,16032000.0,227876000.0,21541000.0,33031000.0,96669000.0,76635000.0
2105401,2010,286118000,19597000.0,266521000.0,31786000.0,38893000.0,106246000.0,89596000.0
2105401,2011,327850000,24200000.0,303650000.0,31965000.0,49744000.0,114608000.0,107333000.0
2105401,2012,370356000,28154000.0,342202000.0,31424000.0,55457000.0,132549000.0,122772000.0
2105401,2013,394836000,28904000.0,365932000.0,28364000.0,57417000.0,145071000.0,135080000.0
2105401,2014,463974000,27881000.0,436093000.0,39977000.0,54998000.0,180273000.0,160844000.0
2105401,2015,482128000,35082000.0,447045000.0,35840000.0,54844000.0,179438000.0,176924000.0
2105401,2016,551510000,45412000.0,506098000.0,29750000.0,59872000.0,223965000.0,192510000.0
2105401,2017,594081000,50043000.0,544038000.0,26767000.0,67490000.0,227104000.0,222677000.0
2105401,2018,562978000,49063000.0,513915000.0,22370000.0,59387000.0,218849000.0,213310000.0
2105401,2019,552351000,56719000.0,495632000.0,18218000.0,55099000.0,203756000.0,218558000.0
2105401,2020,649875000,60751000.0,589124000.0,22024000.0,95232000.0,221447000.0,250421000.0
2105401,2021,772830000,85266000.0,687564000.0,27885000.0,100510000.0,292795000.0,266374000.0
2105401,2022,836921000,,,,,,
2105401,2023,889928000,,,,,,
2105427,2002,72469000,3865000.0,68604000.0,18584000.0,14695000.0,20911000.0,14414000.0
2105427,2003,93497000,4670000.0,88827000.0,30040000.0,12129000.0,29120000.0,17539000.0
2105427,2004,105289000,4838000.0,100451000.0,30987000.0,19219000.0,29749000.0,20496000.0
2105427,2005,107844000,5253000.0,102591000.0,30487000.0,16414000.0,34141000.0,21548000.0
2105427,2006,130660000,5805000.0,124855000.0,31246000.0,32083000.0,35511000.0,26015000.0
2105427,2007,163639000,7828000.0,155811000.0,35899000.0,48137000.0,44855000.0,26920000.0
2105427,2008,149755000,7309000.0,142446000.0,35189000.0,33609000.0,43583000.0,30065000.0
2105427,2009,135449000,6310000.0,129139000.0,29710000.0,12381000.0,45365000.0,41683000.0
2105427,2010,136049000,5856000.0,130193000.0,38086000.0,8749000.0,40209000.0,43148000.0
2105427,2011,148965000,7035000.0,141930000.0,37926000.0,9993000.0,45630000.0,48381000.0
2105427,2012,158235000,7802000.0,150433000.0,32703000.0,11895000.0,49890000.0,55945000.0
2105427,2013,193587000,9339000.0,184248000.0,48675000.0,16542000.0,57753000.0,61278000.0
2105427,2014,220161000,9341000.0,210821000.0,54896000.0,18351000.0,67732000.0,69842000.0
2105427,2015,230848000,13445000.0,217403000.0,57430000.0,17960000.0,72786000.0,69228000.0
2105427,2016,270001000,17790000.0,252212000.0,61355000.0,17999000.0,94566000.0,78292000.0
2105427,2017,283493000,17370000.0,266123000.0,72190000.0,15687000.0,88049000.0,90197000.0
2105427,2018,316903000,20860000.0,296043000.0,91369000.0,14867000.0,96413000.0,93395000.0
2105427,2019,327257000,22054000.0,305203000.0,97105000.0,15660000.0,96175000.0,96263000.0
2105427,2020,406286000,21054000.0,385232000.0,163810000.0,17369000.0,99251000.0,104802000.0
2105427,2021,489226000,28121000.0,461105000.0,220744000.0,17199000.0,119613000.0,103549000.0
2105427,2022,637759000,,,,,,
2105427,2023,687514000,,,,,,
2105450,2002,12479000,201000.0,12278000.0,5070000.0,667000.0,2387000.0,4154000.0
2105450,2003,13526000,148000.0,13378000.0,6212000.0,762000.0,2166000.0,4238000.0
2105450,2004,16914000,230000.0,16683000.0,8133000.0,657000.0,3105000.0,4788000.0
2105450,2005,14622000,213000.0,14409000.0,5937000.0,498000.0,2707000.0,5266000.0
2105450,2006,14870000,230000.0,14640000.0,4921000.0,1077000.0,2906000.0,5736000.0
2105450,2007,18626000,292000.0,18333000.0,5052000.0,612000.0,3398000.0,9272000.0
2105450,2008,22382000,320000.0,22061000.0,7808000.0,865000.0,3697000.0,9691000.0
2105450,2009,19915000,348000.0,19567000.0,2234000.0,895000.0,3733000.0,12705000.0
2105450,2010,29201000,391000.0,28811000.0,8576000.0,1304000.0,4883000.0,14047000.0
2105450,2011,35167000,546000.0,34621000.0,10296000.0,1588000.0,6180000.0,16557000.0
2105450,2012,35133000,1028000.0,34105000.0,6437000.0,1620000.0,6314000.0,19735000.0
2105450,2013,36581000,511000.0,36070000.0,7800000.0,1474000.0,7085000.0,19711000.0
2105450,2014,48842000,1045000.0,47798000.0,11534000.0,2352000.0,9020000.0,24892000.0
2105450,2015,48820000,901000.0,47918000.0,8981000.0,2443000.0,8457000.0,28037000.0
2105450,2016,55949000,1342000.0,54607000.0,7990000.0,2689000.0,11145000.0,32783000.0
2105450,2017,59925000,1132000.0,58793000.0,13433000.0,2485000.0,10566000.0,32309000.0
2105450,2018,64818000,1178000.0,63640000.0,12739000.0,2568000.0,12014000.0,36319000.0
2105450,2019,66656000,1303000.0,65353000.0,12436000.0,2432000.0,11980000.0,38504000.0
2105450,2020,73117000,1372000.0,71746000.0,14195000.0,2573000.0,12410000.0,42567000.0
2105450,2021,75689000,2419000.0,73270000.0,17338000.0,2270000.0,12496000.0,41165000.0
2105450,2022,78619000,,,,,,
2105450,2023,83460000,,,,,,
2105476,2002,18474000,389000.0,18085000.0,7218000.0,828000.0,2824000.0,7215000.0
2105476,2003,20723000,365000.0,20359000.0,8101000.0,960000.0,2997000.0,8301000.0
2105476,2004,28197000,436000.0,27761000.0,12565000.0,860000.0,4020000.0,10316000.0
2105476,2005,27324000,592000.0,26732000.0,11161000.0,799000.0,3653000.0,11118000.0
2105476,2006,32079000,737000.0,31342000.0,10919000.0,2218000.0,4577000.0,13628000.0
2105476,2007,34556000,1043000.0,33513000.0,11514000.0,1415000.0,5644000.0,14940000.0
2105476,2008,42309000,1068000.0,41241000.0,15186000.0,1301000.0,6818000.0,17936000.0
2105476,2009,45878000,909000.0,44968000.0,14666000.0,1729000.0,7256000.0,21317000.0
2105476,2010,47531000,826000.0,46704000.0,15697000.0,1640000.0,6666000.0,22702000.0
2105476,2011,55439000,1531000.0,53908000.0,17011000.0,1953000.0,9095000.0,25848000.0
2105476,2012,60486000,1127000.0,59359000.0,19395000.0,2184000.0,9231000.0,28549000.0
2105476,2013,66392000,1113000.0,65278000.0,19780000.0,1945000.0,11136000.0,32417000.0
2105476,2014,76935000,1029000.0,75906000.0,22662000.0,2711000.0,12722000.0,37811000.0
2105476,2015,80687000,1609000.0,79079000.0,22256000.0,2955000.0,12176000.0,41691000.0
2105476,2016,87026000,1872000.0,85154000.0,20797000.0,2894000.0,15203000.0,46259000.0
2105476,2017,89203000,2439000.0,86764000.0,20108000.0,2676000.0,14594000.0,49386000.0
2105476,2018,93561000,2131000.0,91430000.0,18046000.0,2648000.0,16165000.0,54570000.0
2105476,2019,101454000,2183000.0,99271000.0,18348000.0,2984000.0,17675000.0,60263000.0
2105476,2020,107006000,2046000.0,104961000.0,23453000.0,2506000.0,16379000.0,62622000.0
2105476,2021,125733000,2842000.0,122891000.0,33491000.0,2736000.0,18155000.0,68510000.0
2105476,2022,139195000,,,,,,
2105476,2023,174125000,,,,,,
2105500,2002,67045000,1401000.0,65644000.0,4763000.0,34938000.0,10787000.0,15156000.0
2105500,2003,97084000,1572000.0,95512000.0,9259000.0,55992000.0,12465000.0,17796000.0
2105500,2004,84108000,1625000.0,82482000.0,11032000.0,37890000.0,14344000.0,19216000.0
2105500,2005,82459000,1706000.0,80754000.0,12893000.0,33833000.0,13997000.0,20031000.0
2105500,2006,70332000,2127000.0,68205000.0,12174000.0,18475000.0,15481000.0,22075000.0
2105500,2007,69389000,2767000.0,66622000.0,12737000.0,11602000.0,18166000.0,24116000.0
2105500,2008,83637000,3330000.0,80306000.0,16441000.0,9348000.0,23200000.0,31318000.0
2105500,2009,87269000,3439000.0,83830000.0,14709000.0,8852000.0,25840000.0,34429000.0
2105500,2010,105512000,3996000.0,101516000.0,17588000.0,19292000.0,27314000.0,37322000.0
2105500,2011,120227000,4679000.0,115548000.0,18524000.0,22246000.0,30757000.0,44021000.0
2105500,2012,132906000,5979000.0,126927000.0,19359000.0,23264000.0,34804000.0,49500000.0
2105500,2013,136927000,6687000.0,130240000.0,22843000.0,13699000.0,42733000.0,50966000.0
2105500,2014,173203000,6401000.0,166802000.0,24335000.0,31941000.0,49829000.0,60697000.0
2105500,2015,179947000,7750000.0,172197000.0,26406000.0,23895000.0,53042000.0,68853000.0
2105500,2016,201514000,10030000.0,191484000.0,27379000.0,24330000.0,64371000.0,75404000.0
2105500,2017,190145000,9738000.0,180407000.0,25172000.0,19955000.0,62900000.0,72381000.0
2105500,2018,216440000,10925000.0,205515000.0,24115000.0,20980000.0,72265000.0,88156000.0
2105500,2019,213700000,11357000.0,202343000.0,24136000.0,19521000.0,69465000.0,89221000.0
2105500,2020,233874000,11508000.0,222366000.0,31446000.0,22133000.0,69237000.0,99551000.0
2105500,2021,270611000,14716000.0,255896000.0,44486000.0,24707000.0,77196000.0,109507000.0
2105500,2022,315181000,,,,,,
2105500,2023,362692000,,,,,,
2105609,2002,19779000,374000.0,19405000.0,6096000.0,862000.0,4372000.0,8074000.0
2105609,2003,23794000,427000.0,23367000.0,7774000.0,1122000.0,4889000.0,9582000.0
2105609,2004,25515000,473000.0,25042000.0,7278000.0,860000.0,6055000.0,10849000.0
2105609,2005,29371000,646000.0,28725000.0,8466000.0,896000.0,6914000.0,12448000.0
2105609,2006,32482000,757000.0,31725000.0,9027000.0,1845000.0,7510000.0,13344000.0
2105609,2007,36783000,991000.0,35793000.0,9925000.0,1161000.0,9051000.0,15657000.0
2105609,2008,45383000,1108000.0,44275000.0,13625000.0,1605000.0,10591000.0,18454000.0
2105609,2009,50744000,1338000.0,49405000.0,13311000.0,2146000.0,12693000.0,21254000.0
2105609,2010,55489000,1392000.0,54098000.0,16872000.0,2216000.0,12566000.0,22444000.0
2105609,2011,67054000,1933000.0,65121000.0,18998000.0,2749000.0,15111000.0,28262000.0
2105609,2012,64635000,2127000.0,62508000.0,13415000.0,2794000.0,16153000.0,30145000.0
2105609,2013,73540000,2082000.0,71458000.0,19207000.0,2564000.0,17910000.0,31777000.0
2105609,2014,88532000,2189000.0,86344000.0,21706000.0,3934000.0,22027000.0,38677000.0
2105609,2015,81379000,3004000.0,78375000.0,14486000.0,3854000.0,20492000.0,39543000.0
2105609,2016,96828000,3896000.0,92932000.0,14596000.0,4276000.0,26953000.0,47107000.0
2105609,2017,97469000,3916000.0,93553000.0,15186000.0,4082000.0,25930000.0,48355000.0
2105609,2018,86452000,3948000.0,82504000.0,12580000.0,3958000.0,24436000.0,41529000.0
2105609,2019,93649000,4080000.0,89569000.0,10154000.0,3970000.0,24494000.0,50951000.0
2105609,2020,113915000,4395000.0,109520000.0,11358000.0,13246000.0,27187000.0,57729000.0
2105609,2021,116543000,5614000.0,110929000.0,13137000.0,11359000.0,29452000.0,56981000.0
2105609,2022,140782000,,,,,,
2105609,2023,139774000,,,,,,
2105658,2002,8039000,261000.0,7778000.0,2685000.0,256000.0,1351000.0,3487000.0
2105658,2003,10243000,125000.0,10117000.0,3839000.0,344000.0,1462000.0,4472000.0
2105658,2004,10072000,133000.0,9940000.0,3715000.0,261000.0,1543000.0,4421000.0
2105658,2005,12597000,211000.0,12385000.0,3321000.0,315000.0,1962000.0,6787000.0
2105658,2006,12691000,282000.0,12409000.0,3174000.0,616000.0,1947000.0,6672000.0
2105658,2007,12976000,301000.0,12675000.0,3578000.0,406000.0,2346000.0,6345000.0
2105658,2008,15806000,369000.0,15437000.0,4809000.0,921000.0,2931000.0,6776000.0
2105658,2009,18326000,570000.0,17756000.0,4948000.0,721000.0,4473000.0,7614000.0
2105658,2010,20676000,629000.0,20046000.0,6166000.0,791000.0,4860000.0,8229000.0
2105658,2011,23667000,819000.0,22848000.0,6732000.0,868000.0,5945000.0,9303000.0
2105658,2012,27071000,1004000.0,26067000.0,7422000.0,1035000.0,6218000.0,11392000.0
2105658,2013,29663000,1036000.0,28628000.0,9768000.0,868000.0,6641000.0,11351000.0
2105658,2014,30113000,819000.0,29294000.0,10387000.0,1031000.0,6932000.0,10944000.0
2105658,2015,33135000,1011000.0,32124000.0,11889000.0,1248000.0,6996000.0,11991000.0
2105658,2016,39593000,1388000.0,38205000.0,14256000.0,1328000.0,9026000.0,13594000.0
2105658,2017,42330000,1701000.0,40629000.0,13638000.0,1278000.0,10117000.0,15596000.0
2105658,2018,45724000,1836000.0,43888000.0,12473000.0,1396000.0,11716000.0,18303000.0
2105658,2019,43483000,1810000.0,41673000.0,12059000.0,1320000.0,10375000.0,17919000.0
2105658,2020,52260000,2028000.0,50233000.0,14443000.0,1295000.0,11765000.0,22730000.0
2105658,2021,61701000,2787000.0,58914000.0,19991000.0,1365000.0,13849000.0,23709000.0
2105658,2022,67826000,,,,,,
2105658,2023,71491000,,,,,,
2105708,2002,78140000,3391000.0,74749000.0,17463000.0,5427000.0,26993000.0,24866000.0
2105708,2003,77885000,3038000.0,74846000.0,14665000.0,6736000.0,26434000.0,27012000.0
2105708,2004,103020000,4090000.0,98930000.0,24037000.0,6175000.0,36049000.0,32669000.0
2105708,2005,96420000,4992000.0,91428000.0,12913000.0,6074000.0,39493000.0,32949000.0
2105708,2006,124768000,6455000.0,118313000.0,17978000.0,12446000.0,45956000.0,41933000.0
2105708,2007,130481000,7589000.0,122892000.0,17967000.0,6620000.0,53821000.0,44484000.0
2105708,2008,178665000,8479000.0,170186000.0,47757000.0,8890000.0,63717000.0,49822000.0
2105708,2009,176619000,8852000.0,167767000.0,26088000.0,10682000.0,71405000.0,59592000.0
2105708,2010,175720000,7308000.0,168412000.0,31164000.0,8729000.0,61734000.0,66786000.0
2105708,2011,197408000,8309000.0,189099000.0,33529000.0,9893000.0,66990000.0,78687000.0
2105708,2012,231898000,11117000.0,220782000.0,36762000.0,11934000.0,84423000.0,87663000.0
2105708,2013,254077000,11998000.0,242078000.0,42587000.0,11587000.0,94251000.0,93653000.0
2105708,2014,282883000,11299000.0,271584000.0,42099000.0,14887000.0,105938000.0,108661000.0
2105708,2015,325781000,19144000.0,306636000.0,42673000.0,18960000.0,127535000.0,117468000.0
2105708,2016,362458000,22223000.0,340235000.0,35548000.0,18392000.0,154624000.0,131671000.0
2105708,2017,366466000,22790000.0,343676000.0,38322000.0,17134000.0,151249000.0,136970000.0
2105708,2018,395324000,24527000.0,370797000.0,34100000.0,17936000.0,162671000.0,156090000.0
2105708,2019,414224000,29657000.0,384567000.0,34488000.0,17255000.0,166446000.0,166378000.0
2105708,2020,422838000,29239000.0,393598000.0,42829000.0,14496000.0,160700000.0,175574000.0
2105708,2021,550404000,43880000.0,506524000.0,74293000.0,31692000.0,213761000.0,186778000.0
2105708,2022,553462000,,,,,,
2105708,2023,621148000,,,,,,
2105807,2002,13470000,327000.0,13143000.0,3165000.0,766000.0,2820000.0,6392000.0
2105807,2003,15470000,202000.0,15268000.0,4291000.0,674000.0,2969000.0,7335000.0
2105807,2004,16104000,304000.0,15800000.0,4123000.0,572000.0,3470000.0,7634000.0
2105807,2005,17226000,386000.0,16839000.0,4606000.0,522000.0,3564000.0,8147000.0
2105807,2006,19505000,432000.0,19074000.0,4707000.0,1062000.0,3997000.0,9307000.0
2105807,2007,20844000,437000.0,20407000.0,5315000.0,793000.0,4503000.0,9796000.0
2105807,2008,24654000,603000.0,24051000.0,6238000.0,1154000.0,5393000.0,11265000.0
2105807,2009,29363000,747000.0,28616000.0,6950000.0,1321000.0,6816000.0,13529000.0
2105807,2010,33639000,678000.0,32961000.0,8718000.0,1331000.0,6425000.0,16487000.0
2105807,2011,40200000,888000.0,39313000.0,9719000.0,1784000.0,7974000.0,19835000.0
2105807,2012,41462000,1321000.0,40141000.0,6481000.0,2045000.0,9662000.0,21953000.0
2105807,2013,44187000,1139000.0,43048000.0,8769000.0,2090000.0,10585000.0,21604000.0
2105807,2014,52022000,1052000.0,50970000.0,10005000.0,2701000.0,12352000.0,25914000.0
2105807,2015,56901000,1768000.0,55133000.0,8972000.0,3195000.0,13637000.0,29329000.0
2105807,2016,67200000,2157000.0,65043000.0,9289000.0,3485000.0,17144000.0,35125000.0
2105807,2017,65710000,2267000.0,63443000.0,9047000.0,3249000.0,15835000.0,35312000.0
2105807,2018,69138000,2226000.0,66912000.0,7951000.0,3811000.0,17089000.0,38060000.0
2105807,2019,70008000,2328000.0,67681000.0,7020000.0,3498000.0,16423000.0,40740000.0
2105807,2020,68940000,2396000.0,66545000.0,8205000.0,3833000.0,15621000.0,38886000.0
2105807,2021,86638000,3001000.0,83637000.0,9916000.0,4353000.0,18818000.0,50549000.0
2105807,2022,98654000,,,,,,
2105807,2023,108264000,,,,,,
2105906,2002,20037000,428000.0,19608000.0,7054000.0,710000.0,3592000.0,8252000.0
2105906,2003,25653000,340000.0,25313000.0,9735000.0,1020000.0,5278000.0,9280000.0
2105906,2004,26203000,429000.0,25774000.0,10369000.0,734000.0,4497000.0,10173000.0
2105906,2005,28218000,425000.0,27793000.0,10313000.0,702000.0,4863000.0,11915000.0
2105906,2006,32564000,589000.0,31975000.0,10881000.0,1607000.0,5986000.0,13502000.0
2105906,2007,36531000,1022000.0,35509000.0,11469000.0,1553000.0,7412000.0,15075000.0
2105906,2008,48486000,916000.0,47570000.0,19901000.0,1550000.0,9143000.0,16976000.0
2105906,2009,48061000,1223000.0,46839000.0,13948000.0,1769000.0,10366000.0,20755000.0
2105906,2010,49217000,1245000.0,47972000.0,17221000.0,1676000.0,9685000.0,19390000.0
2105906,2011,64574000,1465000.0,63110000.0,17684000.0,2336000.0,13322000.0,29767000.0
2105906,2012,70015000,1656000.0,68359000.0,18577000.0,2725000.0,14646000.0,32412000.0
2105906,2013,76420000,1515000.0,74905000.0,22048000.0,2346000.0,16031000.0,34479000.0
2105906,2014,84645000,1762000.0,82883000.0,22251000.0,3161000.0,18204000.0,39267000.0
2105906,2015,88235000,2202000.0,86032000.0,22819000.0,3747000.0,18085000.0,41382000.0
2105906,2016,97400000,3048000.0,94352000.0,21674000.0,3831000.0,23439000.0,45408000.0
2105906,2017,99231000,3332000.0,95899000.0,18253000.0,3515000.0,23245000.0,50887000.0
2105906,2018,105373000,3751000.0,101622000.0,17422000.0,3637000.0,25469000.0,55094000.0
2105906,2019,116404000,3640000.0,112764000.0,17696000.0,3889000.0,26729000.0,64450000.0
2105906,2020,130708000,3458000.0,127249000.0,22026000.0,3538000.0,26370000.0,75315000.0
2105906,2021,135733000,4897000.0,130836000.0,28547000.0,3641000.0,28600000.0,70049000.0
2105906,2022,148283000,,,,,,
2105906,2023,169405000,,,,,,
2105922,2002,12942000,169000.0,12773000.0,5210000.0,541000.0,2039000.0,4983000.0
2105922,2003,17280000,141000.0,17139000.0,8485000.0,805000.0,2107000.0,5743000.0
2105922,2004,17582000,162000.0,17420000.0,8249000.0,474000.0,2188000.0,6508000.0
2105922,2005,17627000,253000.0,17374000.0,6199000.0,591000.0,2904000.0,7679000.0
2105922,2006,20000000,376000.0,19624000.0,5607000.0,1474000.0,3682000.0,8862000.0
2105922,2007,20733000,516000.0,20217000.0,4753000.0,719000.0,4590000.0,10155000.0
2105922,2008,28386000,672000.0,27714000.0,8602000.0,1112000.0,5903000.0,12097000.0
2105922,2009,35085000,728000.0,34357000.0,8567000.0,4233000.0,7250000.0,14307000.0
2105922,2010,36408000,744000.0,35664000.0,9912000.0,2764000.0,7405000.0,15583000.0
2105922,2011,40614000,775000.0,39838000.0,10832000.0,1715000.0,7786000.0,19504000.0
2105922,2012,40304000,1416000.0,38888000.0,8333000.0,1827000.0,7781000.0,20947000.0
2105922,2013,45745000,1360000.0,44384000.0,8137000.0,1650000.0,10270000.0,24327000.0
2105922,2014,60870000,1336000.0,59533000.0,16368000.0,2844000.0,12849000.0,27472000.0
2105922,2015,61006000,1980000.0,59025000.0,12591000.0,3088000.0,13586000.0,29760000.0
2105922,2016,66816000,2626000.0,64190000.0,10548000.0,2937000.0,17943000.0,32762000.0
2105922,2017,75446000,2859000.0,72587000.0,17155000.0,2981000.0,18526000.0,33925000.0
2105922,2018,78216000,2571000.0,75645000.0,17225000.0,2997000.0,18352000.0,37071000.0
2105922,2019,74217000,3142000.0,71075000.0,11741000.0,2569000.0,18260000.0,38506000.0
2105922,2020,84519000,3293000.0,81226000.0,16463000.0,2599000.0,19654000.0,42510000.0
2105922,2021,97006000,3962000.0,93045000.0,24543000.0,2797000.0,20836000.0,44870000.0
2105922,2022,172304000,,,,,,
2105922,2023,211547000,,,,,,
2105948,2002,14087000,337000.0,13749000.0,5163000.0,794000.0,3133000.0,4660000.0
2105948,2003,16569000,284000.0,16285000.0,6807000.0,734000.0,3312000.0,5432000.0
2105948,2004,18481000,367000.0,18114000.0,7229000.0,665000.0,4279000.0,5940000.0
2105948,2005,20863000,545000.0,20317000.0,7814000.0,675000.0,5107000.0,6721000.0
2105948,2006,24083000,761000.0,23321000.0,8087000.0,1286000.0,5880000.0,8068000.0
2105948,2007,24386000,729000.0,23657000.0,8844000.0,759000.0,5984000.0,8070000.0
2105948,2008,30405000,925000.0,29480000.0,11148000.0,1082000.0,7478000.0,9772000.0
2105948,2009,33230000,938000.0,32293000.0,10753000.0,1389000.0,8800000.0,11351000.0
2105948,2010,35398000,657000.0,34741000.0,13632000.0,1335000.0,7238000.0,12536000.0
2105948,2011,42197000,1069000.0,41128000.0,14960000.0,1661000.0,9400000.0,15107000.0
2105948,2012,40393000,1195000.0,39198000.0,10717000.0,1755000.0,10075000.0,16651000.0
2105948,2013,49179000,1402000.0,47778000.0,14370000.0,1659000.0,12532000.0,19217000.0
2105948,2014,59715000,1823000.0,57892000.0,17266000.0,2551000.0,15240000.0,22835000.0
2105948,2015,59923000,2258000.0,57666000.0,14922000.0,3145000.0,16145000.0,23454000.0
2105948,2016,68917000,2795000.0,66123000.0,16985000.0,3624000.0,20475000.0,25038000.0
2105948,2017,72046000,3367000.0,68679000.0,16948000.0,3299000.0,20887000.0,27545000.0
2105948,2018,79571000,3440000.0,76130000.0,15695000.0,3345000.0,22744000.0,34347000.0
2105948,2019,74692000,3444000.0,71247000.0,12159000.0,4141000.0,20216000.0,34731000.0
2105948,2020,104282000,5522000.0,98760000.0,12784000.0,6288000.0,41179000.0,38509000.0
2105948,2021,83983000,4660000.0,79323000.0,14332000.0,4200000.0,25895000.0,34897000.0
2105948,2022,91324000,,,,,,
2105948,2023,104301000,,,,,,
2105963,2002,18511000,278000.0,18234000.0,8423000.0,1356000.0,2831000.0,5624000.0
2105963,2003,16796000,180000.0,16615000.0,5998000.0,1519000.0,2565000.0,6534000.0
2105963,2004,21822000,305000.0,21516000.0,9443000.0,818000.0,3980000.0,7275000.0
2105963,2005,17281000,372000.0,16910000.0,4669000.0,665000.0,3621000.0,7955000.0
2105963,2006,26620000,459000.0,26160000.0,10238000.0,2016000.0,5011000.0,8896000.0
2105963,2007,28378000,651000.0,27727000.0,10201000.0,1048000.0,6426000.0,10051000.0
2105963,2008,55379000,770000.0,54609000.0,31997000.0,2344000.0,9112000.0,11156000.0
2105963,2009,37523000,721000.0,36802000.0,13473000.0,1924000.0,7865000.0,13539000.0
2105963,2010,40643000,672000.0,39972000.0,13804000.0,1844000.0,7880000.0,16444000.0
2105963,2011,50026000,974000.0,49052000.0,15837000.0,1991000.0,9666000.0,21558000.0
2105963,2012,55303000,1177000.0,54127000.0,17865000.0,2246000.0,10451000.0,23564000.0
2105963,2013,62387000,1484000.0,60903000.0,20467000.0,2060000.0,12454000.0,25923000.0
2105963,2014,64206000,1011000.0,63195000.0,19839000.0,2653000.0,13724000.0,26979000.0
2105963,2015,71234000,2558000.0,68676000.0,17925000.0,3218000.0,17119000.0,30415000.0
2105963,2016,68528000,2705000.0,65823000.0,10581000.0,2525000.0,19353000.0,33364000.0
2105963,2017,72172000,3043000.0,69128000.0,11177000.0,2422000.0,19670000.0,35859000.0
2105963,2018,78590000,3163000.0,75427000.0,10382000.0,2633000.0,21871000.0,40541000.0
2105963,2019,76992000,3618000.0,73374000.0,10232000.0,2424000.0,20643000.0,40076000.0
2105963,2020,85855000,3927000.0,81929000.0,13291000.0,2486000.0,22272000.0,43879000.0
2105963,2021,102432000,5014000.0,97418000.0,20493000.0,2792000.0,25498000.0,48635000.0
2105963,2022,116772000,,,,,,
2105963,2023,128791000,,,,,,
2105989,2002,10652000,163000.0,10489000.0,4466000.0,361000.0,1766000.0,3896000.0
2105989,2003,12624000,160000.0,12464000.0,6235000.0,439000.0,1631000.0,4159000.0
2105989,2004,15698000,249000.0,15449000.0,6961000.0,459000.0,2461000.0,5568000.0
2105989,2005,16304000,317000.0,15987000.0,7155000.0,459000.0,2534000.0,5839000.0
2105989,2006,18794000,369000.0,18426000.0,7258000.0,998000.0,2958000.0,7211000.0
2105989,2007,19903000,429000.0,19473000.0,7247000.0,580000.0,3440000.0,8207000.0
2105989,2008,24652000,500000.0,24152000.0,8977000.0,813000.0,4556000.0,9806000.0
2105989,2009,29459000,764000.0,28695000.0,9349000.0,1230000.0,5973000.0,12143000.0
2105989,2010,30679000,884000.0,29795000.0,10804000.0,1172000.0,5882000.0,11937000.0
2105989,2011,34548000,1071000.0,33477000.0,11626000.0,1438000.0,7237000.0,13175000.0
2105989,2012,38834000,1578000.0,37256000.0,13122000.0,1450000.0,8233000.0,14452000.0
2105989,2013,40869000,1082000.0,39787000.0,14881000.0,1186000.0,8729000.0,14992000.0
2105989,2014,48905000,1535000.0,47370000.0,16010000.0,1759000.0,11619000.0,17981000.0
2105989,2015,53484000,2017000.0,51468000.0,17537000.0,2185000.0,12851000.0,18894000.0
2105989,2016,67218000,3217000.0,64001000.0,18525000.0,2493000.0,19949000.0,23034000.0
2105989,2017,70457000,3638000.0,66819000.0,17110000.0,2404000.0,20617000.0,26687000.0
2105989,2018,75197000,4286000.0,70911000.0,16666000.0,2764000.0,23037000.0,28444000.0
2105989,2019,73879000,4304000.0,69574000.0,17297000.0,2408000.0,20564000.0,29305000.0
2105989,2020,83822000,4081000.0,79741000.0,23113000.0,2399000.0,20668000.0,33561000.0
2105989,2021,101467000,6064000.0,95403000.0,31153000.0,2667000.0,25636000.0,35947000.0
2105989,2022,115530000,,,,,,
2105989,2023,122752000,,,,,,
2106003,2002,23449000,701000.0,22747000.0,4085000.0,5484000.0,5785000.0,7393000.0
2106003,2003,21784000,604000.0,21179000.0,4664000.0,2414000.0,5721000.0,8380000.0
2106003,2004,21432000,532000.0,20900000.0,4607000.0,1410000.0,6426000.0,8457000.0
2106003,2005,23189000,783000.0,22406000.0,4859000.0,1068000.0,6833000.0,9646000.0
2106003,2006,26783000,946000.0,25837000.0,4891000.0,2440000.0,7590000.0,10915000.0
2106003,2007,29730000,1203000.0,28527000.0,5653000.0,1716000.0,9494000.0,11664000.0
2106003,2008,32559000,1400000.0,31159000.0,4071000.0,1903000.0,11518000.0,13667000.0
2106003,2009,42730000,1578000.0,41153000.0,8298000.0,2721000.0,13345000.0,16788000.0
2106003,2010,39256000,900000.0,38356000.0,9372000.0,2113000.0,9446000.0,17425000.0
2106003,2011,48215000,2616000.0,45599000.0,9349000.0,2768000.0,13760000.0,19722000.0
2106003,2012,55297000,2813000.0,52484000.0,8031000.0,3515000.0,16245000.0,24693000.0
2106003,2013,65479000,4013000.0,61466000.0,10460000.0,7533000.0,18547000.0,24927000.0
2106003,2014,72821000,2931000.0,69890000.0,11386000.0,4441000.0,22538000.0,31524000.0
2106003,2015,156075000,13263000.0,142812000.0,11743000.0,50887000.0,45809000.0,34372000.0
2106003,2016,132766000,8548000.0,124218000.0,11109000.0,32022000.0,41397000.0,39691000.0
2106003,2017,150518000,5660000.0,144859000.0,11952000.0,52832000.0,38697000.0,41378000.0
2106003,2018,171367000,5816000.0,165551000.0,11051000.0,62746000.0,43877000.0,47877000.0
2106003,2019,147935000,6343000.0,141592000.0,5647000.0,44806000.0,39166000.0,51973000.0
2106003,2020,140740000,6844000.0,133896000.0,6635000.0,29299000.0,38500000.0,59463000.0
2106003,2021,274539000,9594000.0,264945000.0,8084000.0,131761000.0,60967000.0,64133000.0
2106003,2022,275398000,,,,,,
2106003,2023,237817000,,,,,,
2106102,2002,20034000,363000.0,19671000.0,9326000.0,965000.0,3439000.0,5941000.0
2106102,2003,33753000,509000.0,33244000.0,19176000.0,1979000.0,5002000.0,7088000.0
2106102,2004,36488000,497000.0,35991000.0,20204000.0,1424000.0,6435000.0,7927000.0
2106102,2005,38884000,655000.0,38229000.0,20614000.0,1288000.0,7312000.0,9014000.0
2106102,2006,34761000,952000.0,33809000.0,13069000.0,2618000.0,7386000.0,10736000.0
2106102,2007,40513000,977000.0,39537000.0,18097000.0,1447000.0,8707000.0,11285000.0
2106102,2008,67292000,1222000.0,66070000.0,38015000.0,2864000.0,11653000.0,13538000.0
2106102,2009,89647000,1348000.0,88299000.0,49069000.0,4505000.0,16076000.0,18649000.0
2106102,2010,86918000,1318000.0,85600000.0,49285000.0,4094000.0,14468000.0,17752000.0
2106102,2011,71357000,2060000.0,69297000.0,29838000.0,3312000.0,15017000.0,21129000.0
2106102,2012,104265000,1803000.0,102462000.0,55178000.0,5466000.0,18104000.0,23714000.0
2106102,2013,130094000,1849000.0,128245000.0,74208000.0,5888000.0,22917000.0,25232000.0
2106102,2014,142560000,2352000.0,140208000.0,75831000.0,8307000.0,26299000.0,29772000.0
2106102,2015,154107000,3107000.0,150999000.0,78944000.0,9401000.0,30500000.0,32154000.0
2106102,2016,116043000,3847000.0,112195000.0,39772000.0,6498000.0,30622000.0,35303000.0
2106102,2017,191936000,5459000.0,186477000.0,97071000.0,8223000.0,41539000.0,39645000.0
2106102,2018,221203000,6100000.0,215103000.0,115596000.0,8715000.0,48091000.0,42701000.0
2106102,2019,193254000,6715000.0,186539000.0,89150000.0,8103000.0,44970000.0,44316000.0
2106102,2020,352001000,8101000.0,343901000.0,225141000.0,11347000.0,58355000.0,49057000.0
2106102,2021,413263000,9963000.0,403300000.0,273396000.0,12932000.0,65268000.0,51705000.0
2106102,2022,527370000,,,,,,
2106102,2023,390947000,,,,,,
2106201,2002,6799000,210000.0,6589000.0,1417000.0,255000.0,1295000.0,3622000.0
2106201,2003,7920000,113000.0,7806000.0,2092000.0,294000.0,1343000.0,4078000.0
2106201,2004,8949000,153000.0,8796000.0,2338000.0,262000.0,1660000.0,4537000.0
2106201,2005,10680000,181000.0,10500000.0,3451000.0,242000.0,1750000.0,5057000.0
2106201,2006,11635000,239000.0,11396000.0,3327000.0,529000.0,1975000.0,5566000.0
2106201,2007,13357000,270000.0,13087000.0,3654000.0,336000.0,2295000.0,6801000.0
2106201,2008,15410000,316000.0,15094000.0,4225000.0,450000.0,2623000.0,7795000.0
2106201,2009,18125000,309000.0,17816000.0,3831000.0,664000.0,3510000.0,9810000.0
2106201,2010,19312000,416000.0,18896000.0,4153000.0,711000.0,3838000.0,10194000.0
2106201,2011,22023000,539000.0,21484000.0,4905000.0,872000.0,4755000.0,10952000.0
2106201,2012,26495000,719000.0,25776000.0,5050000.0,1103000.0,5926000.0,13697000.0
2106201,2013,31729000,704000.0,31026000.0,7068000.0,1181000.0,6931000.0,15846000.0
2106201,2014,34848000,692000.0,34155000.0,7038000.0,1352000.0,7849000.0,17915000.0
2106201,2015,33374000,941000.0,32433000.0,6519000.0,1464000.0,7318000.0,17132000.0
2106201,2016,37812000,1085000.0,36727000.0,7979000.0,1561000.0,8759000.0,18428000.0
2106201,2017,48059000,1635000.0,46424000.0,7520000.0,1822000.0,11633000.0,25449000.0
2106201,2018,49725000,1796000.0,47929000.0,6635000.0,2022000.0,12604000.0,26668000.0
2106201,2019,46049000,1692000.0,44357000.0,6007000.0,1936000.0,11080000.0,25334000.0
2106201,2020,51951000,2040000.0,49911000.0,6645000.0,1891000.0,12872000.0,28502000.0
2106201,2021,57337000,2650000.0,54687000.0,7881000.0,1965000.0,14779000.0,30062000.0
2106201,2022,66411000,,,,,,
2106201,2023,72747000,,,,,,
2106300,2002,17003000,347000.0,16656000.0,4383000.0,826000.0,3544000.0,7904000.0
2106300,2003,20119000,324000.0,19795000.0,6344000.0,944000.0,3685000.0,8821000.0
2106300,2004,24551000,451000.0,24100000.0,7904000.0,911000.0,5237000.0,10047000.0
2106300,2005,25022000,618000.0,24404000.0,6766000.0,927000.0,5306000.0,11405000.0
2106300,2006,31139000,715000.0,30424000.0,7992000.0,2058000.0,6632000.0,13742000.0
2106300,2007,32822000,897000.0,31926000.0,7975000.0,1300000.0,7167000.0,15484000.0
2106300,2008,50182000,1090000.0,49093000.0,19620000.0,2090000.0,9764000.0,17619000.0
2106300,2009,55576000,1404000.0,54172000.0,18513000.0,2707000.0,11975000.0,20978000.0
2106300,2010,51930000,1529000.0,50401000.0,12707000.0,2387000.0,10406000.0,24901000.0
2106300,2011,64959000,1868000.0,63091000.0,16381000.0,2946000.0,13876000.0,29888000.0
2106300,2012,71599000,2596000.0,69003000.0,11850000.0,3387000.0,17370000.0,36396000.0
2106300,2013,87819000,2778000.0,85041000.0,20888000.0,3376000.0,20652000.0,40125000.0
2106300,2014,103341000,3034000.0,100307000.0,24012000.0,4972000.0,23841000.0,47481000.0
2106300,2015,94846000,3317000.0,91529000.0,15402000.0,5145000.0,21015000.0,49966000.0
2106300,2016,109536000,4378000.0,105157000.0,16700000.0,5548000.0,26486000.0,56424000.0
2106300,2017,115468000,4842000.0,110626000.0,19451000.0,5669000.0,27816000.0,57690000.0
2106300,2018,122879000,4930000.0,117949000.0,17714000.0,5626000.0,30167000.0,64443000.0
2106300,2019,118117000,5006000.0,113110000.0,16446000.0,5454000.0,27753000.0,63458000.0
2106300,2020,126735000,4750000.0,121985000.0,22882000.0,5200000.0,27879000.0,66024000.0
2106300,2021,140962000,6137000.0,134826000.0,24589000.0,5144000.0,32864000.0,72228000.0
2106300,2022,169830000,,,,,,
2106300,2023,181567000,,,,,,
2106326,2002,23085000,923000.0,22162000.0,3413000.0,1463000.0,7570000.0,9717000.0
2106326,2003,28658000,1301000.0,27357000.0,5209000.0,1415000.0,9647000.0,11087000.0
2106326,2004,30966000,1247000.0,29719000.0,5938000.0,1303000.0,10077000.0,12400000.0
2106326,2005,32388000,1094000.0,31295000.0,5931000.0,1148000.0,9876000.0,14339000.0
2106326,2006,39291000,1427000.0,37864000.0,5730000.0,2590000.0,12045000.0,17499000.0
2106326,2007,44766000,1880000.0,42886000.0,6739000.0,1526000.0,14678000.0,19942000.0
2106326,2008,57389000,2854000.0,54535000.0,8956000.0,2208000.0,20355000.0,23016000.0
2106326,2009,74682000,4055000.0,70627000.0,7851000.0,3284000.0,29949000.0,29543000.0
2106326,2010,83635000,4315000.0,79319000.0,10150000.0,11687000.0,29810000.0,27672000.0
2106326,2011,83324000,5275000.0,78048000.0,9903000.0,4039000.0,33186000.0,30921000.0
2106326,2012,96020000,6238000.0,89783000.0,11129000.0,5012000.0,39686000.0,33956000.0
2106326,2013,104023000,6031000.0,97992000.0,15045000.0,3792000.0,39013000.0,40141000.0
2106326,2014,123837000,7255000.0,116583000.0,14161000.0,5409000.0,49158000.0,47854000.0
2106326,2015,136500000,8832000.0,127668000.0,15895000.0,6376000.0,51513000.0,53884000.0
2106326,2016,155858000,10516000.0,145341000.0,18943000.0,6118000.0,62644000.0,57637000.0
2106326,2017,160111000,11105000.0,149006000.0,18384000.0,5953000.0,61536000.0,63133000.0
2106326,2018,178486000,13230000.0,165256000.0,17958000.0,7441000.0,68770000.0,71087000.0
2106326,2019,171965000,14157000.0,157808000.0,16511000.0,7277000.0,62869000.0,71150000.0
2106326,2020,182456000,13560000.0,168896000.0,19089000.0,8873000.0,64544000.0,76390000.0
2106326,2021,208574000,16654000.0,191920000.0,28033000.0,18365000.0,69895000.0,75626000.0
2106326,2022,250130000,,,,,,
2106326,2023,275246000,,,,,,
2106359,2002,15561000,156000.0,15406000.0,8575000.0,677000.0,1618000.0,4536000.0
2106359,2003,20508000,128000.0,20380000.0,12539000.0,997000.0,1648000.0,5197000.0
2106359,2004,22779000,162000.0,22616000.0,13787000.0,647000.0,2494000.0,5688000.0
2106359,2005,15028000,130000.0,14898000.0,6502000.0,370000.0,1533000.0,6493000.0
2106359,2006,23783000,163000.0,23620000.0,12427000.0,1455000.0,2667000.0,7071000.0
2106359,2007,24359000,196000.0,24164000.0,12703000.0,608000.0,2853000.0,7999000.0
2106359,2008,56327000,261000.0,56066000.0,39712000.0,2104000.0,5500000.0,8749000.0
2106359,2009,32790000,147000.0,32642000.0,17347000.0,1235000.0,3535000.0,10526000.0
2106359,2010,35697000,194000.0,35503000.0,16772000.0,1212000.0,3995000.0,13524000.0
2106359,2011,40843000,335000.0,40508000.0,18277000.0,1458000.0,5430000.0,15342000.0
2106359,2012,43583000,517000.0,43066000.0,18379000.0,1646000.0,6067000.0,16974000.0
2106359,2013,51208000,994000.0,50214000.0,19440000.0,1600000.0,7891000.0,21284000.0
2106359,2014,50608000,751000.0,49857000.0,17377000.0,2152000.0,8168000.0,22159000.0
2106359,2015,47346000,609000.0,46738000.0,15582000.0,1937000.0,7154000.0,22064000.0
2106359,2016,49531000,824000.0,48707000.0,15180000.0,1831000.0,8625000.0,23071000.0
2106359,2017,50490000,1068000.0,49422000.0,13719000.0,1480000.0,9155000.0,25069000.0
2106359,2018,59419000,1258000.0,58161000.0,15631000.0,1579000.0,11242000.0,29709000.0
2106359,2019,60958000,1365000.0,59593000.0,14952000.0,1570000.0,10945000.0,32125000.0
2106359,2020,66313000,1500000.0,64814000.0,18704000.0,1421000.0,10619000.0,34069000.0
2106359,2021,90804000,2236000.0,88568000.0,34659000.0,1909000.0,13841000.0,38159000.0
2106359,2022,90904000,,,,,,
2106359,2023,116023000,,,,,,
2106375,2002,13944000,287000.0,13657000.0,2677000.0,617000.0,2923000.0,7439000.0
2106375,2003,13912000,171000.0,13741000.0,4428000.0,602000.0,2278000.0,6433000.0
2106375,2004,14848000,177000.0,14670000.0,4614000.0,439000.0,2545000.0,7072000.0
2106375,2005,17523000,285000.0,17238000.0,5844000.0,438000.0,2776000.0,8180000.0
2106375,2006,21134000,447000.0,20686000.0,6566000.0,1148000.0,3370000.0,9602000.0
2106375,2007,25620000,585000.0,25035000.0,7929000.0,710000.0,4532000.0,11864000.0
2106375,2008,32161000,565000.0,31596000.0,12077000.0,1033000.0,4865000.0,13622000.0
2106375,2009,34413000,700000.0,33714000.0,9436000.0,1254000.0,6309000.0,16715000.0
2106375,2010,42660000,944000.0,41717000.0,13356000.0,1424000.0,7038000.0,19899000.0
2106375,2011,48957000,1184000.0,47773000.0,13353000.0,1637000.0,8633000.0,24150000.0
2106375,2012,56672000,1620000.0,55052000.0,13819000.0,2115000.0,9978000.0,29141000.0
2106375,2013,67798000,2235000.0,65563000.0,19984000.0,3172000.0,12258000.0,30149000.0
2106375,2014,77260000,2328000.0,74932000.0,17840000.0,6292000.0,15111000.0,35689000.0
2106375,2015,81647000,2342000.0,79305000.0,19666000.0,8629000.0,14155000.0,36855000.0
2106375,2016,90160000,3059000.0,87101000.0,22766000.0,6074000.0,17615000.0,40646000.0
2106375,2017,94054000,3385000.0,90669000.0,21811000.0,4985000.0,17735000.0,46138000.0
2106375,2018,98638000,4577000.0,94061000.0,16860000.0,5227000.0,19884000.0,52089000.0
2106375,2019,101067000,4038000.0,97029000.0,16138000.0,5204000.0,20230000.0,55457000.0
2106375,2020,103860000,4227000.0,99633000.0,19472000.0,4183000.0,19939000.0,56040000.0
2106375,2021,120910000,5738000.0,115172000.0,27163000.0,3810000.0,23614000.0,60585000.0
2106375,2022,143228000,,,,,,
2106375,2023,146664000,,,,,,
2106409,2002,17955000,412000.0,17542000.0,5636000.0,939000.0,3827000.0,7140000.0
2106409,2003,31781000,460000.0,31321000.0,15968000.0,1856000.0,5050000.0,8447000.0
2106409,2004,31130000,529000.0,30601000.0,12914000.0,1212000.0,6315000.0,10161000.0
2106409,2005,29768000,697000.0,29070000.0,9589000.0,1051000.0,6227000.0,12202000.0
2106409,2006,38535000,922000.0,37613000.0,12233000.0,2708000.0,8158000.0,14514000.0
2106409,2007,41960000,1228000.0,40732000.0,12034000.0,1569000.0,10149000.0,16980000.0
2106409,2008,56192000,1473000.0,54719000.0,22590000.0,2713000.0,12794000.0,16623000.0
2106409,2009,58641000,1830000.0,56811000.0,19213000.0,3337000.0,16028000.0,18233000.0
2106409,2010,61117000,1806000.0,59311000.0,15524000.0,2968000.0,15418000.0,25401000.0
2106409,2011,76529000,2820000.0,73709000.0,20012000.0,4009000.0,20777000.0,28912000.0
2106409,2012,77494000,2874000.0,74620000.0,13264000.0,4545000.0,20625000.0,36186000.0
2106409,2013,82724000,2751000.0,79973000.0,17585000.0,3777000.0,22285000.0,36326000.0
2106409,2014,107176000,3355000.0,103821000.0,23811000.0,5800000.0,29242000.0,44969000.0
2106409,2015,103640000,3879000.0,99760000.0,19374000.0,6062000.0,27362000.0,46962000.0
2106409,2016,110046000,5066000.0,104980000.0,16641000.0,5651000.0,34036000.0,48652000.0
2106409,2017,122462000,5233000.0,117229000.0,25676000.0,5507000.0,33711000.0,52335000.0
2106409,2018,146568000,6055000.0,140513000.0,26891000.0,9753000.0,39513000.0,64356000.0
2106409,2019,145231000,5608000.0,139623000.0,14451000.0,23670000.0,34991000.0,66511000.0
2106409,2020,171207000,6872000.0,164335000.0,36048000.0,18124000.0,39149000.0,71014000.0
2106409,2021,179196000,8109000.0,171088000.0,24299000.0,18689000.0,43643000.0,84456000.0
2106409,2022,203946000,,,,,,
2106409,2023,226303000,,,,,,
2106508,2002,26804000,889000.0,25915000.0,5722000.0,1057000.0,7053000.0,12082000.0
2106508,2003,31931000,923000.0,31009000.0,7646000.0,1279000.0,7739000.0,14344000.0
2106508,2004,35695000,948000.0,34747000.0,9227000.0,1058000.0,8487000.0,15975000.0
2106508,2005,36014000,1141000.0,34873000.0,8859000.0,968000.0,9057000.0,15989000.0
2106508,2006,43994000,1374000.0,42621000.0,8863000.0,2733000.0,10724000.0,20300000.0
2106508,2007,51623000,1740000.0,49883000.0,10512000.0,2277000.0,13378000.0,23717000.0
2106508,2008,58556000,1608000.0,56948000.0,12993000.0,3648000.0,13631000.0,26675000.0
2106508,2009,62835000,2092000.0,60743000.0,10766000.0,3878000.0,16104000.0,29995000.0
2106508,2010,69502000,1981000.0,67521000.0,14823000.0,3173000.0,15053000.0,34471000.0
2106508,2011,82360000,2636000.0,79724000.0,17140000.0,4356000.0,19162000.0,39066000.0
2106508,2012,92110000,2861000.0,89249000.0,19946000.0,5319000.0,20841000.0,43143000.0
2106508,2013,100868000,2776000.0,98092000.0,25003000.0,5189000.0,23800000.0,44099000.0
2106508,2014,119190000,4024000.0,115166000.0,23418000.0,6428000.0,31988000.0,53332000.0
2106508,2015,129416000,4977000.0,124439000.0,25970000.0,7782000.0,31595000.0,59091000.0
2106508,2016,140440000,5448000.0,134993000.0,28613000.0,7231000.0,36564000.0,62585000.0
2106508,2017,155135000,7065000.0,148070000.0,27200000.0,8459000.0,41684000.0,70727000.0
2106508,2018,161407000,7627000.0,153780000.0,26042000.0,8283000.0,44875000.0,74580000.0
2106508,2019,165288000,9043000.0,156244000.0,22738000.0,8556000.0,44534000.0,80417000.0
2106508,2020,177730000,8472000.0,169258000.0,30168000.0,9546000.0,43804000.0,85741000.0
2106508,2021,196744000,10119000.0,186626000.0,31640000.0,9232000.0,51190000.0,94564000.0
2106508,2022,211635000,,,,,,
2106508,2023,232534000,,,,,,
2106607,2002,30491000,591000.0,29900000.0,7644000.0,1392000.0,5937000.0,14927000.0
2106607,2003,33925000,513000.0,33412000.0,9006000.0,1578000.0,6090000.0,16738000.0
2106607,2004,37310000,647000.0,36663000.0,10387000.0,1386000.0,7410000.0,17479000.0
2106607,2005,39889000,906000.0,38983000.0,7456000.0,1582000.0,7960000.0,21985000.0
2106607,2006,46962000,1317000.0,45645000.0,6816000.0,3076000.0,9680000.0,26073000.0
2106607,2007,56848000,1795000.0,55053000.0,6234000.0,2199000.0,14720000.0,31901000.0
2106607,2008,69825000,2122000.0,67704000.0,8396000.0,2978000.0,18539000.0,37790000.0
2106607,2009,74754000,2422000.0,72331000.0,8344000.0,3733000.0,20295000.0,39959000.0
2106607,2010,88716000,2421000.0,86295000.0,9328000.0,5909000.0,21602000.0,49456000.0
2106607,2011,100301000,3084000.0,97217000.0,10032000.0,4665000.0,26667000.0,55852000.0
2106607,2012,103811000,3449000.0,100362000.0,6748000.0,4832000.0,27867000.0,60915000.0
2106607,2013,114635000,3228000.0,111407000.0,8436000.0,4508000.0,31252000.0,67211000.0
2106607,2014,137060000,3145000.0,133915000.0,13742000.0,6329000.0,35720000.0,78125000.0
2106607,2015,151744000,4954000.0,146791000.0,10309000.0,8262000.0,37781000.0,90438000.0
2106607,2016,168979000,7225000.0,161754000.0,8919000.0,7280000.0,48933000.0,96622000.0
2106607,2017,174474000,8312000.0,166162000.0,12611000.0,6755000.0,46510000.0,100286000.0
2106607,2018,184510000,9139000.0,175371000.0,12205000.0,7130000.0,49901000.0,106135000.0
2106607,2019,196407000,9138000.0,187269000.0,12399000.0,7771000.0,48931000.0,118168000.0
2106607,2020,210616000,8838000.0,201778000.0,15786000.0,8068000.0,49451000.0,128473000.0
2106607,2021,256347000,10803000.0,245544000.0,45275000.0,7908000.0,56385000.0,135976000.0
2106607,2022,317188000,,,,,,
2106607,2023,334401000,,,,,,
2106631,2002,11743000,381000.0,11362000.0,3920000.0,524000.0,2198000.0,4720000.0
2106631,2003,13100000,181000.0,12919000.0,5271000.0,562000.0,1600000.0,5485000.0
2106631,2004,15879000,221000.0,15658000.0,6802000.0,522000.0,2226000.0,6108000.0
2106631,2005,17247000,254000.0,16993000.0,7045000.0,489000.0,2381000.0,7078000.0
2106631,2006,20007000,404000.0,19603000.0,7339000.0,1211000.0,3083000.0,7971000.0
2106631,2007,23176000,480000.0,22697000.0,7806000.0,614000.0,3689000.0,10587000.0
2106631,2008,29770000,620000.0,29149000.0,9697000.0,929000.0,4944000.0,13580000.0
2106631,2009,35056000,719000.0,34337000.0,8618000.0,1368000.0,5969000.0,18382000.0
2106631,2010,42200000,1073000.0,41126000.0,11851000.0,1493000.0,6704000.0,21078000.0
2106631,2011,46762000,1112000.0,45651000.0,12498000.0,1728000.0,7165000.0,24261000.0
2106631,2012,49503000,1318000.0,48184000.0,11099000.0,1838000.0,7388000.0,27860000.0
2106631,2013,54844000,1475000.0,53369000.0,11525000.0,1638000.0,8279000.0,31927000.0
2106631,2014,65965000,1267000.0,64699000.0,15050000.0,2605000.0,9947000.0,37097000.0
2106631,2015,68371000,1624000.0,66747000.0,14214000.0,3193000.0,9620000.0,39720000.0
2106631,2016,80019000,2074000.0,77945000.0,15178000.0,3116000.0,13267000.0,46385000.0
2106631,2017,79297000,1786000.0,77511000.0,13921000.0,2828000.0,12036000.0,48726000.0
2106631,2018,78611000,1564000.0,77048000.0,12494000.0,2633000.0,12091000.0,49830000.0
2106631,2019,74937000,1356000.0,73580000.0,8609000.0,2462000.0,11486000.0,51023000.0
2106631,2020,83813000,1422000.0,82391000.0,10301000.0,2527000.0,12264000.0,57299000.0
2106631,2021,99315000,1810000.0,97505000.0,12827000.0,2972000.0,14372000.0,67334000.0
2106631,2022,117796000,,,,,,
2106631,2023,134625000,,,,,,
2106672,2002,10987000,144000.0,10843000.0,4413000.0,436000.0,1301000.0,4693000.0
2106672,2003,14318000,173000.0,14145000.0,6277000.0,645000.0,1487000.0,5737000.0
2106672,2004,18262000,243000.0,18019000.0,8560000.0,510000.0,2448000.0,6502000.0
2106672,2005,16030000,236000.0,15794000.0,6712000.0,345000.0,2080000.0,6657000.0
2106672,2006,20938000,307000.0,20631000.0,8904000.0,1277000.0,2726000.0,7724000.0
2106672,2007,21326000,362000.0,20965000.0,9027000.0,545000.0,2882000.0,8510000.0
2106672,2008,30073000,395000.0,29678000.0,15483000.0,1083000.0,3633000.0,9479000.0
2106672,2009,32740000,223000.0,32517000.0,16286000.0,1402000.0,4128000.0,10701000.0
2106672,2010,30795000,343000.0,30452000.0,12959000.0,1205000.0,4247000.0,12040000.0
2106672,2011,38980000,550000.0,38430000.0,16498000.0,1562000.0,5709000.0,14661000.0
2106672,2012,34601000,566000.0,34036000.0,10915000.0,1343000.0,5353000.0,16424000.0
2106672,2013,36764000,549000.0,36215000.0,11314000.0,1150000.0,6176000.0,17573000.0
2106672,2014,47688000,527000.0,47161000.0,17318000.0,2168000.0,7600000.0,20075000.0
2106672,2015,43703000,604000.0,43099000.0,12674000.0,2017000.0,6522000.0,21886000.0
2106672,2016,45480000,922000.0,44558000.0,9809000.0,1742000.0,8142000.0,24865000.0
2106672,2017,50278000,1029000.0,49249000.0,13195000.0,1592000.0,8425000.0,26037000.0
2106672,2018,53229000,992000.0,52237000.0,12634000.0,1582000.0,9144000.0,28877000.0
2106672,2019,49781000,1134000.0,48647000.0,8905000.0,1472000.0,8858000.0,29411000.0
2106672,2020,69362000,1427000.0,67936000.0,24216000.0,1829000.0,10444000.0,31446000.0
2106672,2021,64341000,1604000.0,62737000.0,17651000.0,1677000.0,10176000.0,33233000.0
2106672,2022,82048000,,,,,,
2106672,2023,94017000,,,,,,
2106706,2002,31106000,595000.0,30512000.0,13358000.0,1386000.0,5719000.0,10049000.0
2106706,2003,34485000,586000.0,33899000.0,14633000.0,1531000.0,6179000.0,11555000.0
2106706,2004,41703000,509000.0,41194000.0,19480000.0,1416000.0,7063000.0,13236000.0
2106706,2005,37384000,628000.0,36756000.0,14203000.0,1010000.0,6983000.0,14559000.0
2106706,2006,44194000,706000.0,43488000.0,15887000.0,2438000.0,7932000.0,17232000.0
2106706,2007,46113000,938000.0,45175000.0,16943000.0,1451000.0,9754000.0,17027000.0
2106706,2008,59950000,1167000.0,58783000.0,24908000.0,2113000.0,11800000.0,19962000.0
2106706,2009,71214000,1174000.0,70040000.0,26673000.0,3188000.0,14304000.0,25875000.0
2106706,2010,83775000,1747000.0,82029000.0,30910000.0,3377000.0,17627000.0,30116000.0
2106706,2011,91431000,2524000.0,88907000.0,31211000.0,4186000.0,21146000.0,32364000.0
2106706,2012,104756000,3455000.0,101300000.0,29849000.0,6509000.0,27133000.0,37810000.0
2106706,2013,114832000,3529000.0,111303000.0,35246000.0,5669000.0,30473000.0,39916000.0
2106706,2014,136370000,4527000.0,131843000.0,37213000.0,6614000.0,39184000.0,48832000.0
2106706,2015,156196000,4912000.0,151284000.0,47968000.0,10239000.0,39266000.0,53810000.0
2106706,2016,149750000,5831000.0,143919000.0,25557000.0,6820000.0,46259000.0,65283000.0
2106706,2017,179763000,7186000.0,172577000.0,46923000.0,6722000.0,50818000.0,68115000.0
2106706,2018,205687000,8502000.0,197184000.0,63634000.0,9928000.0,56349000.0,67274000.0
2106706,2019,181018000,8647000.0,172371000.0,38682000.0,6800000.0,51825000.0,75063000.0
2106706,2020,230130000,9085000.0,221045000.0,80701000.0,7119000.0,54894000.0,78331000.0
2106706,2021,277811000,9575000.0,268235000.0,122467000.0,8025000.0,59779000.0,77964000.0
2106706,2022,381900000,,,,,,
2106706,2023,389857000,,,,,,
2106755,2002,25168000,1250000.0,23918000.0,2029000.0,1905000.0,9517000.0,10466000.0
2106755,2003,28209000,1094000.0,27115000.0,2850000.0,1790000.0,10468000.0,12008000.0
2106755,2004,31110000,1209000.0,29901000.0,3129000.0,1800000.0,11698000.0,13273000.0
2106755,2005,36588000,1559000.0,35029000.0,3332000.0,1394000.0,12997000.0,17306000.0
2106755,2006,42705000,1991000.0,40714000.0,3496000.0,2649000.0,15062000.0,19507000.0
2106755,2007,43293000,2072000.0,41221000.0,3972000.0,2183000.0,15950000.0,19116000.0
2106755,2008,52428000,2739000.0,49689000.0,4951000.0,2404000.0,20085000.0,22249000.0
2106755,2009,96533000,8656000.0,87877000.0,4716000.0,14975000.0,39833000.0,28354000.0
2106755,2010,219999000,20371000.0,199629000.0,5373000.0,114302000.0,42931000.0,37023000.0
2106755,2011,223644000,24537000.0,199107000.0,6441000.0,108941000.0,42142000.0,41583000.0
2106755,2012,252519000,25915000.0,226604000.0,7070000.0,125397000.0,48553000.0,45583000.0
2106755,2013,251009000,31843000.0,219166000.0,8026000.0,99597000.0,57604000.0,53938000.0
2106755,2014,332715000,39528000.0,293187000.0,9271000.0,143155000.0,73624000.0,67137000.0
2106755,2015,462700000,42889000.0,419812000.0,9254000.0,263499000.0,69214000.0,77845000.0
2106755,2016,470001000,39175000.0,430826000.0,9485000.0,252002000.0,79695000.0,89645000.0
2106755,2017,487752000,41735000.0,446017000.0,10020000.0,257325000.0,78525000.0,100148000.0
2106755,2018,535702000,49277000.0,486424000.0,10403000.0,292124000.0,93085000.0,90813000.0
2106755,2019,481591000,40305000.0,441286000.0,10355000.0,246213000.0,79486000.0,105233000.0
2106755,2020,524180000,46745000.0,477436000.0,12309000.0,285216000.0,74971000.0,104940000.0
2106755,2021,788580000,63860000.0,724720000.0,15486000.0,508599000.0,79801000.0,120835000.0
2106755,2022,538577000,,,,,,
2106755,2023,578366000,,,,,,
2106805,2002,15631000,595000.0,15036000.0,1123000.0,855000.0,6012000.0,7047000.0
2106805,2003,18396000,634000.0,17762000.0,1542000.0,1262000.0,6640000.0,8317000.0
2106805,2004,17162000,525000.0,16637000.0,1722000.0,734000.0,5203000.0,8977000.0
2106805,2005,21214000,638000.0,20576000.0,1960000.0,906000.0,6450000.0,11260000.0
2106805,2006,26902000,928000.0,25974000.0,1756000.0,2225000.0,7909000.0,14083000.0
2106805,2007,29745000,1191000.0,28555000.0,2151000.0,1733000.0,9610000.0,15061000.0
2106805,2008,35162000,1376000.0,33785000.0,3479000.0,2176000.0,11426000.0,16704000.0
2106805,2009,42938000,1660000.0,41278000.0,3809000.0,2534000.0,14218000.0,20717000.0
2106805,2010,41328000,1390000.0,39938000.0,3222000.0,2408000.0,12274000.0,22034000.0
2106805,2011,48842000,1597000.0,47245000.0,4557000.0,2733000.0,14205000.0,25750000.0
2106805,2012,52402000,1626000.0,50776000.0,4606000.0,2785000.0,14788000.0,28597000.0
2106805,2013,56916000,2256000.0,54660000.0,5817000.0,2392000.0,17342000.0,29109000.0
2106805,2014,64734000,2062000.0,62672000.0,5635000.0,3260000.0,20824000.0,32953000.0
2106805,2015,77271000,3974000.0,73297000.0,5779000.0,4449000.0,25933000.0,37135000.0
2106805,2016,85265000,3621000.0,81644000.0,6376000.0,4035000.0,27680000.0,43553000.0
2106805,2017,90901000,4804000.0,86097000.0,6258000.0,4155000.0,31245000.0,44438000.0
2106805,2018,101529000,5387000.0,96142000.0,5485000.0,4233000.0,35307000.0,51117000.0
2106805,2019,102602000,5719000.0,96883000.0,5280000.0,4225000.0,35315000.0,52064000.0
2106805,2020,104861000,5206000.0,99655000.0,5605000.0,3814000.0,35819000.0,54418000.0
2106805,2021,112050000,6926000.0,105124000.0,6055000.0,4025000.0,38595000.0,56449000.0
2106805,2022,121873000,,,,,,
2106805,2023,133235000,,,,,,
2106904,2002,35974000,511000.0,35463000.0,15507000.0,1095000.0,5161000.0,13701000.0
2106904,2003,42846000,434000.0,42412000.0,19483000.0,1356000.0,5467000.0,16106000.0
2106904,2004,47433000,821000.0,46611000.0,19653000.0,1149000.0,7646000.0,18164000.0
2106904,2005,50747000,658000.0,50089000.0,21724000.0,1106000.0,7690000.0,19569000.0
2106904,2006,55588000,830000.0,54758000.0,20520000.0,2506000.0,9161000.0,22571000.0
2106904,2007,62599000,1034000.0,61565000.0,22930000.0,1515000.0,10428000.0,26692000.0
2106904,2008,79051000,1432000.0,77619000.0,31967000.0,2275000.0,12806000.0,30572000.0
2106904,2009,86475000,1815000.0,84661000.0,28102000.0,2860000.0,17304000.0,36395000.0
2106904,2010,94648000,1341000.0,93307000.0,30292000.0,2930000.0,15068000.0,45017000.0
2106904,2011,112189000,2151000.0,110038000.0,33081000.0,3670000.0,19235000.0,54051000.0
2106904,2012,122351000,2437000.0,119914000.0,34608000.0,4165000.0,20924000.0,60217000.0
2106904,2013,146662000,2256000.0,144407000.0,46829000.0,4008000.0,24909000.0,68660000.0
2106904,2014,157706000,2640000.0,155067000.0,42691000.0,5242000.0,29493000.0,77641000.0
2106904,2015,168448000,4685000.0,163763000.0,41664000.0,6082000.0,30934000.0,85083000.0
2106904,2016,188452000,5644000.0,182807000.0,45453000.0,5945000.0,39138000.0,92272000.0
2106904,2017,199130000,6120000.0,193010000.0,42675000.0,5587000.0,40597000.0,104152000.0
2106904,2018,216890000,7977000.0,208913000.0,40654000.0,8498000.0,46768000.0,112992000.0
2106904,2019,234000000,8015000.0,225985000.0,37802000.0,9902000.0,47849000.0,130432000.0
2106904,2020,238461000,7849000.0,230612000.0,45819000.0,8772000.0,45261000.0,130759000.0
2106904,2021,257635000,9190000.0,248446000.0,57502000.0,8048000.0,47673000.0,135223000.0
2106904,2022,290604000,,,,,,
2106904,2023,280367000,,,,,,
2107001,2002,16640000,360000.0,16280000.0,5458000.0,738000.0,3455000.0,6628000.0
2107001,2003,20167000,350000.0,19816000.0,7596000.0,1112000.0,3716000.0,7393000.0
2107001,2004,21019000,439000.0,20580000.0,7753000.0,736000.0,4649000.0,7442000.0
2107001,2005,22516000,434000.0,22082000.0,8786000.0,588000.0,4459000.0,8249000.0
2107001,2006,25556000,564000.0,24992000.0,8820000.0,1290000.0,5121000.0,9761000.0
2107001,2007,25686000,599000.0,25087000.0,9033000.0,789000.0,5697000.0,9568000.0
2107001,2008,31624000,710000.0,30914000.0,11877000.0,1129000.0,6757000.0,11150000.0
2107001,2009,31811000,586000.0,31225000.0,9478000.0,1351000.0,6817000.0,13579000.0
2107001,2010,33158000,747000.0,32411000.0,10326000.0,1185000.0,7022000.0,13878000.0
2107001,2011,36556000,841000.0,35715000.0,11030000.0,1433000.0,7475000.0,15777000.0
2107001,2012,40163000,861000.0,39302000.0,11143000.0,1751000.0,8491000.0,17918000.0
2107001,2013,44586000,743000.0,43843000.0,13536000.0,1865000.0,9611000.0,18832000.0
2107001,2014,50027000,731000.0,49297000.0,15543000.0,2138000.0,10040000.0,21576000.0
2107001,2015,53958000,983000.0,52974000.0,19162000.0,2685000.0,9054000.0,22072000.0
2107001,2016,60034000,1511000.0,58523000.0,18325000.0,2964000.0,12229000.0,25004000.0
2107001,2017,61797000,1704000.0,60094000.0,14078000.0,3063000.0,13329000.0,29624000.0
2107001,2018,65983000,1980000.0,64003000.0,14015000.0,3136000.0,14825000.0,32027000.0
2107001,2019,62778000,2226000.0,60552000.0,15203000.0,3012000.0,14148000.0,28190000.0
2107001,2020,71931000,2518000.0,69412000.0,19815000.0,3084000.0,16931000.0,29582000.0
2107001,2021,86487000,3264000.0,83224000.0,27937000.0,3356000.0,17208000.0,34724000.0
2107001,2022,104605000,,,,,,
2107001,2023,119453000,,,,,,
2107100,2002,15736000,402000.0,15334000.0,1284000.0,631000.0,3604000.0,9815000.0
2107100,2003,17874000,337000.0,17537000.0,2027000.0,775000.0,3574000.0,11161000.0
2107100,2004,20405000,498000.0,19907000.0,2395000.0,607000.0,5050000.0,11856000.0
2107100,2005,21606000,649000.0,20957000.0,2460000.0,602000.0,5326000.0,12569000.0
2107100,2006,26811000,898000.0,25913000.0,2343000.0,1532000.0,6974000.0,15064000.0
2107100,2007,30041000,1086000.0,28955000.0,2566000.0,1001000.0,8456000.0,16931000.0
2107100,2008,38693000,1483000.0,37210000.0,3833000.0,1390000.0,11042000.0,20945000.0
2107100,2009,46000000,1742000.0,44258000.0,3720000.0,2008000.0,13915000.0,24616000.0
2107100,2010,52781000,2118000.0,50662000.0,3889000.0,2208000.0,16201000.0,28364000.0
2107100,2011,64652000,2611000.0,62041000.0,5064000.0,2897000.0,20045000.0,34035000.0
2107100,2012,72251000,2742000.0,69509000.0,5783000.0,4298000.0,21751000.0,37677000.0
2107100,2013,76106000,2912000.0,73195000.0,6027000.0,2858000.0,23494000.0,40816000.0
2107100,2014,95827000,3435000.0,92392000.0,8960000.0,7646000.0,28662000.0,47124000.0
2107100,2015,96239000,3945000.0,92293000.0,9191000.0,5436000.0,26995000.0,50670000.0
2107100,2016,110899000,4956000.0,105944000.0,7882000.0,5651000.0,35557000.0,56853000.0
2107100,2017,117045000,5033000.0,112012000.0,7085000.0,4986000.0,34285000.0,65657000.0
2107100,2018,124207000,8959000.0,115248000.0,5268000.0,4891000.0,39473000.0,65617000.0
2107100,2019,134789000,8754000.0,126036000.0,5152000.0,5191000.0,41236000.0,74456000.0
2107100,2020,130610000,7003000.0,123606000.0,5995000.0,4394000.0,38573000.0,74645000.0
2107100,2021,149899000,9343000.0,140556000.0,6624000.0,5157000.0,46537000.0,82239000.0
2107100,2022,168263000,,,,,,
2107100,2023,190452000,,,,,,
2107209,2002,10100000,222000.0,9878000.0,1747000.0,448000.0,1910000.0,5773000.0
2107209,2003,11289000,197000.0,11092000.0,2328000.0,518000.0,1799000.0,6446000.0
2107209,2004,12268000,242000.0,12026000.0,2659000.0,433000.0,2104000.0,6831000.0
2107209,2005,14147000,297000.0,13850000.0,2928000.0,450000.0,2292000.0,8180000.0
2107209,2006,15988000,329000.0,15659000.0,3331000.0,974000.0,2761000.0,8593000.0
2107209,2007,17779000,400000.0,17379000.0,3536000.0,595000.0,3123000.0,10125000.0
2107209,2008,22028000,507000.0,21521000.0,4474000.0,830000.0,3983000.0,12233000.0
2107209,2009,25687000,591000.0,25096000.0,4168000.0,1263000.0,4690000.0,14976000.0
2107209,2010,30848000,727000.0,30121000.0,5983000.0,1269000.0,5323000.0,17546000.0
2107209,2011,37027000,820000.0,36207000.0,6715000.0,1545000.0,6668000.0,21279000.0
2107209,2012,43397000,1305000.0,42092000.0,7409000.0,1901000.0,9234000.0,23549000.0
2107209,2013,43500000,767000.0,42733000.0,6277000.0,1526000.0,7740000.0,27190000.0
2107209,2014,51038000,623000.0,50415000.0,10861000.0,2203000.0,8462000.0,28889000.0
2107209,2015,53316000,999000.0,52317000.0,8327000.0,2549000.0,8294000.0,33148000.0
2107209,2016,59734000,1301000.0,58434000.0,8409000.0,2531000.0,10434000.0,37060000.0
2107209,2017,64827000,1440000.0,63387000.0,7018000.0,2418000.0,11093000.0,42858000.0
2107209,2018,72275000,1891000.0,70384000.0,5929000.0,2753000.0,13021000.0,48681000.0
2107209,2019,76513000,1732000.0,74780000.0,3953000.0,3083000.0,13634000.0,54110000.0
2107209,2020,82274000,2249000.0,80025000.0,4529000.0,2922000.0,14095000.0,58480000.0
2107209,2021,88513000,2850000.0,85663000.0,4938000.0,3814000.0,16683000.0,60229000.0
2107209,2022,103301000,,,,,,
2107209,2023,109174000,,,,,,
2107258,2002,11687000,165000.0,11522000.0,6115000.0,533000.0,1523000.0,3351000.0
2107258,2003,15936000,148000.0,15789000.0,9913000.0,729000.0,1581000.0,3565000.0
2107258,2004,22302000,213000.0,22088000.0,14089000.0,659000.0,2878000.0,4462000.0
2107258,2005,14253000,212000.0,14041000.0,6991000.0,307000.0,1931000.0,4811000.0
2107258,2006,14031000,291000.0,13740000.0,5264000.0,830000.0,2228000.0,5418000.0
2107258,2007,15234000,344000.0,14890000.0,5724000.0,491000.0,2529000.0,6146000.0
2107258,2008,22504000,475000.0,22029000.0,10244000.0,867000.0,3836000.0,7081000.0
2107258,2009,23724000,501000.0,23222000.0,9556000.0,1030000.0,4295000.0,8342000.0
2107258,2010,28563000,643000.0,27920000.0,12772000.0,1241000.0,5095000.0,8812000.0
2107258,2011,30209000,594000.0,29615000.0,12842000.0,1302000.0,5323000.0,10149000.0
2107258,2012,37190000,754000.0,36436000.0,16400000.0,1674000.0,6463000.0,11900000.0
2107258,2013,44078000,723000.0,43355000.0,21649000.0,1519000.0,7387000.0,12799000.0
2107258,2014,45688000,884000.0,44805000.0,20083000.0,2034000.0,8398000.0,14289000.0
2107258,2015,49458000,1238000.0,48221000.0,20873000.0,2358000.0,9060000.0,15930000.0
2107258,2016,47981000,1586000.0,46395000.0,15182000.0,1870000.0,10968000.0,18376000.0
2107258,2017,55841000,1677000.0,54165000.0,20286000.0,1949000.0,11463000.0,20467000.0
2107258,2018,57190000,1691000.0,55499000.0,20748000.0,1887000.0,11757000.0,21107000.0
2107258,2019,56551000,1775000.0,54776000.0,20497000.0,1811000.0,11036000.0,21432000.0
2107258,2020,73841000,1990000.0,71851000.0,32865000.0,2300000.0,12163000.0,24522000.0
2107258,2021,86427000,2506000.0,83921000.0,40763000.0,2532000.0,13907000.0,26719000.0
2107258,2022,100922000,,,,,,
2107258,2023,95718000,,,,,,
2107308,2002,8263000,129000.0,8133000.0,2961000.0,626000.0,1555000.0,2991000.0
2107308,2003,10287000,106000.0,10181000.0,4387000.0,524000.0,1690000.0,3580000.0
2107308,2004,11144000,138000.0,11006000.0,4226000.0,611000.0,2102000.0,4066000.0
2107308,2005,10820000,176000.0,10644000.0,3211000.0,430000.0,2179000.0,4824000.0
2107308,2006,12249000,211000.0,12038000.0,3004000.0,796000.0,2263000.0,5975000.0
2107308,2007,13083000,256000.0,12827000.0,2748000.0,436000.0,2660000.0,6983000.0
2107308,2008,14633000,252000.0,14381000.0,4272000.0,637000.0,2702000.0,6769000.0
2107308,2009,16545000,301000.0,16243000.0,3407000.0,812000.0,3199000.0,8825000.0
2107308,2010,16823000,278000.0,16545000.0,4402000.0,744000.0,3055000.0,8344000.0
2107308,2011,17719000,387000.0,17332000.0,4511000.0,1080000.0,3413000.0,8328000.0
2107308,2012,21016000,526000.0,20489000.0,4089000.0,1202000.0,4299000.0,10900000.0
2107308,2013,23110000,427000.0,22683000.0,5891000.0,1198000.0,4877000.0,10717000.0
2107308,2014,27409000,595000.0,26815000.0,6285000.0,1766000.0,6460000.0,12303000.0
2107308,2015,31025000,1170000.0,29855000.0,7248000.0,1659000.0,7806000.0,13143000.0
2107308,2016,32761000,1280000.0,31481000.0,5998000.0,1589000.0,9081000.0,14813000.0
2107308,2017,36821000,1167000.0,35654000.0,8190000.0,1554000.0,8694000.0,17216000.0
2107308,2018,38640000,1328000.0,37312000.0,7312000.0,1582000.0,9181000.0,19237000.0
2107308,2019,38293000,1330000.0,36963000.0,6923000.0,1607000.0,8681000.0,19752000.0
2107308,2020,45672000,1543000.0,44129000.0,12659000.0,1641000.0,9320000.0,20508000.0
2107308,2021,50966000,1900000.0,49066000.0,14167000.0,1712000.0,10516000.0,22671000.0
2107308,2022,52128000,,,,,,
2107308,2023,53436000,,,,,,
2107357,2002,25846000,621000.0,25225000.0,8008000.0,1067000.0,5331000.0,10819000.0
2107357,2003,28580000,490000.0,28089000.0,11159000.0,1214000.0,4916000.0,10801000.0
2107357,2004,32754000,694000.0,32059000.0,12072000.0,926000.0,6517000.0,12545000.0
2107357,2005,33126000,699000.0,32426000.0,11152000.0,802000.0,6324000.0,14147000.0
2107357,2006,38139000,860000.0,37279000.0,11282000.0,2146000.0,7635000.0,16216000.0
2107357,2007,45226000,1151000.0,44076000.0,12901000.0,1262000.0,9904000.0,20009000.0
2107357,2008,56683000,1418000.0,55265000.0,17218000.0,1935000.0,12073000.0,24040000.0
2107357,2009,61496000,1679000.0,59817000.0,14653000.0,2455000.0,14988000.0,27720000.0
2107357,2010,69728000,1940000.0,67788000.0,17141000.0,2839000.0,16379000.0,31429000.0
2107357,2011,81968000,2620000.0,79348000.0,17677000.0,3335000.0,20503000.0,37833000.0
2107357,2012,97672000,3233000.0,94438000.0,18237000.0,4661000.0,25542000.0,45998000.0
2107357,2013,111643000,3408000.0,108235000.0,23725000.0,3876000.0,27182000.0,53452000.0
2107357,2014,125447000,4091000.0,121357000.0,21312000.0,5705000.0,34061000.0,60279000.0
2107357,2015,121396000,4280000.0,117116000.0,23295000.0,5711000.0,29927000.0,58183000.0
2107357,2016,127573000,4655000.0,122918000.0,23621000.0,4779000.0,34221000.0,60296000.0
2107357,2017,132416000,4917000.0,127499000.0,25160000.0,4286000.0,33181000.0,64871000.0
2107357,2018,132901000,4923000.0,127978000.0,24541000.0,4029000.0,32940000.0,66469000.0
2107357,2019,140927000,5796000.0,135131000.0,25403000.0,4218000.0,32889000.0,72621000.0
2107357,2020,154910000,5946000.0,148963000.0,31203000.0,3942000.0,33406000.0,80412000.0
2107357,2021,183142000,7296000.0,175847000.0,41480000.0,4444000.0,37193000.0,92730000.0
2107357,2022,177468000,,,,,,
2107357,2023,171963000,,,,,,
2107407,2002,29884000,1247000.0,28637000.0,7727000.0,1568000.0,9533000.0,9809000.0
2107407,2003,36070000,1261000.0,34809000.0,10751000.0,1762000.0,10495000.0,11801000.0
2107407,2004,39601000,1407000.0,38195000.0,11362000.0,1667000.0,11926000.0,13239000.0
2107407,2005,45397000,2002000.0,43396000.0,11428000.0,1779000.0,14688000.0,15501000.0
2107407,2006,47907000,2125000.0,45782000.0,11378000.0,3318000.0,15310000.0,15776000.0
2107407,2007,51821000,2723000.0,49098000.0,11727000.0,1841000.0,17921000.0,17609000.0
2107407,2008,68689000,2998000.0,65691000.0,19762000.0,2714000.0,21254000.0,21961000.0
2107407,2009,74123000,3133000.0,70990000.0,15854000.0,3319000.0,23816000.0,28001000.0
2107407,2010,72604000,2859000.0,69745000.0,17256000.0,2729000.0,21893000.0,27866000.0
2107407,2011,78923000,2987000.0,75936000.0,20253000.0,2903000.0,22540000.0,30240000.0
2107407,2012,93150000,3782000.0,89368000.0,21061000.0,3706000.0,26997000.0,37604000.0
2107407,2013,105181000,3428000.0,101754000.0,25292000.0,3438000.0,29043000.0,43981000.0
2107407,2014,121956000,4318000.0,117637000.0,26028000.0,4844000.0,36804000.0,49962000.0
2107407,2015,129896000,4951000.0,124945000.0,26920000.0,5761000.0,36684000.0,55580000.0
2107407,2016,144871000,5551000.0,139320000.0,26965000.0,5794000.0,43730000.0,62831000.0
2107407,2017,136943000,5515000.0,131428000.0,22782000.0,4987000.0,38161000.0,65498000.0
2107407,2018,150361000,6822000.0,143539000.0,20749000.0,5372000.0,43248000.0,74170000.0
2107407,2019,148315000,6870000.0,141445000.0,20220000.0,5006000.0,40709000.0,75511000.0
2107407,2020,166044000,7214000.0,158830000.0,25190000.0,5034000.0,42619000.0,85987000.0
2107407,2021,188363000,10061000.0,178301000.0,34631000.0,5317000.0,49643000.0,88710000.0
2107407,2022,206604000,,,,,,
2107407,2023,225755000,,,,,,
2107456,2002,14282000,340000.0,13942000.0,4420000.0,528000.0,2613000.0,6381000.0
2107456,2003,16821000,354000.0,16467000.0,6032000.0,655000.0,2713000.0,7066000.0
2107456,2004,18755000,415000.0,18340000.0,7198000.0,507000.0,3524000.0,7111000.0
2107456,2005,19871000,431000.0,19441000.0,6171000.0,469000.0,3562000.0,9238000.0
2107456,2006,22588000,753000.0,21835000.0,5795000.0,1204000.0,4086000.0,10750000.0
2107456,2007,26033000,534000.0,25499000.0,7339000.0,667000.0,4479000.0,13014000.0
2107456,2008,33294000,677000.0,32617000.0,9570000.0,1067000.0,5665000.0,16316000.0
2107456,2009,33185000,711000.0,32474000.0,6522000.0,1279000.0,6449000.0,18224000.0
2107456,2010,39152000,832000.0,38320000.0,9038000.0,1549000.0,7075000.0,20658000.0
2107456,2011,47698000,1060000.0,46637000.0,10058000.0,1986000.0,9835000.0,24759000.0
2107456,2012,51546000,1268000.0,50279000.0,11263000.0,2010000.0,10684000.0,26322000.0
2107456,2013,61015000,1743000.0,59272000.0,13885000.0,2249000.0,13898000.0,29240000.0
2107456,2014,70109000,1907000.0,68202000.0,13118000.0,4142000.0,16010000.0,34931000.0
2107456,2015,75958000,3257000.0,72702000.0,11760000.0,3831000.0,19080000.0,38031000.0
2107456,2016,91439000,4667000.0,86772000.0,12472000.0,4235000.0,27097000.0,42968000.0
2107456,2017,84615000,4178000.0,80438000.0,10382000.0,3682000.0,22257000.0,44117000.0
2107456,2018,90140000,4459000.0,85680000.0,10357000.0,4170000.0,25015000.0,46138000.0
2107456,2019,88906000,4730000.0,84177000.0,8566000.0,4010000.0,22665000.0,48935000.0
2107456,2020,93848000,4871000.0,88977000.0,10152000.0,3149000.0,24034000.0,51642000.0
2107456,2021,107282000,5863000.0,101420000.0,12071000.0,2986000.0,27447000.0,58916000.0
2107456,2022,128664000,,,,,,
2107456,2023,132761000,,,,,,
2107506,2002,129881000,5413000.0,124468000.0,18919000.0,20541000.0,46985000.0,38023000.0
2107506,2003,156925000,4438000.0,152487000.0,21223000.0,37178000.0,50592000.0,43494000.0
2107506,2004,184166000,6196000.0,177970000.0,19724000.0,42258000.0,61247000.0,54741000.0
2107506,2005,195952000,8280000.0,187672000.0,19696000.0,35261000.0,69209000.0,63506000.0
2107506,2006,238774000,10830000.0,227944000.0,17746000.0,49539000.0,82446000.0,78212000.0
2107506,2007,253129000,13461000.0,239668000.0,22103000.0,37381000.0,98269000.0,81915000.0
2107506,2008,298627000,17185000.0,281442000.0,33393000.0,27035000.0,123446000.0,97568000.0
2107506,2009,351282000,20398000.0,330884000.0,17117000.0,45936000.0,149390000.0,118441000.0
2107506,2010,378482000,22966000.0,355516000.0,21932000.0,48301000.0,153296000.0,131987000.0
2107506,2011,438017000,28987000.0,409030000.0,14295000.0,67848000.0,179865000.0,147022000.0
2107506,2012,498921000,33410000.0,465511000.0,13703000.0,79771000.0,209884000.0,162154000.0
2107506,2013,577554000,35257000.0,542297000.0,16529000.0,84864000.0,250047000.0,190856000.0
2107506,2014,694752000,42562000.0,652189000.0,13094000.0,93178000.0,312045000.0,233874000.0
2107506,2015,715408000,42727000.0,672681000.0,17215000.0,103883000.0,289538000.0,262046000.0
2107506,2016,793261000,47674000.0,745587000.0,13889000.0,97626000.0,349378000.0,284694000.0
2107506,2017,864315000,54935000.0,809380000.0,15173000.0,118106000.0,357238000.0,318864000.0
2107506,2018,930720000,61617000.0,869103000.0,15114000.0,109796000.0,392414000.0,351779000.0
2107506,2019,990949000,73403000.0,917546000.0,18978000.0,108677000.0,415822000.0,374069000.0
2107506,2020,1086044000,76449000.0,1009594000.0,20362000.0,127328000.0,432467000.0,429438000.0
2107506,2021,1240349000,113044000.0,1127306000.0,23652000.0,136977000.0,509019000.0,457657000.0
2107506,2022,1540542000,,,,,,
2107506,2023,1643537000,,,,,,
2107605,2002,22737000,496000.0,22241000.0,6473000.0,915000.0,4237000.0,10616000.0
2107605,2003,25856000,391000.0,25466000.0,7650000.0,1128000.0,4331000.0,12357000.0
2107605,2004,29649000,524000.0,29126000.0,8709000.0,928000.0,5349000.0,14140000.0
2107605,2005,33961000,571000.0,33391000.0,10892000.0,1045000.0,5825000.0,15629000.0
2107605,2006,36562000,755000.0,35807000.0,8590000.0,2074000.0,6816000.0,18326000.0
2107605,2007,41597000,932000.0,40666000.0,10206000.0,1325000.0,8105000.0,21030000.0
2107605,2008,56378000,1150000.0,55228000.0,16762000.0,2132000.0,10554000.0,25781000.0
2107605,2009,59021000,1271000.0,57750000.0,14372000.0,2696000.0,12086000.0,28595000.0
2107605,2010,56150000,1300000.0,54850000.0,13391000.0,2315000.0,11019000.0,28125000.0
2107605,2011,70773000,1691000.0,69083000.0,17333000.0,3175000.0,14485000.0,34090000.0
2107605,2012,76578000,1912000.0,74666000.0,18169000.0,3419000.0,15892000.0,37186000.0
2107605,2013,90958000,1933000.0,89025000.0,23467000.0,3312000.0,19774000.0,42473000.0
2107605,2014,104910000,2513000.0,102397000.0,23193000.0,5137000.0,24427000.0,49640000.0
2107605,2015,108542000,3169000.0,105373000.0,21851000.0,7165000.0,22989000.0,53369000.0
2107605,2016,122394000,3916000.0,118478000.0,22220000.0,5544000.0,30225000.0,60489000.0
2107605,2017,124598000,4235000.0,120363000.0,20766000.0,4821000.0,29159000.0,65617000.0
2107605,2018,123618000,3939000.0,119679000.0,16949000.0,4569000.0,29595000.0,68566000.0
2107605,2019,124816000,4420000.0,120396000.0,15386000.0,4572000.0,28410000.0,72027000.0
2107605,2020,128930000,4342000.0,124588000.0,16747000.0,4290000.0,27549000.0,76001000.0
2107605,2021,139099000,4903000.0,134197000.0,19362000.0,4488000.0,29433000.0,80914000.0
2107605,2022,166373000,,,,,,
2107605,2023,188190000,,,,,,
2107704,2002,31564000,1308000.0,30256000.0,7618000.0,2322000.0,9384000.0,10932000.0
2107704,2003,39727000,1383000.0,38344000.0,11828000.0,2816000.0,11028000.0,12672000.0
2107704,2004,44565000,1733000.0,42832000.0,11818000.0,2227000.0,14016000.0,14770000.0
2107704,2005,44963000,2212000.0,42751000.0,7619000.0,2469000.0,15732000.0,16931000.0
2107704,2006,51337000,2794000.0,48543000.0,7623000.0,4910000.0,17029000.0,18980000.0
2107704,2007,52356000,2964000.0,49392000.0,6740000.0,3071000.0,18754000.0,20827000.0
2107704,2008,63348000,3238000.0,60110000.0,11579000.0,3944000.0,21476000.0,23111000.0
2107704,2009,71313000,3443000.0,67870000.0,9920000.0,5349000.0,24946000.0,27655000.0
2107704,2010,70948000,2724000.0,68223000.0,13408000.0,4894000.0,20260000.0,29662000.0
2107704,2011,79041000,3098000.0,75943000.0,12388000.0,6863000.0,22486000.0,34207000.0
2107704,2012,84780000,3662000.0,81118000.0,10106000.0,8268000.0,25926000.0,36818000.0
2107704,2013,93677000,3414000.0,90263000.0,15760000.0,5712000.0,27569000.0,41222000.0
2107704,2014,116964000,3896000.0,113068000.0,19222000.0,9333000.0,34160000.0,50354000.0
2107704,2015,130239000,6143000.0,124096000.0,21064000.0,9861000.0,39606000.0,53565000.0
2107704,2016,135583000,6556000.0,129027000.0,14793000.0,13352000.0,44997000.0,55885000.0
2107704,2017,138187000,7164000.0,131023000.0,23535000.0,10457000.0,44516000.0,52514000.0
2107704,2018,154748000,9144000.0,145604000.0,14910000.0,9170000.0,52169000.0,69355000.0
2107704,2019,165163000,10427000.0,154736000.0,16039000.0,12041000.0,51563000.0,75092000.0
2107704,2020,170817000,9646000.0,161170000.0,20922000.0,10196000.0,51825000.0,78227000.0
2107704,2021,183353000,12244000.0,171109000.0,29922000.0,7571000.0,55328000.0,78288000.0
2107704,2022,199976000,,,,,,
2107704,2023,210302000,,,,,,
2107803,2002,44774000,908000.0,43866000.0,12117000.0,1955000.0,8848000.0,20946000.0
2107803,2003,52236000,867000.0,51369000.0,14951000.0,2275000.0,9433000.0,24709000.0
2107803,2004,59140000,1202000.0,57939000.0,16632000.0,1754000.0,12529000.0,27024000.0
2107803,2005,55416000,1456000.0,53960000.0,13969000.0,1495000.0,12656000.0,25840000.0
2107803,2006,61052000,1712000.0,59340000.0,13841000.0,2941000.0,13599000.0,28958000.0
2107803,2007,71078000,2162000.0,68916000.0,15279000.0,1895000.0,16466000.0,35275000.0
2107803,2008,87015000,2596000.0,84418000.0,20109000.0,2658000.0,21197000.0,40453000.0
2107803,2009,103155000,3677000.0,99477000.0,18935000.0,4715000.0,25367000.0,50461000.0
2107803,2010,113052000,3317000.0,109735000.0,24253000.0,5008000.0,25697000.0,54778000.0
2107803,2011,125497000,4136000.0,121361000.0,23706000.0,5513000.0,28964000.0,63178000.0
2107803,2012,131637000,4566000.0,127071000.0,18352000.0,7186000.0,29942000.0,71592000.0
2107803,2013,145540000,3616000.0,141924000.0,21698000.0,6253000.0,34603000.0,79371000.0
2107803,2014,163595000,3761000.0,159835000.0,30255000.0,7730000.0,40383000.0,81467000.0
2107803,2015,195684000,5703000.0,189981000.0,34135000.0,10502000.0,46304000.0,99040000.0
2107803,2016,190770000,6678000.0,184091000.0,26581000.0,7504000.0,52926000.0,97081000.0
2107803,2017,199564000,6768000.0,192796000.0,37485000.0,7727000.0,49275000.0,98309000.0
2107803,2018,228413000,9856000.0,218557000.0,39544000.0,8417000.0,56283000.0,114312000.0
2107803,2019,234793000,11580000.0,223213000.0,36671000.0,9771000.0,57337000.0,119434000.0
2107803,2020,280522000,11115000.0,269407000.0,60702000.0,11299000.0,62834000.0,134572000.0
2107803,2021,322943000,13895000.0,309049000.0,85304000.0,14276000.0,68766000.0,140703000.0
2107803,2022,396200000,,,,,,
2107803,2023,381793000,,,,,,
2107902,2002,25403000,556000.0,24847000.0,8360000.0,1446000.0,6624000.0,8418000.0
2107902,2003,30788000,529000.0,30259000.0,11985000.0,1765000.0,6951000.0,9558000.0
2107902,2004,32866000,787000.0,32079000.0,11291000.0,1384000.0,9205000.0,10199000.0
2107902,2005,33640000,1026000.0,32614000.0,9384000.0,1123000.0,10114000.0,11992000.0
2107902,2006,40025000,1420000.0,38605000.0,8458000.0,3995000.0,11726000.0,14425000.0
2107902,2007,44620000,1704000.0,42916000.0,9052000.0,2057000.0,14035000.0,17773000.0
2107902,2008,52785000,1931000.0,50854000.0,14308000.0,2472000.0,16156000.0,17918000.0
2107902,2009,58377000,2381000.0,55996000.0,10526000.0,3573000.0,19194000.0,22703000.0
2107902,2010,63913000,2116000.0,61797000.0,16010000.0,3653000.0,17428000.0,24706000.0
2107902,2011,70482000,2619000.0,67862000.0,13895000.0,4613000.0,19753000.0,29601000.0
2107902,2012,78866000,3122000.0,75744000.0,13629000.0,6703000.0,23220000.0,32192000.0
2107902,2013,82398000,3291000.0,79106000.0,13438000.0,3785000.0,25727000.0,36156000.0
2107902,2014,103372000,3769000.0,99602000.0,18029000.0,5784000.0,32372000.0,43417000.0
2107902,2015,109500000,5004000.0,104495000.0,17037000.0,6374000.0,33597000.0,47488000.0
2107902,2016,123300000,5938000.0,117362000.0,15224000.0,6548000.0,40752000.0,54838000.0
2107902,2017,127969000,5863000.0,122106000.0,19508000.0,5911000.0,39671000.0,57017000.0
2107902,2018,146930000,6934000.0,139996000.0,22872000.0,8089000.0,45110000.0,63925000.0
2107902,2019,155280000,7743000.0,147537000.0,25375000.0,10518000.0,43977000.0,67667000.0
2107902,2020,169689000,7385000.0,162304000.0,33188000.0,9209000.0,46983000.0,72924000.0
2107902,2021,200088000,9764000.0,190324000.0,52083000.0,6472000.0,55922000.0,75846000.0
2107902,2022,200602000,,,,,,
2107902,2023,207014000,,,,,,
2108009,2002,28357000,898000.0,27459000.0,9278000.0,1690000.0,7547000.0,8945000.0
2108009,2003,39300000,1307000.0,37993000.0,15104000.0,2496000.0,10254000.0,10139000.0
2108009,2004,39852000,770000.0,39082000.0,17112000.0,1542000.0,9498000.0,10929000.0
2108009,2005,35558000,1263000.0,34295000.0,10911000.0,1345000.0,10316000.0,11723000.0
2108009,2006,38331000,1421000.0,36910000.0,9507000.0,3293000.0,10215000.0,13895000.0
2108009,2007,41282000,1775000.0,39507000.0,9140000.0,1865000.0,12561000.0,15942000.0
2108009,2008,61896000,2631000.0,59265000.0,18322000.0,3666000.0,18161000.0,19116000.0
2108009,2009,66361000,3016000.0,63345000.0,14882000.0,3802000.0,21864000.0,22797000.0
2108009,2010,70835000,3096000.0,67740000.0,17633000.0,4350000.0,20905000.0,24852000.0
2108009,2011,81205000,3727000.0,77478000.0,19682000.0,5661000.0,23997000.0,28138000.0
2108009,2012,100178000,5123000.0,95055000.0,18674000.0,9018000.0,32980000.0,34383000.0
2108009,2013,114058000,5864000.0,108194000.0,26445000.0,9401000.0,32970000.0,39378000.0
2108009,2014,152816000,7887000.0,144929000.0,30577000.0,26917000.0,40972000.0,46463000.0
2108009,2015,161158000,9282000.0,151876000.0,32098000.0,23958000.0,46173000.0,49647000.0
2108009,2016,157982000,9550000.0,148431000.0,21614000.0,20061000.0,51902000.0,54854000.0
2108009,2017,190276000,11416000.0,178860000.0,38584000.0,24378000.0,54429000.0,61469000.0
2108009,2018,196795000,12301000.0,184494000.0,34962000.0,27951000.0,54677000.0,66905000.0
2108009,2019,198118000,12708000.0,185410000.0,32371000.0,22429000.0,54652000.0,75958000.0
2108009,2020,250878000,12111000.0,238767000.0,55316000.0,47333000.0,56512000.0,79606000.0
2108009,2021,309499000,16669000.0,292830000.0,77685000.0,51738000.0,70365000.0,93042000.0
2108009,2022,341451000,,,,,,
2108009,2023,322652000,,,,,,
2108058,2002,12708000,184000.0,12525000.0,2762000.0,464000.0,1723000.0,7575000.0
2108058,2003,15067000,148000.0,14919000.0,3893000.0,596000.0,1688000.0,8743000.0
2108058,2004,16491000,193000.0,16298000.0,4047000.0,394000.0,2219000.0,9638000.0
2108058,2005,18478000,345000.0,18134000.0,4249000.0,374000.0,2438000.0,11073000.0
2108058,2006,20508000,428000.0,20080000.0,3416000.0,1154000.0,2872000.0,12638000.0
2108058,2007,24108000,584000.0,23524000.0,3603000.0,586000.0,3894000.0,15440000.0
2108058,2008,31487000,593000.0,30894000.0,7012000.0,1026000.0,4800000.0,18056000.0
2108058,2009,36659000,512000.0,36147000.0,7760000.0,1524000.0,5658000.0,21205000.0
2108058,2010,40156000,769000.0,39387000.0,7854000.0,1530000.0,6092000.0,23912000.0
2108058,2011,50035000,1000000.0,49034000.0,8493000.0,1902000.0,9089000.0,29550000.0
2108058,2012,56922000,1587000.0,55335000.0,6425000.0,2827000.0,11832000.0,34251000.0
2108058,2013,63570000,1106000.0,62464000.0,11567000.0,3957000.0,12285000.0,34656000.0
2108058,2014,70424000,1334000.0,69090000.0,10377000.0,4298000.0,14560000.0,39854000.0
2108058,2015,73739000,1779000.0,71960000.0,9522000.0,4581000.0,14613000.0,43245000.0
2108058,2016,99092000,4754000.0,94339000.0,9720000.0,11745000.0,22389000.0,50485000.0
2108058,2017,106005000,7530000.0,98475000.0,8139000.0,4185000.0,24981000.0,61171000.0
2108058,2018,102909000,8869000.0,94040000.0,7089000.0,3276000.0,25287000.0,58387000.0
2108058,2019,104409000,9135000.0,95274000.0,5780000.0,3115000.0,24204000.0,62175000.0
2108058,2020,97062000,4328000.0,92734000.0,6388000.0,2799000.0,22490000.0,61057000.0
2108058,2021,118326000,6433000.0,111892000.0,8246000.0,3415000.0,28035000.0,72197000.0
2108058,2022,147290000,,,,,,
2108058,2023,157984000,,,,,,
2108108,2002,31379000,876000.0,30502000.0,10961000.0,1279000.0,7630000.0,10632000.0
2108108,2003,37841000,819000.0,37022000.0,14728000.0,1657000.0,8404000.0,12233000.0
2108108,2004,40369000,924000.0,39445000.0,15331000.0,1255000.0,9486000.0,13373000.0
2108108,2005,39536000,1159000.0,38376000.0,12003000.0,1061000.0,10214000.0,15098000.0
2108108,2006,50659000,1336000.0,49323000.0,16226000.0,2833000.0,12226000.0,18038000.0
2108108,2007,50467000,1609000.0,48858000.0,16725000.0,1544000.0,14027000.0,16562000.0
2108108,2008,86156000,2189000.0,83967000.0,41928000.0,3304000.0,20064000.0,18671000.0
2108108,2009,81938000,3187000.0,78750000.0,22204000.0,3676000.0,25365000.0,27506000.0
2108108,2010,81446000,2637000.0,78809000.0,22564000.0,3273000.0,21838000.0,31134000.0
2108108,2011,92371000,3038000.0,89333000.0,23239000.0,3789000.0,24407000.0,37898000.0
2108108,2012,101281000,3481000.0,97800000.0,25106000.0,4166000.0,26819000.0,41709000.0
2108108,2013,114725000,5042000.0,109682000.0,28751000.0,4107000.0,32884000.0,43940000.0
2108108,2014,130188000,5483000.0,124705000.0,28622000.0,6198000.0,40609000.0,49276000.0
2108108,2015,134938000,6355000.0,128583000.0,27063000.0,6690000.0,39596000.0,55234000.0
2108108,2016,151229000,7748000.0,143481000.0,27062000.0,6926000.0,48543000.0,60950000.0
2108108,2017,145685000,7829000.0,137855000.0,24515000.0,6154000.0,46314000.0,60873000.0
2108108,2018,150252000,8808000.0,141444000.0,17323000.0,6053000.0,50623000.0,67446000.0
2108108,2019,162104000,9402000.0,152702000.0,18341000.0,6188000.0,49807000.0,78367000.0
2108108,2020,159786000,8848000.0,150938000.0,22054000.0,5401000.0,49097000.0,74386000.0
2108108,2021,194140000,10923000.0,183218000.0,30695000.0,6196000.0,56080000.0,90247000.0
2108108,2022,233125000,,,,,,
2108108,2023,261075000,,,,,,
2108207,2002,106642000,8978000.0,97664000.0,7912000.0,10213000.0,58824000.0,20715000.0
2108207,2003,131923000,10215000.0,121709000.0,9665000.0,16298000.0,70194000.0,25551000.0
2108207,2004,138295000,10051000.0,128245000.0,14438000.0,10190000.0,75332000.0,28284000.0
2108207,2005,168049000,12664000.0,155385000.0,15561000.0,11020000.0,93156000.0,35647000.0
2108207,2006,198373000,16211000.0,182162000.0,15804000.0,19581000.0,105541000.0,41237000.0
2108207,2007,205049000,18828000.0,186222000.0,16951000.0,11317000.0,122989000.0,34964000.0
2108207,2008,213892000,18476000.0,195416000.0,19310000.0,11948000.0,123561000.0,40596000.0
2108207,2009,263159000,22019000.0,241139000.0,17996000.0,16459000.0,157529000.0,49156000.0
2108207,2010,275078000,23136000.0,251942000.0,26844000.0,15956000.0,155076000.0,54066000.0
2108207,2011,289416000,25442000.0,263974000.0,30419000.0,18822000.0,155017000.0,59716000.0
2108207,2012,312573000,26908000.0,285665000.0,24088000.0,20948000.0,171426000.0,69202000.0
2108207,2013,343869000,28822000.0,315047000.0,28450000.0,21648000.0,188579000.0,76370000.0
2108207,2014,411536000,31204000.0,380332000.0,30997000.0,27595000.0,224585000.0,97155000.0
2108207,2015,426639000,36449000.0,390190000.0,27864000.0,31051000.0,229809000.0,101466000.0
2108207,2016,496028000,45227000.0,450802000.0,26632000.0,38214000.0,275313000.0,110643000.0
2108207,2017,562492000,45849000.0,516642000.0,27821000.0,85760000.0,285515000.0,117546000.0
2108207,2018,600883000,53627000.0,547257000.0,26040000.0,65597000.0,318204000.0,137416000.0
2108207,2019,582332000,62897000.0,519435000.0,19401000.0,52977000.0,308364000.0,138692000.0
2108207,2020,601740000,63905000.0,537835000.0,17696000.0,51460000.0,321308000.0,147371000.0
2108207,2021,787660000,71117000.0,716543000.0,20048000.0,189373000.0,357600000.0,149522000.0
2108207,2022,873113000,,,,,,
2108207,2023,830171000,,,,,,
2108256,2002,19095000,272000.0,18824000.0,4481000.0,611000.0,2464000.0,11268000.0
2108256,2003,22393000,257000.0,22136000.0,6113000.0,736000.0,2156000.0,13131000.0
2108256,2004,26932000,391000.0,26541000.0,6977000.0,596000.0,3195000.0,15773000.0
2108256,2005,32122000,373000.0,31749000.0,7637000.0,618000.0,3566000.0,19929000.0
2108256,2006,35775000,560000.0,35215000.0,6161000.0,1623000.0,4358000.0,23072000.0
2108256,2007,40094000,681000.0,39413000.0,7267000.0,943000.0,6079000.0,25125000.0
2108256,2008,52711000,972000.0,51738000.0,10622000.0,1642000.0,8305000.0,31169000.0
2108256,2009,55895000,844000.0,55051000.0,8897000.0,2067000.0,9037000.0,35049000.0
2108256,2010,62169000,941000.0,61229000.0,11864000.0,2222000.0,10229000.0,36913000.0
2108256,2011,75851000,1423000.0,74427000.0,12610000.0,2820000.0,13891000.0,45106000.0
2108256,2012,88826000,1737000.0,87089000.0,13427000.0,3443000.0,16430000.0,53789000.0
2108256,2013,101084000,1782000.0,99302000.0,16497000.0,3208000.0,19178000.0,60419000.0
2108256,2014,117531000,1960000.0,115571000.0,15194000.0,4878000.0,23522000.0,71978000.0
2108256,2015,124442000,2443000.0,121999000.0,14251000.0,5531000.0,22159000.0,80058000.0
2108256,2016,139323000,3581000.0,135742000.0,14795000.0,5265000.0,30381000.0,85300000.0
2108256,2017,131169000,3337000.0,127832000.0,14312000.0,3947000.0,25989000.0,83584000.0
2108256,2018,139964000,4352000.0,135612000.0,13218000.0,3960000.0,28984000.0,89450000.0
2108256,2019,146378000,4635000.0,141743000.0,13244000.0,4211000.0,29260000.0,95029000.0
2108256,2020,154552000,4971000.0,149581000.0,14608000.0,4539000.0,30215000.0,100219000.0
2108256,2021,157863000,5792000.0,152071000.0,17744000.0,3977000.0,30897000.0,99453000.0
2108256,2022,206964000,,,,,,
2108256,2023,225795000,,,,,,
2108306,2002,35647000,728000.0,34919000.0,10111000.0,1346000.0,6651000.0,16811000.0
2108306,2003,41860000,597000.0,41263000.0,13716000.0,1718000.0,6503000.0,19326000.0
2108306,2004,48436000,780000.0,47656000.0,15951000.0,1533000.0,8515000.0,21656000.0
2108306,2005,52269000,1010000.0,51258000.0,12990000.0,1466000.0,9390000.0,27412000.0
2108306,2006,57676000,1149000.0,56527000.0,12269000.0,3737000.0,10635000.0,29886000.0
2108306,2007,66232000,1493000.0,64739000.0,15578000.0,2109000.0,12680000.0,34373000.0
2108306,2008,78317000,1656000.0,76661000.0,19580000.0,2964000.0,14299000.0,39818000.0
2108306,2009,86261000,1672000.0,84589000.0,13699000.0,3911000.0,17040000.0,49939000.0
2108306,2010,96071000,1714000.0,94357000.0,18665000.0,3951000.0,16947000.0,54794000.0
2108306,2011,112979000,2235000.0,110745000.0,23708000.0,4647000.0,21167000.0,61223000.0
2108306,2012,122661000,2414000.0,120247000.0,24278000.0,5248000.0,22553000.0,68168000.0
2108306,2013,133268000,2051000.0,131217000.0,28624000.0,4942000.0,26622000.0,71029000.0
2108306,2014,146410000,2184000.0,144226000.0,27688000.0,6678000.0,28643000.0,81217000.0
2108306,2015,153678000,3938000.0,149740000.0,25019000.0,6971000.0,31261000.0,86489000.0
2108306,2016,168072000,4693000.0,163379000.0,24864000.0,6768000.0,37849000.0,93899000.0
2108306,2017,187584000,6344000.0,181241000.0,24794000.0,7083000.0,44783000.0,104582000.0
2108306,2018,213768000,7886000.0,205882000.0,22696000.0,7528000.0,53314000.0,122343000.0
2108306,2019,216609000,9140000.0,207469000.0,20388000.0,7058000.0,53219000.0,126804000.0
2108306,2020,236296000,9121000.0,227175000.0,25037000.0,7092000.0,54476000.0,140570000.0
2108306,2021,253736000,11907000.0,241830000.0,28957000.0,12351000.0,58626000.0,141896000.0
2108306,2022,286031000,,,,,,
2108306,2023,313292000,,,,,,
2108405,2002,15069000,305000.0,14764000.0,3241000.0,765000.0,3131000.0,7628000.0
2108405,2003,17454000,370000.0,17084000.0,4327000.0,849000.0,3581000.0,8327000.0
2108405,2004,20995000,377000.0,20618000.0,4779000.0,728000.0,4189000.0,10921000.0
2108405,2005,21157000,395000.0,20761000.0,5079000.0,670000.0,4006000.0,11007000.0
2108405,2006,23562000,483000.0,23080000.0,4670000.0,1422000.0,4467000.0,12520000.0
2108405,2007,24604000,543000.0,24061000.0,5262000.0,764000.0,4929000.0,13106000.0
2108405,2008,29247000,713000.0,28535000.0,6843000.0,983000.0,5940000.0,14769000.0
2108405,2009,33729000,993000.0,32736000.0,7021000.0,1422000.0,7495000.0,16798000.0
2108405,2010,35129000,816000.0,34313000.0,6713000.0,1443000.0,6955000.0,19202000.0
2108405,2011,42851000,998000.0,41853000.0,8230000.0,1813000.0,8775000.0,23035000.0
2108405,2012,46617000,1524000.0,45093000.0,8354000.0,2025000.0,10294000.0,24421000.0
2108405,2013,54562000,1222000.0,53339000.0,11226000.0,2100000.0,11956000.0,28057000.0
2108405,2014,61976000,1276000.0,60700000.0,11475000.0,2880000.0,13878000.0,32468000.0
2108405,2015,64421000,1702000.0,62719000.0,11153000.0,3428000.0,13169000.0,34969000.0
2108405,2016,71696000,2257000.0,69439000.0,11545000.0,3012000.0,16892000.0,37990000.0
2108405,2017,76885000,2528000.0,74358000.0,10922000.0,3077000.0,17851000.0,42508000.0
2108405,2018,78299000,3269000.0,75030000.0,8748000.0,2932000.0,20610000.0,42740000.0
2108405,2019,77349000,3293000.0,74056000.0,8017000.0,2922000.0,19016000.0,44101000.0
2108405,2020,81167000,3317000.0,77850000.0,8847000.0,2838000.0,19142000.0,47023000.0
2108405,2021,95936000,4237000.0,91699000.0,9926000.0,2887000.0,22651000.0,56234000.0
2108405,2022,103427000,,,,,,
2108405,2023,110020000,,,,,,
2108454,2002,31182000,1383000.0,29799000.0,3129000.0,5918000.0,9160000.0,11593000.0
2108454,2003,41754000,1542000.0,40212000.0,4655000.0,9643000.0,11331000.0,14582000.0
2108454,2004,37704000,793000.0,36911000.0,5816000.0,8916000.0,9003000.0,13175000.0
2108454,2005,41700000,1390000.0,40310000.0,5120000.0,6795000.0,12908000.0,15486000.0
2108454,2006,44044000,1970000.0,42074000.0,4528000.0,2863000.0,15945000.0,18738000.0
2108454,2007,47477000,2153000.0,45324000.0,4703000.0,1835000.0,18449000.0,20337000.0
2108454,2008,59405000,2743000.0,56662000.0,5260000.0,2485000.0,22151000.0,26766000.0
2108454,2009,84273000,4413000.0,79860000.0,4720000.0,4282000.0,33112000.0,37745000.0
2108454,2010,76276000,3144000.0,73131000.0,5955000.0,3971000.0,26018000.0,37188000.0
2108454,2011,92633000,4469000.0,88164000.0,7844000.0,4634000.0,33142000.0,42544000.0
2108454,2012,99555000,5428000.0,94127000.0,8286000.0,4746000.0,38501000.0,42594000.0
2108454,2013,115698000,7943000.0,107755000.0,9242000.0,5090000.0,46956000.0,46467000.0
2108454,2014,140073000,8259000.0,131814000.0,11819000.0,8133000.0,55777000.0,56084000.0
2108454,2015,142182000,9047000.0,133135000.0,11303000.0,7635000.0,54042000.0,60155000.0
2108454,2016,169907000,12139000.0,157768000.0,10565000.0,8117000.0,73926000.0,65159000.0
2108454,2017,182687000,14785000.0,167902000.0,9435000.0,7535000.0,77764000.0,73167000.0
2108454,2018,217463000,21119000.0,196344000.0,8849000.0,8086000.0,97836000.0,81574000.0
2108454,2019,202702000,21222000.0,181480000.0,9056000.0,7321000.0,83205000.0,81898000.0
2108454,2020,205091000,17728000.0,187363000.0,11974000.0,6663000.0,77966000.0,90761000.0
2108454,2021,230427000,21521000.0,208906000.0,17017000.0,7136000.0,86200000.0,98553000.0
2108454,2022,253047000,,,,,,
2108454,2023,277935000,,,,,,
2108504,2002,47996000,3489000.0,44507000.0,4879000.0,8455000.0,15440000.0,15733000.0
2108504,2003,71869000,5250000.0,66620000.0,9850000.0,17726000.0,20490000.0,18554000.0
2108504,2004,74950000,6451000.0,68499000.0,10690000.0,14702000.0,22706000.0,20402000.0
2108504,2005,73198000,5672000.0,67526000.0,9575000.0,15382000.0,19704000.0,22865000.0
2108504,2006,83358000,6943000.0,76415000.0,8973000.0,16067000.0,24099000.0,27277000.0
2108504,2007,103294000,10772000.0,92522000.0,7189000.0,19281000.0,32502000.0,33550000.0
2108504,2008,138484000,16126000.0,122358000.0,11032000.0,30046000.0,40516000.0,40763000.0
2108504,2009,109085000,7836000.0,101250000.0,10568000.0,11747000.0,30899000.0,48036000.0
2108504,2010,111629000,6116000.0,105513000.0,10817000.0,6810000.0,33942000.0,53945000.0
2108504,2011,134212000,8791000.0,125422000.0,12252000.0,8239000.0,40179000.0,64751000.0
2108504,2012,162127000,13817000.0,148309000.0,12685000.0,23056000.0,48244000.0,64325000.0
2108504,2013,178341000,10267000.0,168074000.0,17594000.0,13757000.0,53589000.0,83134000.0
2108504,2014,200653000,10249000.0,190404000.0,17487000.0,13310000.0,64716000.0,94890000.0
2108504,2015,372214000,30145000.0,342069000.0,17010000.0,126734000.0,94156000.0,104168000.0
2108504,2016,314266000,22358000.0,291908000.0,17609000.0,69628000.0,86751000.0,117920000.0
2108504,2017,282566000,16694000.0,265872000.0,18894000.0,45435000.0,77122000.0,124421000.0
2108504,2018,259739000,14192000.0,245547000.0,17939000.0,14512000.0,77504000.0,135592000.0
2108504,2019,269157000,15128000.0,254029000.0,17592000.0,15436000.0,78133000.0,142868000.0
2108504,2020,315520000,27964000.0,287556000.0,20552000.0,16707000.0,104193000.0,146104000.0
2108504,2021,296184000,21112000.0,275072000.0,23686000.0,19493000.0,92222000.0,139671000.0
2108504,2022,344863000,,,,,,
2108504,2023,356584000,,,,,,
2108603,2002,127857000,7470000.0,120387000.0,17077000.0,10050000.0,55043000.0,38216000.0
2108603,2003,145511000,7572000.0,137939000.0,26333000.0,8961000.0,58263000.0,44382000.0
2108603,2004,170816000,8632000.0,162184000.0,26264000.0,9018000.0,71947000.0,54954000.0
2108603,2005,203637000,11410000.0,192227000.0,29380000.0,10873000.0,91602000.0,60372000.0
2108603,2006,236789000,15336000.0,221453000.0,23479000.0,20754000.0,106568000.0,70652000.0
2108603,2007,252718000,16384000.0,236334000.0,32082000.0,10536000.0,116070000.0,77647000.0
2108603,2008,295806000,20494000.0,275312000.0,25902000.0,15970000.0,141830000.0,91610000.0
2108603,2009,367102000,26381000.0,340721000.0,25760000.0,20497000.0,182750000.0,111714000.0
2108603,2010,447266000,43430000.0,403836000.0,27996000.0,20001000.0,237438000.0,118402000.0
2108603,2011,432657000,36227000.0,396431000.0,33695000.0,22929000.0,209998000.0,129808000.0
2108603,2012,484710000,40947000.0,443763000.0,39301000.0,25409000.0,238764000.0,140289000.0
2108603,2013,560518000,46932000.0,513585000.0,49165000.0,22010000.0,279067000.0,163343000.0
2108603,2014,668712000,56301000.0,612411000.0,52449000.0,32329000.0,347879000.0,179754000.0
2108603,2015,680963000,61331000.0,619632000.0,53720000.0,35404000.0,326993000.0,203515000.0
2108603,2016,796279000,74756000.0,721523000.0,52191000.0,38883000.0,399799000.0,230650000.0
2108603,2017,828267000,79889000.0,748378000.0,49710000.0,35984000.0,404906000.0,257778000.0
2108603,2018,825423000,82218000.0,743205000.0,45202000.0,37065000.0,411764000.0,249175000.0
2108603,2019,895654000,108186000.0,787468000.0,45713000.0,37920000.0,432238000.0,271597000.0
2108603,2020,911731000,103558000.0,808172000.0,52870000.0,37922000.0,442294000.0,275086000.0
2108603,2021,1039933000,116275000.0,923658000.0,61755000.0,67497000.0,484875000.0,309531000.0
2108603,2022,1185383000,,,,,,
2108603,2023,1333000000,,,,,,
2108702,2002,33895000,1297000.0,32598000.0,4704000.0,1505000.0,9967000.0,16423000.0
2108702,2003,39686000,1160000.0,38527000.0,6736000.0,1806000.0,10353000.0,19632000.0
2108702,2004,42779000,1195000.0,41584000.0,6992000.0,1566000.0,11580000.0,21446000.0
2108702,2005,45568000,1522000.0,44045000.0,7106000.0,2467000.0,12045000.0,22428000.0
2108702,2006,55658000,1934000.0,53723000.0,8072000.0,6768000.0,14373000.0,24510000.0
2108702,2007,58657000,2500000.0,56156000.0,8049000.0,4124000.0,18816000.0,25167000.0
2108702,2008,77003000,2837000.0,74167000.0,15507000.0,5210000.0,23919000.0,29531000.0
2108702,2009,78856000,3422000.0,75435000.0,9999000.0,5194000.0,28527000.0,31715000.0
2108702,2010,77716000,3169000.0,74547000.0,11136000.0,5004000.0,23827000.0,34581000.0
2108702,2011,91608000,3472000.0,88137000.0,13360000.0,7147000.0,26832000.0,40798000.0
2108702,2012,100368000,3841000.0,96527000.0,13677000.0,6701000.0,28623000.0,47526000.0
2108702,2013,107714000,3594000.0,104120000.0,16397000.0,6073000.0,32610000.0,49039000.0
2108702,2014,124587000,4068000.0,120519000.0,17259000.0,6450000.0,39084000.0,57726000.0
2108702,2015,135501000,5725000.0,129776000.0,18283000.0,8400000.0,41313000.0,61780000.0
2108702,2016,159968000,7025000.0,152943000.0,17256000.0,9279000.0,53663000.0,72745000.0
2108702,2017,147358000,7203000.0,140154000.0,15036000.0,7733000.0,50680000.0,66705000.0
2108702,2018,159009000,8297000.0,150712000.0,13942000.0,8428000.0,54907000.0,73435000.0
2108702,2019,161318000,8754000.0,152564000.0,13491000.0,8661000.0,51797000.0,78615000.0
2108702,2020,172744000,9097000.0,163647000.0,16842000.0,9335000.0,50578000.0,86892000.0
2108702,2021,191327000,11942000.0,179386000.0,22774000.0,9139000.0,57198000.0,90274000.0
2108702,2022,242199000,,,,,,
2108702,2023,269345000,,,,,,
2108801,2002,19492000,479000.0,19013000.0,5170000.0,824000.0,3820000.0,9198000.0
2108801,2003,23110000,317000.0,22793000.0,7954000.0,1033000.0,3983000.0,9823000.0
2108801,2004,25487000,386000.0,25101000.0,9507000.0,881000.0,4820000.0,9893000.0
2108801,2005,28562000,496000.0,28066000.0,9788000.0,917000.0,5324000.0,12037000.0
2108801,2006,33884000,530000.0,33353000.0,10900000.0,2041000.0,6080000.0,14333000.0
2108801,2007,36503000,628000.0,35875000.0,11503000.0,1135000.0,6891000.0,16347000.0
2108801,2008,43010000,792000.0,42217000.0,14063000.0,1536000.0,8226000.0,18392000.0
2108801,2009,44611000,921000.0,43690000.0,9985000.0,1932000.0,9294000.0,22479000.0
2108801,2010,56477000,976000.0,55502000.0,16477000.0,2294000.0,10206000.0,26525000.0
2108801,2011,65098000,1374000.0,63724000.0,17430000.0,2737000.0,12866000.0,30691000.0
2108801,2012,66946000,1404000.0,65542000.0,14997000.0,3014000.0,12877000.0,34654000.0
2108801,2013,72358000,1153000.0,71205000.0,15190000.0,2662000.0,14744000.0,38609000.0
2108801,2014,94160000,1692000.0,92468000.0,21846000.0,4523000.0,19741000.0,46358000.0
2108801,2015,92782000,2920000.0,89862000.0,14548000.0,4626000.0,20812000.0,49877000.0
2108801,2016,110636000,3670000.0,106967000.0,13862000.0,5135000.0,27426000.0,60543000.0
2108801,2017,110406000,3887000.0,106519000.0,11868000.0,4474000.0,26907000.0,63270000.0
2108801,2018,116249000,4143000.0,112106000.0,10470000.0,4700000.0,28502000.0,68434000.0
2108801,2019,115792000,4597000.0,111195000.0,8207000.0,4482000.0,27760000.0,70747000.0
2108801,2020,125404000,4604000.0,120800000.0,9871000.0,4401000.0,27907000.0,78620000.0
2108801,2021,130764000,5123000.0,125641000.0,11327000.0,4389000.0,29722000.0,80204000.0
2108801,2022,156609000,,,,,,
2108801,2023,185469000,,,,,,
2108900,2002,35696000,1009000.0,34686000.0,11037000.0,1389000.0,8246000.0,14014000.0
2108900,2003,42276000,1132000.0,41144000.0,15128000.0,1612000.0,9386000.0,15018000.0
2108900,2004,49179000,1444000.0,47735000.0,13006000.0,1455000.0,12749000.0,20524000.0
2108900,2005,50628000,1698000.0,48930000.0,14608000.0,1415000.0,13348000.0,19560000.0
2108900,2006,58915000,2213000.0,56702000.0,15323000.0,3166000.0,15474000.0,22738000.0
2108900,2007,60292000,2196000.0,58097000.0,16346000.0,1867000.0,17054000.0,22829000.0
2108900,2008,71201000,2733000.0,68468000.0,21387000.0,2446000.0,20367000.0,24267000.0
2108900,2009,71714000,2501000.0,69213000.0,20778000.0,3089000.0,21427000.0,23919000.0
2108900,2010,90905000,2546000.0,88359000.0,28517000.0,3490000.0,22724000.0,33628000.0
2108900,2011,99762000,2832000.0,96930000.0,31755000.0,3875000.0,23937000.0,37363000.0
2108900,2012,101673000,4167000.0,97506000.0,21357000.0,4173000.0,28211000.0,43766000.0
2108900,2013,106072000,2890000.0,103183000.0,30068000.0,3346000.0,27766000.0,42003000.0
2108900,2014,124232000,3575000.0,120657000.0,34479000.0,4800000.0,32826000.0,48552000.0
2108900,2015,118846000,4326000.0,114521000.0,26544000.0,4996000.0,33603000.0,49378000.0
2108900,2016,140071000,5685000.0,134386000.0,26735000.0,5341000.0,44685000.0,57625000.0
2108900,2017,135541000,6075000.0,129467000.0,26147000.0,4576000.0,43022000.0,55722000.0
2108900,2018,148815000,5916000.0,142899000.0,24607000.0,4832000.0,44283000.0,69177000.0
2108900,2019,152205000,6987000.0,145218000.0,23181000.0,4760000.0,44013000.0,73264000.0
2108900,2020,142356000,5401000.0,136955000.0,24442000.0,4104000.0,38579000.0,69831000.0
2108900,2021,163076000,7311000.0,155765000.0,30666000.0,4368000.0,46813000.0,73918000.0
2108900,2022,181008000,,,,,,
2108900,2023,221327000,,,,,,
2109007,2002,41927000,2299000.0,39628000.0,6592000.0,3058000.0,17279000.0,12698000.0
2109007,2003,56841000,3197000.0,53643000.0,11902000.0,3590000.0,23187000.0,14964000.0
2109007,2004,65712000,4556000.0,61156000.0,14879000.0,3465000.0,29591000.0,13221000.0
2109007,2005,74094000,5212000.0,68882000.0,14535000.0,3708000.0,35120000.0,15519000.0
2109007,2006,95418000,7590000.0,87828000.0,12980000.0,21835000.0,33894000.0,19119000.0
2109007,2007,256085000,18389000.0,237695000.0,13311000.0,149094000.0,48362000.0,26929000.0
2109007,2008,292165000,23651000.0,268514000.0,16455000.0,160929000.0,59442000.0,31687000.0
2109007,2009,279947000,31619000.0,248327000.0,15433000.0,117278000.0,78226000.0,37391000.0
2109007,2010,224762000,20102000.0,204660000.0,19382000.0,76154000.0,69806000.0,39318000.0
2109007,2011,249945000,24904000.0,225042000.0,22561000.0,77862000.0,76195000.0,48424000.0
2109007,2012,439339000,51164000.0,388175000.0,24736000.0,178084000.0,129056000.0,56299000.0
2109007,2013,495838000,56104000.0,439734000.0,30075000.0,191810000.0,160190000.0,57659000.0
2109007,2014,413748000,37337000.0,376411000.0,31414000.0,117967000.0,155567000.0,71463000.0
2109007,2015,426117000,48436000.0,377680000.0,37431000.0,90182000.0,172331000.0,77736000.0
2109007,2016,499853000,67993000.0,431861000.0,35220000.0,107343000.0,199134000.0,90163000.0
2109007,2017,470765000,60745000.0,410020000.0,37439000.0,91258000.0,195700000.0,85624000.0
2109007,2018,522458000,64477000.0,457981000.0,35036000.0,105807000.0,224834000.0,92304000.0
2109007,2019,517130000,81428000.0,435702000.0,31083000.0,106931000.0,199099000.0,98589000.0
2109007,2020,693339000,115556000.0,577783000.0,39806000.0,194748000.0,232435000.0,110795000.0
2109007,2021,1026076000,147919000.0,878157000.0,57602000.0,403829000.0,307426000.0,109300000.0
2109007,2022,1127832000,,,,,,
2109007,2023,1252850000,,,,,,
2109056,2002,8355000,190000.0,8165000.0,1808000.0,361000.0,1926000.0,4069000.0
2109056,2003,9610000,157000.0,9453000.0,2297000.0,417000.0,1935000.0,4803000.0
2109056,2004,10100000,178000.0,9923000.0,2495000.0,397000.0,2223000.0,4808000.0
2109056,2005,10855000,222000.0,10633000.0,2738000.0,390000.0,2260000.0,5246000.0
2109056,2006,12831000,249000.0,12582000.0,2731000.0,752000.0,2659000.0,6439000.0
2109056,2007,14659000,287000.0,14372000.0,3009000.0,495000.0,2976000.0,7892000.0
2109056,2008,17274000,306000.0,16968000.0,3994000.0,623000.0,3330000.0,9021000.0
2109056,2009,20142000,339000.0,19803000.0,4343000.0,878000.0,3727000.0,10854000.0
2109056,2010,20590000,462000.0,20128000.0,3892000.0,864000.0,4239000.0,11133000.0
2109056,2011,24064000,450000.0,23614000.0,5380000.0,1021000.0,4761000.0,12452000.0
2109056,2012,25838000,512000.0,25326000.0,5985000.0,1127000.0,4790000.0,13425000.0
2109056,2013,27095000,414000.0,26681000.0,7642000.0,939000.0,5142000.0,12957000.0
2109056,2014,31056000,526000.0,30530000.0,7850000.0,1263000.0,6176000.0,15242000.0
2109056,2015,33940000,797000.0,33143000.0,7981000.0,1779000.0,6132000.0,17251000.0
2109056,2016,38471000,982000.0,37489000.0,8076000.0,1880000.0,8020000.0,19514000.0
2109056,2017,41899000,998000.0,40901000.0,8016000.0,1837000.0,8522000.0,22527000.0
2109056,2018,40386000,995000.0,39391000.0,7268000.0,1748000.0,8299000.0,22075000.0
2109056,2019,44516000,1114000.0,43402000.0,7414000.0,1753000.0,8746000.0,25489000.0
2109056,2020,44287000,1292000.0,42995000.0,8194000.0,1601000.0,8570000.0,24630000.0
2109056,2021,45856000,1766000.0,44090000.0,8348000.0,1650000.0,9028000.0,25065000.0
2109056,2022,56999000,,,,,,
2109056,2023,63769000,,,,,,
2109106,2002,89874000,5447000.0,84427000.0,11362000.0,5947000.0,43951000.0,23167000.0
2109106,2003,103208000,6719000.0,96489000.0,13824000.0,7500000.0,49745000.0,25420000.0
2109106,2004,120555000,7689000.0,112866000.0,14278000.0,7043000.0,63133000.0,28412000.0
2109106,2005,143258000,11229000.0,132029000.0,13171000.0,7290000.0,80724000.0,30844000.0
2109106,2006,165852000,13733000.0,152118000.0,11270000.0,15181000.0,89803000.0,35864000.0
2109106,2007,169922000,13753000.0,156169000.0,17596000.0,9231000.0,92254000.0,37088000.0
2109106,2008,196482000,15112000.0,181370000.0,18998000.0,12679000.0,107388000.0,42304000.0
2109106,2009,231782000,17702000.0,214080000.0,16497000.0,16277000.0,132244000.0,49063000.0
2109106,2010,279253000,25284000.0,253969000.0,21655000.0,19842000.0,150703000.0,61769000.0
2109106,2011,288677000,26929000.0,261747000.0,22031000.0,20090000.0,148722000.0,70904000.0
2109106,2012,330662000,30684000.0,299979000.0,17366000.0,23501000.0,181718000.0,77393000.0
2109106,2013,384182000,35155000.0,349026000.0,25757000.0,26766000.0,206890000.0,89614000.0
2109106,2014,467735000,42428000.0,425306000.0,27458000.0,31594000.0,262423000.0,103832000.0
2109106,2015,452610000,43619000.0,408991000.0,22353000.0,33815000.0,237607000.0,115215000.0
2109106,2016,519290000,50322000.0,468969000.0,21100000.0,38705000.0,282351000.0,126812000.0
2109106,2017,550957000,58679000.0,492278000.0,21740000.0,40653000.0,295947000.0,133937000.0
2109106,2018,586820000,64504000.0,522317000.0,20957000.0,40054000.0,315664000.0,145642000.0
2109106,2019,584910000,70778000.0,514132000.0,21856000.0,36368000.0,297764000.0,158143000.0
2109106,2020,651858000,78145000.0,573713000.0,26978000.0,41927000.0,333285000.0,171522000.0
2109106,2021,755699000,103986000.0,651714000.0,36345000.0,33511000.0,405614000.0,176243000.0
2109106,2022,907199000,,,,,,
2109106,2023,990073000,,,,,,
2109205,2002,13924000,218000.0,13706000.0,4352000.0,643000.0,2176000.0,6535000.0
2109205,2003,17701000,174000.0,17528000.0,6419000.0,879000.0,2367000.0,7863000.0
2109205,2004,19622000,227000.0,19395000.0,7551000.0,629000.0,2787000.0,8427000.0
2109205,2005,22776000,273000.0,22502000.0,8064000.0,608000.0,2992000.0,10838000.0
2109205,2006,26520000,322000.0,26199000.0,8349000.0,1658000.0,3522000.0,12669000.0
2109205,2007,29154000,523000.0,28631000.0,9744000.0,851000.0,4182000.0,13855000.0
2109205,2008,37413000,560000.0,36853000.0,14805000.0,1397000.0,4847000.0,15805000.0
2109205,2009,38986000,530000.0,38456000.0,11740000.0,1680000.0,5427000.0,19609000.0
2109205,2010,44091000,590000.0,43502000.0,13790000.0,1913000.0,6436000.0,21363000.0
2109205,2011,51963000,711000.0,51251000.0,17339000.0,2267000.0,7920000.0,23726000.0
2109205,2012,63823000,1651000.0,62172000.0,18896000.0,2942000.0,13052000.0,27282000.0
2109205,2013,72309000,889000.0,71420000.0,28688000.0,2724000.0,10723000.0,29285000.0
2109205,2014,83422000,981000.0,82442000.0,30071000.0,5340000.0,12992000.0,34038000.0
2109205,2015,81490000,1102000.0,80388000.0,25492000.0,5578000.0,11371000.0,37948000.0
2109205,2016,91862000,1656000.0,90205000.0,27609000.0,4316000.0,15306000.0,42975000.0
2109205,2017,92250000,1678000.0,90571000.0,25959000.0,3367000.0,15109000.0,46137000.0
2109205,2018,86920000,1748000.0,85172000.0,18304000.0,3437000.0,14796000.0,48634000.0
2109205,2019,81889000,1690000.0,80199000.0,13258000.0,2726000.0,14158000.0,50056000.0
2109205,2020,84131000,1606000.0,82525000.0,15300000.0,2433000.0,13445000.0,51346000.0
2109205,2021,84479000,1876000.0,82603000.0,17924000.0,2359000.0,13179000.0,49141000.0
2109205,2022,96644000,,,,,,
2109205,2023,102458000,,,,,,
2109239,2002,9850000,214000.0,9637000.0,3417000.0,364000.0,1867000.0,3989000.0
2109239,2003,12192000,196000.0,11996000.0,4819000.0,455000.0,2406000.0,4316000.0
2109239,2004,12503000,259000.0,12244000.0,4799000.0,342000.0,2658000.0,4444000.0
2109239,2005,12528000,272000.0,12257000.0,4916000.0,294000.0,2260000.0,4787000.0
2109239,2006,15418000,536000.0,14881000.0,4649000.0,794000.0,3807000.0,5631000.0
2109239,2007,17079000,556000.0,16523000.0,5114000.0,460000.0,3931000.0,7018000.0
2109239,2008,20853000,657000.0,20195000.0,6684000.0,633000.0,4943000.0,7935000.0
2109239,2009,23679000,745000.0,22934000.0,6117000.0,913000.0,5430000.0,10474000.0
2109239,2010,26412000,662000.0,25750000.0,8069000.0,938000.0,5355000.0,11388000.0
2109239,2011,29508000,875000.0,28634000.0,8005000.0,1041000.0,6428000.0,13160000.0
2109239,2012,29974000,689000.0,29285000.0,8156000.0,1056000.0,5788000.0,14286000.0
2109239,2013,34208000,673000.0,33535000.0,10460000.0,1024000.0,6617000.0,15434000.0
2109239,2014,37936000,710000.0,37227000.0,10389000.0,1372000.0,7663000.0,17803000.0
2109239,2015,40755000,1089000.0,39665000.0,10737000.0,1642000.0,8022000.0,19265000.0
2109239,2016,47911000,1394000.0,46517000.0,11937000.0,1637000.0,10382000.0,22561000.0
2109239,2017,47715000,1639000.0,46076000.0,10877000.0,1645000.0,10669000.0,22884000.0
2109239,2018,48710000,1879000.0,46831000.0,9740000.0,1715000.0,10951000.0,24425000.0
2109239,2019,48017000,1665000.0,46351000.0,9559000.0,1567000.0,9837000.0,25388000.0
2109239,2020,54722000,1727000.0,52995000.0,11669000.0,1606000.0,10802000.0,28918000.0
2109239,2021,60682000,2420000.0,58263000.0,15295000.0,1600000.0,12508000.0,28860000.0
2109239,2022,70167000,,,,,,
2109239,2023,74488000,,,,,,
2109270,2002,22156000,284000.0,21871000.0,9804000.0,929000.0,3252000.0,7886000.0
2109270,2003,27859000,292000.0,27568000.0,13322000.0,1293000.0,3254000.0,9698000.0
2109270,2004,31881000,369000.0,31512000.0,15391000.0,978000.0,4299000.0,10845000.0
2109270,2005,35084000,466000.0,34618000.0,16634000.0,915000.0,4468000.0,12601000.0
2109270,2006,36656000,508000.0,36148000.0,15330000.0,2172000.0,5024000.0,13621000.0
2109270,2007,45541000,677000.0,44864000.0,18632000.0,1283000.0,6813000.0,18135000.0
2109270,2008,58698000,754000.0,57944000.0,27716000.0,2122000.0,7914000.0,20192000.0
2109270,2009,64217000,777000.0,63440000.0,24437000.0,2722000.0,9656000.0,26625000.0
2109270,2010,69129000,1064000.0,68065000.0,25667000.0,2783000.0,10259000.0,29356000.0
2109270,2011,83660000,1248000.0,82412000.0,32062000.0,3347000.0,12851000.0,34152000.0
2109270,2012,93468000,1632000.0,91836000.0,34601000.0,3878000.0,15002000.0,38355000.0
2109270,2013,118089000,1612000.0,116477000.0,51086000.0,4179000.0,18146000.0,43066000.0
2109270,2014,125214000,1679000.0,123534000.0,49693000.0,5744000.0,20980000.0,47117000.0
2109270,2015,125989000,2185000.0,123804000.0,43595000.0,6069000.0,20499000.0,53641000.0
2109270,2016,142663000,3056000.0,139607000.0,45248000.0,7116000.0,26457000.0,60787000.0
2109270,2017,136039000,3035000.0,133004000.0,42950000.0,4721000.0,24505000.0,60827000.0
2109270,2018,127983000,2665000.0,125318000.0,32686000.0,4386000.0,24042000.0,64204000.0
2109270,2019,128890000,2978000.0,125912000.0,26439000.0,4565000.0,27900000.0,67007000.0
2109270,2020,136491000,3195000.0,133296000.0,29968000.0,3931000.0,27129000.0,72269000.0
2109270,2021,164968000,3632000.0,161336000.0,34967000.0,4936000.0,28533000.0,92900000.0
2109270,2022,179657000,,,,,,
2109270,2023,186043000,,,,,,
2109304,2002,10913000,261000.0,10652000.0,1729000.0,1244000.0,2427000.0,5252000.0
2109304,2003,12712000,186000.0,12526000.0,2536000.0,675000.0,2393000.0,6921000.0
2109304,2004,14871000,242000.0,14628000.0,3058000.0,507000.0,2997000.0,8066000.0
2109304,2005,18260000,361000.0,17899000.0,3392000.0,557000.0,3646000.0,10304000.0
2109304,2006,20254000,414000.0,19840000.0,3751000.0,1215000.0,4048000.0,10825000.0
2109304,2007,20105000,509000.0,19596000.0,3720000.0,656000.0,4570000.0,10650000.0
2109304,2008,24462000,575000.0,23887000.0,4833000.0,922000.0,5324000.0,12808000.0
2109304,2009,28209000,638000.0,27571000.0,3915000.0,1267000.0,6225000.0,16163000.0
2109304,2010,32278000,569000.0,31709000.0,5716000.0,1447000.0,6029000.0,18516000.0
2109304,2011,36550000,732000.0,35818000.0,5807000.0,1985000.0,7362000.0,20663000.0
2109304,2012,39643000,778000.0,38865000.0,6293000.0,2667000.0,7897000.0,22008000.0
2109304,2013,46141000,971000.0,45170000.0,7921000.0,2166000.0,9651000.0,25432000.0
2109304,2014,54205000,1102000.0,53102000.0,8202000.0,2386000.0,11545000.0,30970000.0
2109304,2015,55083000,1415000.0,53668000.0,8117000.0,2606000.0,11540000.0,31404000.0
2109304,2016,57701000,1684000.0,56016000.0,7646000.0,2268000.0,13346000.0,32756000.0
2109304,2017,58277000,1623000.0,56654000.0,5914000.0,2533000.0,12644000.0,35562000.0
2109304,2018,69710000,1774000.0,67936000.0,5683000.0,2372000.0,15328000.0,44553000.0
2109304,2019,68336000,1818000.0,66518000.0,3756000.0,2198000.0,14627000.0,45936000.0
2109304,2020,71772000,2674000.0,69098000.0,4340000.0,1997000.0,14681000.0,48080000.0
2109304,2021,76166000,2861000.0,73305000.0,5041000.0,2032000.0,14779000.0,51452000.0
2109304,2022,93347000,,,,,,
2109304,2023,108884000,,,,,,
2109403,2002,9909000,127000.0,9782000.0,2684000.0,372000.0,1215000.0,5512000.0
2109403,2003,12995000,121000.0,12873000.0,3583000.0,382000.0,1561000.0,7348000.0
2109403,2004,13241000,119000.0,13122000.0,3560000.0,255000.0,1665000.0,7642000.0
2109403,2005,16489000,175000.0,16314000.0,3952000.0,296000.0,2029000.0,10036000.0
2109403,2006,18488000,245000.0,18243000.0,3758000.0,732000.0,2473000.0,11279000.0
2109403,2007,20470000,316000.0,20153000.0,4037000.0,453000.0,3103000.0,12560000.0
2109403,2008,23860000,341000.0,23519000.0,4972000.0,604000.0,3467000.0,14476000.0
2109403,2009,28706000,359000.0,28348000.0,5052000.0,901000.0,4275000.0,18120000.0
2109403,2010,32878000,488000.0,32389000.0,5390000.0,1038000.0,5028000.0,20934000.0
2109403,2011,44998000,733000.0,44266000.0,7558000.0,1373000.0,7391000.0,27943000.0
2109403,2012,49311000,790000.0,48521000.0,8815000.0,1535000.0,7694000.0,30477000.0
2109403,2013,54330000,765000.0,53566000.0,11198000.0,1314000.0,8722000.0,32331000.0
2109403,2014,62493000,767000.0,61725000.0,13793000.0,2029000.0,10050000.0,35854000.0
2109403,2015,68025000,1037000.0,66988000.0,11863000.0,2489000.0,9985000.0,42650000.0
2109403,2016,76062000,1549000.0,74512000.0,11649000.0,2572000.0,13012000.0,47280000.0
2109403,2017,75664000,1925000.0,73739000.0,12312000.0,2264000.0,11889000.0,47274000.0
2109403,2018,76491000,2203000.0,74287000.0,10969000.0,2149000.0,11968000.0,49201000.0
2109403,2019,78443000,1933000.0,76510000.0,9953000.0,2236000.0,12187000.0,52134000.0
2109403,2020,84103000,1872000.0,82231000.0,10555000.0,2544000.0,12797000.0,56334000.0
2109403,2021,89083000,1637000.0,87446000.0,10859000.0,2985000.0,13732000.0,59870000.0
2109403,2022,106240000,,,,,,
2109403,2023,120508000,,,,,,
2109452,2002,61134000,1882000.0,59252000.0,6039000.0,27893000.0,11918000.0,13402000.0
2109452,2003,44120000,1894000.0,42226000.0,7355000.0,12872000.0,10851000.0,11148000.0
2109452,2004,42694000,1920000.0,40774000.0,7129000.0,6585000.0,11839000.0,15222000.0
2109452,2005,48462000,2900000.0,45562000.0,7554000.0,4506000.0,16795000.0,16707000.0
2109452,2006,70438000,3305000.0,67132000.0,7246000.0,19157000.0,19483000.0,21245000.0
2109452,2007,59084000,2916000.0,56168000.0,8274000.0,4647000.0,19202000.0,24045000.0
2109452,2008,72164000,3600000.0,68564000.0,10585000.0,5264000.0,23924000.0,28791000.0
2109452,2009,89869000,4854000.0,85015000.0,8564000.0,7969000.0,33847000.0,34636000.0
2109452,2010,87152000,3863000.0,83289000.0,9560000.0,8686000.0,27939000.0,37104000.0
2109452,2011,111750000,5170000.0,106580000.0,12074000.0,15617000.0,34533000.0,44356000.0
2109452,2012,126575000,6312000.0,120263000.0,13787000.0,18307000.0,39081000.0,49087000.0
2109452,2013,179037000,7369000.0,171668000.0,18268000.0,45073000.0,49094000.0,59234000.0
2109452,2014,196914000,10644000.0,186270000.0,18468000.0,33459000.0,66370000.0,67973000.0
2109452,2015,179273000,10689000.0,168584000.0,19161000.0,18813000.0,60523000.0,70087000.0
2109452,2016,210757000,12495000.0,198262000.0,17586000.0,23509000.0,76639000.0,80529000.0
2109452,2017,213007000,13731000.0,199276000.0,18057000.0,17864000.0,76067000.0,87288000.0
2109452,2018,237393000,17615000.0,219778000.0,17159000.0,23134000.0,88454000.0,91031000.0
2109452,2019,246828000,19739000.0,227088000.0,17689000.0,27409000.0,86537000.0,95453000.0
2109452,2020,257138000,19031000.0,238106000.0,19510000.0,31038000.0,83270000.0,104288000.0
2109452,2021,286153000,20802000.0,265351000.0,20140000.0,37207000.0,90763000.0,117241000.0
2109452,2022,327264000,,,,,,
2109452,2023,381071000,,,,,,
2109502,2002,64784000,1854000.0,62930000.0,31909000.0,4357000.0,13096000.0,13569000.0
2109502,2003,91808000,2387000.0,89421000.0,46369000.0,10529000.0,16346000.0,16176000.0
2109502,2004,96375000,2547000.0,93829000.0,48141000.0,8364000.0,19751000.0,17573000.0
2109502,2005,100966000,2881000.0,98085000.0,50597000.0,8706000.0,21023000.0,17759000.0
2109502,2006,87021000,3981000.0,83040000.0,33190000.0,9110000.0,21511000.0,19229000.0
2109502,2007,110786000,3638000.0,107148000.0,53017000.0,6951000.0,24086000.0,23094000.0
2109502,2008,165345000,5033000.0,160312000.0,93427000.0,9370000.0,33428000.0,24086000.0
2109502,2009,173615000,6659000.0,166955000.0,79065000.0,13101000.0,42196000.0,32594000.0
2109502,2010,147762000,6413000.0,141349000.0,63552000.0,14053000.0,31704000.0,32040000.0
2109502,2011,161641000,8902000.0,152739000.0,64427000.0,14892000.0,36076000.0,37344000.0
2109502,2012,216374000,9529000.0,206845000.0,97413000.0,22025000.0,44778000.0,42629000.0
2109502,2013,251429000,7159000.0,244270000.0,129163000.0,15582000.0,53706000.0,45819000.0
2109502,2014,264995000,8022000.0,256973000.0,123414000.0,17922000.0,62678000.0,52959000.0
2109502,2015,267004000,11929000.0,255075000.0,113486000.0,16223000.0,69432000.0,55934000.0
2109502,2016,216189000,12037000.0,204152000.0,62332000.0,12403000.0,66139000.0,63279000.0
2109502,2017,309885000,12694000.0,297192000.0,144277000.0,13556000.0,75826000.0,63533000.0
2109502,2018,352488000,14170000.0,338318000.0,168901000.0,14754000.0,85401000.0,69262000.0
2109502,2019,335046000,13299000.0,321747000.0,156042000.0,15215000.0,78139000.0,72351000.0
2109502,2020,551246000,15738000.0,535508000.0,338956000.0,20895000.0,96381000.0,79277000.0
2109502,2021,673197000,24716000.0,648481000.0,415922000.0,21628000.0,119833000.0,91099000.0
2109502,2022,855714000,,,,,,
2109502,2023,687701000,,,,,,
2109551,2002,11804000,207000.0,11597000.0,4860000.0,481000.0,1893000.0,4363000.0
2109551,2003,15876000,206000.0,15670000.0,7767000.0,812000.0,2003000.0,5089000.0
2109551,2004,18623000,268000.0,18355000.0,8918000.0,836000.0,2802000.0,5799000.0
2109551,2005,20407000,290000.0,20117000.0,10106000.0,899000.0,2828000.0,6283000.0
2109551,2006,23467000,353000.0,23115000.0,10858000.0,1562000.0,3342000.0,7353000.0
2109551,2007,24756000,430000.0,24326000.0,11197000.0,951000.0,4191000.0,7988000.0
2109551,2008,33053000,757000.0,32296000.0,15046000.0,1593000.0,6393000.0,9265000.0
2109551,2009,34539000,859000.0,33680000.0,13138000.0,1742000.0,7433000.0,11368000.0
2109551,2010,37881000,1038000.0,36843000.0,16199000.0,1948000.0,6834000.0,11861000.0
2109551,2011,44382000,910000.0,43472000.0,17041000.0,4789000.0,8142000.0,13499000.0
2109551,2012,46636000,1124000.0,45512000.0,15913000.0,5412000.0,8761000.0,15426000.0
2109551,2013,51527000,973000.0,50554000.0,19240000.0,4500000.0,10009000.0,16804000.0
2109551,2014,54956000,1144000.0,53811000.0,17712000.0,3438000.0,12005000.0,20657000.0
2109551,2015,66202000,2187000.0,64014000.0,22127000.0,4667000.0,13747000.0,23473000.0
2109551,2016,71755000,2345000.0,69410000.0,23268000.0,3702000.0,15751000.0,26688000.0
2109551,2017,77430000,2624000.0,74806000.0,28794000.0,3590000.0,16407000.0,26015000.0
2109551,2018,82556000,3219000.0,79337000.0,27646000.0,4482000.0,18222000.0,28986000.0
2109551,2019,94143000,3777000.0,90366000.0,33889000.0,5783000.0,20325000.0,30370000.0
2109551,2020,108713000,4303000.0,104411000.0,41329000.0,8234000.0,22803000.0,32044000.0
2109551,2021,124192000,4447000.0,119745000.0,47433000.0,15805000.0,22554000.0,33954000.0
2109551,2022,133865000,,,,,,
2109551,2023,149001000,,,,,,
2109601,2002,65741000,3587000.0,62154000.0,3604000.0,15719000.0,24040000.0,18791000.0
2109601,2003,69924000,2914000.0,67010000.0,5138000.0,15080000.0,25048000.0,21745000.0
2109601,2004,76486000,2501000.0,73985000.0,5693000.0,19662000.0,24734000.0,23896000.0
2109601,2005,94178000,3445000.0,90734000.0,6026000.0,27417000.0,30204000.0,27087000.0
2109601,2006,119489000,4996000.0,114494000.0,6378000.0,40960000.0,34413000.0,32742000.0
2109601,2007,116759000,5303000.0,111456000.0,8201000.0,29890000.0,37192000.0,36173000.0
2109601,2008,146917000,6412000.0,140505000.0,8855000.0,42056000.0,45609000.0,43986000.0
2109601,2009,171757000,9603000.0,162154000.0,9450000.0,32930000.0,68288000.0,51486000.0
2109601,2010,159325000,7495000.0,151829000.0,8974000.0,28169000.0,57828000.0,56859000.0
2109601,2011,195500000,11475000.0,184025000.0,11876000.0,29420000.0,79621000.0,63108000.0
2109601,2012,222973000,12603000.0,210370000.0,13719000.0,39669000.0,89500000.0,67482000.0
2109601,2013,218141000,13254000.0,204888000.0,15116000.0,20965000.0,91293000.0,77514000.0
2109601,2014,290933000,19651000.0,271282000.0,20073000.0,33317000.0,123375000.0,94517000.0
2109601,2015,276763000,20545000.0,256218000.0,14663000.0,27379000.0,111694000.0,102483000.0
2109601,2016,306654000,22270000.0,284384000.0,13955000.0,27120000.0,129862000.0,113448000.0
2109601,2017,310641000,25377000.0,285264000.0,12998000.0,25406000.0,128383000.0,118477000.0
2109601,2018,357498000,29101000.0,328397000.0,11207000.0,37152000.0,149934000.0,130103000.0
2109601,2019,371096000,35528000.0,335568000.0,10321000.0,31510000.0,149111000.0,144625000.0
2109601,2020,405251000,34758000.0,370493000.0,11396000.0,39781000.0,155528000.0,163788000.0
2109601,2021,443176000,42933000.0,400244000.0,11962000.0,52741000.0,174362000.0,161179000.0
2109601,2022,481119000,,,,,,
2109601,2023,522395000,,,,,,
2109700,2002,33481000,354000.0,33127000.0,24187000.0,2051000.0,3919000.0,2970000.0
2109700,2003,52276000,882000.0,51393000.0,38300000.0,3184000.0,6179000.0,3729000.0
2109700,2004,65471000,433000.0,65038000.0,50581000.0,2399000.0,7820000.0,4238000.0
2109700,2005,71701000,1487000.0,70215000.0,52261000.0,2022000.0,11165000.0,4767000.0
2109700,2006,45416000,835000.0,44581000.0,28947000.0,3584000.0,6698000.0,5352000.0
2109700,2007,72574000,704000.0,71870000.0,53617000.0,2243000.0,9371000.0,6639000.0
2109700,2008,126533000,967000.0,125566000.0,97391000.0,6122000.0,14088000.0,7965000.0
2109700,2009,116803000,1209000.0,115594000.0,82646000.0,7887000.0,14651000.0,10410000.0
2109700,2010,95540000,2813000.0,92728000.0,57130000.0,11685000.0,13942000.0,9971000.0
2109700,2011,98828000,4261000.0,94567000.0,55803000.0,9951000.0,17238000.0,11575000.0
2109700,2012,158816000,7701000.0,151116000.0,91305000.0,17950000.0,29109000.0,12752000.0
2109700,2013,184390000,6294000.0,178096000.0,113938000.0,16870000.0,34043000.0,13245000.0
2109700,2014,184388000,5904000.0,178484000.0,109855000.0,15123000.0,37891000.0,15616000.0
2109700,2015,217161000,6669000.0,210492000.0,139467000.0,14762000.0,38591000.0,17672000.0
2109700,2016,88567000,4270000.0,84297000.0,37841000.0,5242000.0,21362000.0,19851000.0
2109700,2017,216552000,9100000.0,207451000.0,130179000.0,13610000.0,42188000.0,21474000.0
2109700,2018,252217000,10030000.0,242186000.0,157815000.0,12764000.0,49759000.0,21848000.0
2109700,2019,187125000,8587000.0,178538000.0,110888000.0,6689000.0,38634000.0,22327000.0
2109700,2020,405891000,10348000.0,395543000.0,300693000.0,12000000.0,56916000.0,25934000.0
2109700,2021,474703000,14811000.0,459892000.0,344739000.0,14033000.0,74527000.0,26593000.0
2109700,2022,630539000,,,,,,
2109700,2023,433340000,,,,,,
2109759,2002,10927000,150000.0,10777000.0,5406000.0,505000.0,1559000.0,3307000.0
2109759,2003,12765000,112000.0,12653000.0,7002000.0,606000.0,1493000.0,3552000.0
2109759,2004,14774000,148000.0,14626000.0,7931000.0,476000.0,2142000.0,4077000.0
2109759,2005,13021000,134000.0,12887000.0,6174000.0,349000.0,1987000.0,4377000.0
2109759,2006,14425000,219000.0,14207000.0,5227000.0,828000.0,2570000.0,5582000.0
2109759,2007,17116000,430000.0,16686000.0,5777000.0,530000.0,3721000.0,6658000.0
2109759,2008,20801000,528000.0,20272000.0,8062000.0,752000.0,4444000.0,7014000.0
2109759,2009,22797000,750000.0,22048000.0,7526000.0,1086000.0,5522000.0,7913000.0
2109759,2010,25993000,727000.0,25266000.0,8057000.0,1131000.0,5247000.0,10831000.0
2109759,2011,29078000,779000.0,28298000.0,8683000.0,1189000.0,6013000.0,12414000.0
2109759,2012,31815000,856000.0,30959000.0,9038000.0,1441000.0,6527000.0,13954000.0
2109759,2013,37283000,924000.0,36359000.0,11550000.0,1274000.0,7865000.0,15670000.0
2109759,2014,44642000,1902000.0,42740000.0,10108000.0,1909000.0,11409000.0,19314000.0
2109759,2015,40179000,1060000.0,39119000.0,10809000.0,1820000.0,7689000.0,18801000.0
2109759,2016,40929000,1151000.0,39778000.0,6877000.0,1663000.0,8683000.0,22555000.0
2109759,2017,47169000,1555000.0,45614000.0,6549000.0,1761000.0,11015000.0,26290000.0
2109759,2018,49914000,1792000.0,48122000.0,6236000.0,1863000.0,12088000.0,27936000.0
2109759,2019,51008000,2069000.0,48938000.0,7454000.0,1881000.0,12219000.0,27384000.0
2109759,2020,54392000,1822000.0,52570000.0,9039000.0,1807000.0,11770000.0,29954000.0
2109759,2021,60203000,2374000.0,57829000.0,11988000.0,1797000.0,12529000.0,31515000.0
2109759,2022,64532000,,,,,,
2109759,2023,71886000,,,,,,
2109809,2002,39046000,1027000.0,38018000.0,8527000.0,2012000.0,10275000.0,17205000.0
2109809,2003,46813000,1122000.0,45690000.0,11801000.0,1746000.0,11387000.0,20757000.0
2109809,2004,50894000,1226000.0,49668000.0,13345000.0,1528000.0,12725000.0,22070000.0
2109809,2005,60359000,1674000.0,58685000.0,14099000.0,1973000.0,15246000.0,27367000.0
2109809,2006,70627000,2528000.0,68099000.0,12837000.0,3823000.0,19997000.0,31441000.0
2109809,2007,79453000,2987000.0,76466000.0,14315000.0,2307000.0,23869000.0,35974000.0
2109809,2008,96296000,3524000.0,92772000.0,18084000.0,3175000.0,28765000.0,42750000.0
2109809,2009,106824000,3295000.0,103529000.0,18913000.0,4021000.0,30080000.0,50514000.0
2109809,2010,113287000,3242000.0,110045000.0,19090000.0,3803000.0,28498000.0,58654000.0
2109809,2011,143936000,5340000.0,138595000.0,27367000.0,5212000.0,38751000.0,67266000.0
2109809,2012,168690000,6415000.0,162274000.0,31422000.0,6594000.0,46893000.0,77366000.0
2109809,2013,192086000,6448000.0,185638000.0,41137000.0,7802000.0,51309000.0,85390000.0
2109809,2014,217598000,7021000.0,210576000.0,43530000.0,11096000.0,59112000.0,96839000.0
2109809,2015,222823000,8898000.0,213924000.0,39872000.0,9524000.0,57731000.0,106798000.0
2109809,2016,261400000,11792000.0,249608000.0,38787000.0,10399000.0,77711000.0,122711000.0
2109809,2017,279040000,12267000.0,266773000.0,37345000.0,12447000.0,80498000.0,136483000.0
2109809,2018,286056000,13385000.0,272671000.0,33121000.0,12560000.0,85429000.0,141561000.0
2109809,2019,268495000,13110000.0,255386000.0,30979000.0,7942000.0,77013000.0,139453000.0
2109809,2020,308955000,14180000.0,294775000.0,34918000.0,8975000.0,87333000.0,163549000.0
2109809,2021,357951000,21473000.0,336477000.0,37595000.0,9879000.0,108527000.0,180476000.0
2109809,2022,394235000,,,,,,
2109809,2023,483903000,,,,,,
2109908,2002,208670000,19094000.0,189575000.0,5462000.0,24199000.0,121160000.0,38755000.0
2109908,2003,270606000,24588000.0,246019000.0,8124000.0,23126000.0,163708000.0,51060000.0
2109908,2004,285809000,25313000.0,260496000.0,9214000.0,20551000.0,176276000.0,54455000.0
2109908,2005,326844000,29283000.0,297561000.0,9112000.0,20437000.0,204247000.0,63765000.0
2109908,2006,390826000,37367000.0,353459000.0,8879000.0,43276000.0,229812000.0,71491000.0
2109908,2007,411612000,41704000.0,369908000.0,9915000.0,23531000.0,257626000.0,78835000.0
2109908,2008,499909000,50565000.0,449344000.0,12210000.0,30678000.0,313400000.0,93057000.0
2109908,2009,589718000,54051000.0,535667000.0,10771000.0,35807000.0,379211000.0,109878000.0
2109908,2010,670908000,69839000.0,601068000.0,12854000.0,35902000.0,437020000.0,115292000.0
2109908,2011,693055000,77953000.0,615103000.0,15180000.0,41211000.0,425506000.0,133205000.0
2109908,2012,785259000,85944000.0,699314000.0,14832000.0,51096000.0,489191000.0,144195000.0
2109908,2013,887122000,94068000.0,793054000.0,19032000.0,100356000.0,517848000.0,155818000.0
2109908,2014,1071450000,112271000.0,959179000.0,19989000.0,83066000.0,668830000.0,187294000.0
2109908,2015,1142442000,117797000.0,1024645000.0,19909000.0,153968000.0,625650000.0,225119000.0
2109908,2016,1223196000,132322000.0,1090873000.0,20299000.0,114091000.0,716555000.0,239928000.0
2109908,2017,1229422000,142029000.0,1087393000.0,21706000.0,73258000.0,720712000.0,271718000.0
2109908,2018,1289379000,152883000.0,1136496000.0,20902000.0,65771000.0,745926000.0,303896000.0
2109908,2019,1243982000,164535000.0,1079447000.0,21190000.0,63279000.0,681870000.0,313107000.0
2109908,2020,1333160000,173779000.0,1159381000.0,26774000.0,62308000.0,725960000.0,344340000.0
2109908,2021,1465933000,198246000.0,1267687000.0,36783000.0,67375000.0,801337000.0,362192000.0
2109908,2022,1716445000,,,,,,
2109908,2023,1837615000,,,,,,
2110005,2002,119428000,4220000.0,115209000.0,39494000.0,6291000.0,29173000.0,40251000.0
2110005,2003,142931000,3300000.0,139631000.0,54558000.0,6884000.0,29681000.0,48507000.0
2110005,2004,165130000,4364000.0,160766000.0,61483000.0,5794000.0,38772000.0,54717000.0
2110005,2005,182915000,5200000.0,177715000.0,62173000.0,5589000.0,45337000.0,64616000.0
2110005,2006,207379000,6498000.0,200881000.0,65315000.0,11856000.0,49618000.0,74091000.0
2110005,2007,215616000,6916000.0,208701000.0,73805000.0,5965000.0,54768000.0,74163000.0
2110005,2008,250609000,7871000.0,242737000.0,91106000.0,8309000.0,62411000.0,80911000.0
2110005,2009,279994000,9616000.0,270378000.0,86001000.0,11197000.0,78126000.0,95054000.0
2110005,2010,336588000,11702000.0,324886000.0,96124000.0,37767000.0,83365000.0,107630000.0
2110005,2011,420137000,16118000.0,404019000.0,135615000.0,36463000.0,98256000.0,133684000.0
2110005,2012,409903000,14146000.0,395757000.0,130162000.0,18291000.0,100965000.0,146340000.0
2110005,2013,466942000,13814000.0,453127000.0,154547000.0,19469000.0,113274000.0,165837000.0
2110005,2014,506893000,19135000.0,487758000.0,139168000.0,24530000.0,143041000.0,181019000.0
2110005,2015,466994000,18303000.0,448691000.0,107424000.0,22376000.0,125060000.0,193831000.0
2110005,2016,559546000,22890000.0,536657000.0,117421000.0,24024000.0,166506000.0,228705000.0
2110005,2017,546589000,25348000.0,521241000.0,109436000.0,20619000.0,162280000.0,228907000.0
2110005,2018,569221000,27127000.0,542094000.0,100634000.0,20070000.0,171945000.0,249445000.0
2110005,2019,601881000,31142000.0,570739000.0,117040000.0,20813000.0,172837000.0,260048000.0
2110005,2020,614228000,25934000.0,588294000.0,141083000.0,17621000.0,150956000.0,278634000.0
2110005,2021,743420000,40155000.0,703266000.0,179715000.0,21298000.0,201543000.0,300709000.0
2110005,2022,888803000,,,,,,
2110005,2023,985809000,,,,,,
2110039,2002,38170000,1933000.0,36238000.0,10454000.0,1784000.0,12202000.0,11798000.0
2110039,2003,41060000,1040000.0,40020000.0,13652000.0,1672000.0,9677000.0,15018000.0
2110039,2004,41773000,1026000.0,40747000.0,13621000.0,1420000.0,11158000.0,14549000.0
2110039,2005,51985000,2296000.0,49689000.0,13552000.0,1517000.0,17782000.0,16838000.0
2110039,2006,55772000,2067000.0,53705000.0,13349000.0,3540000.0,16727000.0,20089000.0
2110039,2007,69576000,4015000.0,65561000.0,15161000.0,2321000.0,25603000.0,22476000.0
2110039,2008,92918000,6169000.0,86749000.0,21822000.0,3246000.0,35409000.0,26271000.0
2110039,2009,105960000,7232000.0,98728000.0,18880000.0,4648000.0,44352000.0,30848000.0
2110039,2010,126756000,9602000.0,117154000.0,21570000.0,7546000.0,52896000.0,35142000.0
2110039,2011,145228000,12267000.0,132960000.0,23314000.0,10613000.0,58964000.0,40069000.0
2110039,2012,147563000,11182000.0,136380000.0,26263000.0,7109000.0,59720000.0,43288000.0
2110039,2013,242749000,27998000.0,214751000.0,32916000.0,7250000.0,123739000.0,50845000.0
2110039,2014,197218000,13151000.0,184067000.0,33916000.0,7871000.0,80569000.0,61711000.0
2110039,2015,210468000,15239000.0,195230000.0,33802000.0,12349000.0,81169000.0,67909000.0
2110039,2016,222390000,13764000.0,208626000.0,36088000.0,14440000.0,80381000.0,77716000.0
2110039,2017,201655000,13428000.0,188228000.0,35899000.0,8427000.0,73444000.0,70457000.0
2110039,2018,213777000,13672000.0,200105000.0,31128000.0,11963000.0,75624000.0,81390000.0
2110039,2019,209575000,15719000.0,193856000.0,30484000.0,9175000.0,72046000.0,82151000.0
2110039,2020,241304000,15403000.0,225901000.0,36040000.0,9420000.0,88305000.0,92136000.0
2110039,2021,253332000,18808000.0,234525000.0,49972000.0,8066000.0,86660000.0,89827000.0
2110039,2022,339199000,,,,,,
2110039,2023,382764000,,,,,,
2110104,2002,30006000,617000.0,29389000.0,4157000.0,1224000.0,6640000.0,17368000.0
2110104,2003,34908000,617000.0,34290000.0,6457000.0,1455000.0,7065000.0,19314000.0
2110104,2004,39641000,675000.0,38966000.0,8401000.0,1196000.0,8288000.0,21081000.0
2110104,2005,41939000,1027000.0,40913000.0,6212000.0,1248000.0,9446000.0,24007000.0
2110104,2006,52149000,1517000.0,50632000.0,6646000.0,2871000.0,11970000.0,29145000.0
2110104,2007,58855000,1864000.0,56991000.0,7620000.0,1957000.0,14924000.0,32490000.0
2110104,2008,81140000,2149000.0,78992000.0,21625000.0,3068000.0,18675000.0,35624000.0
2110104,2009,103992000,3591000.0,100401000.0,27440000.0,4654000.0,24676000.0,43632000.0
2110104,2010,92048000,3160000.0,88888000.0,18669000.0,4060000.0,19578000.0,46581000.0
2110104,2011,111018000,4112000.0,106906000.0,18456000.0,4934000.0,28332000.0,55184000.0
2110104,2012,117887000,4765000.0,113122000.0,13209000.0,5434000.0,31563000.0,62916000.0
2110104,2013,117525000,3967000.0,113558000.0,18316000.0,4831000.0,32195000.0,58215000.0
2110104,2014,136992000,5182000.0,131810000.0,19609000.0,6996000.0,39378000.0,65827000.0
2110104,2015,149720000,6820000.0,142900000.0,14458000.0,8145000.0,43941000.0,76356000.0
2110104,2016,168887000,8170000.0,160717000.0,15133000.0,8440000.0,55987000.0,81158000.0
2110104,2017,162900000,8095000.0,154805000.0,16421000.0,7396000.0,51972000.0,79017000.0
2110104,2018,184783000,9175000.0,175609000.0,15642000.0,7636000.0,58748000.0,93582000.0
2110104,2019,182771000,9522000.0,173249000.0,14902000.0,7617000.0,54822000.0,95908000.0
2110104,2020,190336000,8788000.0,181548000.0,19766000.0,6542000.0,50663000.0,104577000.0
2110104,2021,218445000,12770000.0,205676000.0,22557000.0,7923000.0,63977000.0,111219000.0
2110104,2022,311349000,,,,,,
2110104,2023,391678000,,,,,,
2110203,2002,27795000,1362000.0,26433000.0,2911000.0,1508000.0,9087000.0,12928000.0
2110203,2003,38168000,2062000.0,36105000.0,4430000.0,2263000.0,13729000.0,15684000.0
2110203,2004,35443000,1239000.0,34204000.0,4680000.0,2039000.0,11217000.0,16268000.0
2110203,2005,47266000,2395000.0,44871000.0,5115000.0,1799000.0,17335000.0,20623000.0
2110203,2006,69233000,5379000.0,63854000.0,5483000.0,10299000.0,21969000.0,26104000.0
2110203,2007,74050000,6104000.0,67947000.0,6228000.0,10272000.0,21551000.0,29895000.0
2110203,2008,87388000,6315000.0,81073000.0,8503000.0,12279000.0,23947000.0,36343000.0
2110203,2009,105371000,6803000.0,98568000.0,7988000.0,15070000.0,30227000.0,45283000.0
2110203,2010,104005000,7405000.0,96600000.0,9057000.0,14377000.0,27476000.0,45690000.0
2110203,2011,131841000,9515000.0,122326000.0,10341000.0,16922000.0,42385000.0,52679000.0
2110203,2012,148458000,11551000.0,136907000.0,9470000.0,20434000.0,45454000.0,61548000.0
2110203,2013,161435000,13815000.0,147620000.0,12057000.0,15786000.0,54577000.0,65200000.0
2110203,2014,200996000,14247000.0,186748000.0,16988000.0,17687000.0,75973000.0,76100000.0
2110203,2015,240548000,20494000.0,220055000.0,18368000.0,22409000.0,83987000.0,95290000.0
2110203,2016,267724000,20733000.0,246991000.0,16585000.0,19895000.0,98032000.0,112480000.0
2110203,2017,268458000,19966000.0,248492000.0,14570000.0,28787000.0,91636000.0,113499000.0
2110203,2018,269843000,25170000.0,244673000.0,9879000.0,25174000.0,93657000.0,115963000.0
2110203,2019,297588000,30427000.0,267161000.0,8739000.0,24243000.0,101098000.0,133081000.0
2110203,2020,303546000,29595000.0,273951000.0,10675000.0,21864000.0,106687000.0,134725000.0
2110203,2021,354631000,40349000.0,314281000.0,13126000.0,29883000.0,127691000.0,143581000.0
2110203,2022,341523000,,,,,,
2110203,2023,364746000,,,,,,
2110237,2002,9134000,217000.0,8916000.0,1677000.0,533000.0,1264000.0,5442000.0
2110237,2003,11104000,157000.0,10947000.0,2634000.0,520000.0,1423000.0,6370000.0
2110237,2004,12688000,194000.0,12493000.0,3167000.0,312000.0,1877000.0,7137000.0
2110237,2005,13896000,261000.0,13636000.0,2887000.0,499000.0,2291000.0,7958000.0
2110237,2006,17477000,449000.0,17028000.0,2232000.0,1106000.0,3408000.0,10281000.0
2110237,2007,18963000,491000.0,18471000.0,2500000.0,722000.0,3711000.0,11539000.0
2110237,2008,25779000,674000.0,25105000.0,5825000.0,1181000.0,5044000.0,13055000.0
2110237,2009,30533000,845000.0,29688000.0,5885000.0,1645000.0,6435000.0,15723000.0
2110237,2010,28923000,436000.0,28487000.0,5821000.0,1292000.0,4538000.0,16836000.0
2110237,2011,36204000,799000.0,35406000.0,6480000.0,1575000.0,6823000.0,20528000.0
2110237,2012,39112000,734000.0,38378000.0,4407000.0,4610000.0,6881000.0,22480000.0
2110237,2013,45812000,796000.0,45017000.0,8069000.0,1698000.0,8627000.0,26623000.0
2110237,2014,51844000,912000.0,50932000.0,7181000.0,2947000.0,9544000.0,31260000.0
2110237,2015,51743000,1245000.0,50498000.0,7204000.0,2477000.0,8999000.0,31818000.0
2110237,2016,57159000,1459000.0,55700000.0,8147000.0,2367000.0,11686000.0,33500000.0
2110237,2017,58103000,1632000.0,56470000.0,6370000.0,1744000.0,11980000.0,36376000.0
2110237,2018,64675000,1544000.0,63132000.0,4673000.0,1951000.0,12987000.0,43521000.0
2110237,2019,66746000,1704000.0,65043000.0,3914000.0,1880000.0,12915000.0,46333000.0
2110237,2020,94041000,6491000.0,87550000.0,4524000.0,8966000.0,25678000.0,48382000.0
2110237,2021,74090000,3194000.0,70897000.0,5895000.0,3068000.0,15495000.0,46438000.0
2110237,2022,105333000,,,,,,
2110237,2023,115748000,,,,,,
2110278,2002,9323000,137000.0,9187000.0,2114000.0,271000.0,1349000.0,5453000.0
2110278,2003,10867000,111000.0,10755000.0,2781000.0,330000.0,1262000.0,6382000.0
2110278,2004,12090000,151000.0,11939000.0,2900000.0,250000.0,1847000.0,6941000.0
2110278,2005,13238000,181000.0,13057000.0,3048000.0,251000.0,1758000.0,7999000.0
2110278,2006,15553000,674000.0,14879000.0,2873000.0,640000.0,2388000.0,8977000.0
2110278,2007,18402000,707000.0,17696000.0,2957000.0,401000.0,3030000.0,11307000.0
2110278,2008,21988000,349000.0,21638000.0,3471000.0,587000.0,3710000.0,13871000.0
2110278,2009,27490000,496000.0,26994000.0,3576000.0,916000.0,4573000.0,17929000.0
2110278,2010,31676000,602000.0,31074000.0,3885000.0,979000.0,5576000.0,20634000.0
2110278,2011,36411000,663000.0,35748000.0,5581000.0,1062000.0,6313000.0,22791000.0
2110278,2012,43372000,727000.0,42645000.0,8141000.0,1368000.0,6920000.0,26216000.0
2110278,2013,52859000,761000.0,52097000.0,9238000.0,1359000.0,8784000.0,32717000.0
2110278,2014,68618000,1045000.0,67573000.0,14203000.0,2546000.0,11580000.0,39245000.0
2110278,2015,65783000,1023000.0,64760000.0,8479000.0,2469000.0,10308000.0,43504000.0
2110278,2016,76872000,1851000.0,75021000.0,9355000.0,2648000.0,14155000.0,48864000.0
2110278,2017,81058000,1898000.0,79160000.0,11473000.0,2393000.0,13848000.0,51447000.0
2110278,2018,79082000,2343000.0,76739000.0,10036000.0,2115000.0,14929000.0,49658000.0
2110278,2019,78776000,2396000.0,76379000.0,8183000.0,2102000.0,14802000.0,51291000.0
2110278,2020,86384000,2533000.0,83850000.0,9348000.0,2520000.0,16289000.0,55693000.0
2110278,2021,95932000,3227000.0,92705000.0,9667000.0,2450000.0,20303000.0,60285000.0
2110278,2022,114432000,,,,,,
2110278,2023,131658000,,,,,,
2110302,2002,22412000,452000.0,21960000.0,6836000.0,1383000.0,5093000.0,8648000.0
2110302,2003,25354000,469000.0,24885000.0,8205000.0,1532000.0,5406000.0,9742000.0
2110302,2004,28445000,544000.0,27901000.0,8722000.0,1399000.0,7040000.0,10740000.0
2110302,2005,33051000,892000.0,32159000.0,9731000.0,1125000.0,8995000.0,12308000.0
2110302,2006,38894000,1385000.0,37509000.0,10201000.0,2329000.0,11042000.0,13937000.0
2110302,2007,40905000,1659000.0,39247000.0,11124000.0,1350000.0,12818000.0,13955000.0
2110302,2008,52439000,2066000.0,50373000.0,14152000.0,2003000.0,15767000.0,18451000.0
2110302,2009,63725000,2615000.0,61110000.0,14193000.0,3572000.0,19083000.0,24262000.0
2110302,2010,72776000,3271000.0,69506000.0,17679000.0,4033000.0,21016000.0,26777000.0
2110302,2011,86264000,8072000.0,78193000.0,19412000.0,5433000.0,23738000.0,29609000.0
2110302,2012,149341000,35819000.0,113522000.0,15112000.0,23278000.0,39573000.0,35559000.0
2110302,2013,1805433000,109432000.0,1696001000.0,19271000.0,1332000000.0,302135000.0,42594000.0
2110302,2014,814806000,86352000.0,728454000.0,22445000.0,516670000.0,131267000.0,58071000.0
2110302,2015,921936000,68560000.0,853376000.0,19920000.0,662259000.0,123035000.0,48161000.0
2110302,2016,1276244000,83507000.0,1192737000.0,20293000.0,1056095000.0,59104000.0,57244000.0
2110302,2017,1613800000,117685000.0,1496115000.0,21443000.0,1331125000.0,65632000.0,77915000.0
2110302,2018,1913636000,91758000.0,1821878000.0,17529000.0,1643171000.0,72592000.0,88585000.0
2110302,2019,1864002000,109132000.0,1754870000.0,14748000.0,1574085000.0,71266000.0,94771000.0
2110302,2020,2368471000,103819000.0,2264651000.0,14516000.0,2092998000.0,68356000.0,88781000.0
2110302,2021,3055535000,108649000.0,2946886000.0,16896000.0,2749057000.0,85935000.0,94999000.0
2110302,2022,3117474000,,,,,,
2110302,2023,5184564000,,,,,,
2110401,2002,17192000,348000.0,16843000.0,3118000.0,725000.0,3728000.0,9272000.0
2110401,2003,20961000,279000.0,20682000.0,5099000.0,929000.0,3909000.0,10746000.0
2110401,2004,23953000,365000.0,23587000.0,6004000.0,816000.0,4938000.0,11829000.0
2110401,2005,24540000,500000.0,24039000.0,4768000.0,760000.0,5080000.0,13430000.0
2110401,2006,30946000,641000.0,30305000.0,6551000.0,1829000.0,6099000.0,15826000.0
2110401,2007,35058000,824000.0,34234000.0,6192000.0,1212000.0,7777000.0,19052000.0
2110401,2008,45687000,968000.0,44719000.0,11639000.0,1856000.0,9093000.0,22131000.0
2110401,2009,43684000,1058000.0,42626000.0,5120000.0,2577000.0,9762000.0,25167000.0
2110401,2010,47841000,1177000.0,46664000.0,5828000.0,2229000.0,9750000.0,28858000.0
2110401,2011,63764000,1416000.0,62348000.0,12546000.0,3049000.0,13669000.0,33084000.0
2110401,2012,61094000,1692000.0,59402000.0,7157000.0,2984000.0,13913000.0,35347000.0
2110401,2013,65313000,1753000.0,63560000.0,6414000.0,3955000.0,16432000.0,36760000.0
2110401,2014,87289000,2192000.0,85097000.0,10531000.0,5993000.0,21488000.0,47085000.0
2110401,2015,88553000,2422000.0,86131000.0,6981000.0,6474000.0,20206000.0,52470000.0
2110401,2016,104917000,3393000.0,101524000.0,7133000.0,6894000.0,26831000.0,60666000.0
2110401,2017,111226000,3670000.0,107556000.0,9968000.0,6361000.0,27989000.0,63238000.0
2110401,2018,124575000,4477000.0,120098000.0,8259000.0,7127000.0,32592000.0,72120000.0
2110401,2019,126021000,5005000.0,121015000.0,4611000.0,5855000.0,32920000.0,77628000.0
2110401,2020,140812000,5401000.0,135412000.0,8781000.0,5955000.0,35092000.0,85583000.0
2110401,2021,143437000,6686000.0,136751000.0,7465000.0,5768000.0,37676000.0,85842000.0
2110401,2022,158302000,,,,,,
2110401,2023,186474000,,,,,,
2110500,2002,40132000,1830000.0,38301000.0,4398000.0,1704000.0,15823000.0,16376000.0
2110500,2003,48019000,1947000.0,46071000.0,5875000.0,2242000.0,17819000.0,20134000.0
2110500,2004,54206000,1969000.0,52237000.0,7168000.0,1968000.0,20156000.0,22944000.0
2110500,2005,67026000,2863000.0,64162000.0,7291000.0,2293000.0,25541000.0,29037000.0
2110500,2006,76371000,3785000.0,72586000.0,6122000.0,4662000.0,28715000.0,33086000.0
2110500,2007,86917000,3957000.0,82959000.0,6665000.0,3155000.0,32170000.0,40969000.0
2110500,2008,96195000,4253000.0,91942000.0,9512000.0,3569000.0,32195000.0,46666000.0
2110500,2009,130212000,6676000.0,123536000.0,9236000.0,5746000.0,50021000.0,58534000.0
2110500,2010,121744000,5137000.0,116608000.0,8879000.0,5137000.0,39737000.0,62855000.0
2110500,2011,139758000,6586000.0,133173000.0,11513000.0,6044000.0,46361000.0,69255000.0
2110500,2012,163687000,8286000.0,155401000.0,12689000.0,7552000.0,55792000.0,79369000.0
2110500,2013,179096000,8838000.0,170259000.0,15466000.0,7378000.0,62080000.0,85334000.0
2110500,2014,204817000,11849000.0,192968000.0,16284000.0,10085000.0,75699000.0,90899000.0
2110500,2015,228873000,11408000.0,217465000.0,13585000.0,12523000.0,75084000.0,116273000.0
2110500,2016,437281000,43821000.0,393459000.0,13893000.0,20507000.0,238362000.0,120697000.0
2110500,2017,257121000,14106000.0,243015000.0,13334000.0,11218000.0,91104000.0,127359000.0
2110500,2018,273716000,15546000.0,258170000.0,11745000.0,11900000.0,97011000.0,137515000.0
2110500,2019,270449000,15195000.0,255254000.0,11269000.0,11876000.0,88157000.0,143952000.0
2110500,2020,286296000,15188000.0,271107000.0,12627000.0,11145000.0,88226000.0,159109000.0
2110500,2021,312160000,17057000.0,295103000.0,13872000.0,12099000.0,97421000.0,171711000.0
2110500,2022,372912000,,,,,,
2110500,2023,404149000,,,,,,
2110609,2002,37606000,1563000.0,36043000.0,9472000.0,2285000.0,10592000.0,13694000.0
2110609,2003,45689000,1791000.0,43898000.0,13061000.0,2641000.0,12431000.0,15765000.0
2110609,2004,52513000,1893000.0,50619000.0,15078000.0,2143000.0,15443000.0,17956000.0
2110609,2005,61119000,2578000.0,58541000.0,14972000.0,2171000.0,19906000.0,21492000.0
2110609,2006,72501000,3679000.0,68822000.0,15250000.0,5517000.0,23460000.0,24596000.0
2110609,2007,75455000,3509000.0,71946000.0,17718000.0,2596000.0,25049000.0,26583000.0
2110609,2008,108432000,4589000.0,103844000.0,33921000.0,4401000.0,34488000.0,31034000.0
2110609,2009,116969000,5761000.0,111208000.0,27260000.0,5707000.0,43411000.0,34829000.0
2110609,2010,124478000,6966000.0,117512000.0,28339000.0,5444000.0,47420000.0,36310000.0
2110609,2011,134041000,7342000.0,126699000.0,32431000.0,6047000.0,46181000.0,42040000.0
2110609,2012,165697000,11474000.0,154223000.0,29217000.0,9284000.0,68755000.0,46968000.0
2110609,2013,202670000,13135000.0,189534000.0,50917000.0,9431000.0,75014000.0,54172000.0
2110609,2014,230865000,15286000.0,215579000.0,51885000.0,12848000.0,92045000.0,58801000.0
2110609,2015,230061000,16404000.0,213657000.0,44514000.0,15977000.0,85928000.0,67238000.0
2110609,2016,263272000,18565000.0,244707000.0,48501000.0,20741000.0,100367000.0,75098000.0
2110609,2017,248031000,20016000.0,228015000.0,46953000.0,11285000.0,95336000.0,74441000.0
2110609,2018,281006000,23503000.0,257502000.0,37215000.0,10884000.0,109864000.0,99540000.0
2110609,2019,283234000,27041000.0,256193000.0,30600000.0,11530000.0,105952000.0,108111000.0
2110609,2020,260541000,18035000.0,242506000.0,36221000.0,11562000.0,81336000.0,113387000.0
2110609,2021,281177000,19513000.0,261664000.0,42639000.0,13992000.0,84780000.0,120253000.0
2110609,2022,330315000,,,,,,
2110609,2023,384189000,,,,,,
2110658,2002,30961000,1245000.0,29716000.0,16246000.0,1769000.0,7589000.0,4112000.0
2110658,2003,40962000,1156000.0,39806000.0,24875000.0,2482000.0,8012000.0,4437000.0
2110658,2004,36717000,745000.0,35972000.0,22434000.0,1460000.0,7180000.0,4898000.0
2110658,2005,39828000,1915000.0,37913000.0,19461000.0,1145000.0,11036000.0,6271000.0
2110658,2006,40756000,1971000.0,38785000.0,17660000.0,2905000.0,11302000.0,6918000.0
2110658,2007,40503000,1419000.0,39084000.0,20009000.0,1423000.0,10517000.0,7134000.0
2110658,2008,73555000,4138000.0,69418000.0,35336000.0,2751000.0,21536000.0,9794000.0
2110658,2009,82643000,5154000.0,77489000.0,35220000.0,5811000.0,26570000.0,9888000.0
2110658,2010,94272000,5297000.0,88975000.0,45117000.0,6459000.0,26814000.0,10585000.0
2110658,2011,77423000,5382000.0,72041000.0,32231000.0,4409000.0,23656000.0,11745000.0
2110658,2012,120585000,10942000.0,109643000.0,40883000.0,17727000.0,37641000.0,13392000.0
2110658,2013,169252000,12457000.0,156795000.0,65454000.0,24692000.0,50054000.0,16595000.0
2110658,2014,155148000,9548000.0,145599000.0,61495000.0,15944000.0,49229000.0,18932000.0
2110658,2015,155677000,9564000.0,146113000.0,63962000.0,16688000.0,44485000.0,20979000.0
2110658,2016,110603000,8944000.0,101659000.0,29985000.0,6992000.0,40440000.0,24242000.0
2110658,2017,173390000,10619000.0,162771000.0,78328000.0,11268000.0,47777000.0,25398000.0
2110658,2018,217053000,14994000.0,202059000.0,97748000.0,8340000.0,68559000.0,27412000.0
2110658,2019,174047000,17804000.0,156243000.0,54976000.0,6052000.0,65864000.0,29351000.0
2110658,2020,244053000,15694000.0,228359000.0,121340000.0,8225000.0,67553000.0,31241000.0
2110658,2021,320522000,28206000.0,292317000.0,147739000.0,8445000.0,101824000.0,34309000.0
2110658,2022,472476000,,,,,,
2110658,2023,339609000,,,,,,
2110708,2002,58877000,2497000.0,56381000.0,15429000.0,3040000.0,19119000.0,18793000.0
2110708,2003,68363000,2632000.0,65731000.0,19489000.0,3630000.0,20703000.0,21909000.0
2110708,2004,73814000,1967000.0,71847000.0,23746000.0,2985000.0,20875000.0,24241000.0
2110708,2005,79220000,2674000.0,76546000.0,22224000.0,2849000.0,23855000.0,27619000.0
2110708,2006,86541000,2787000.0,83754000.0,19854000.0,5570000.0,25321000.0,33010000.0
2110708,2007,91639000,3229000.0,88410000.0,20970000.0,3219000.0,29517000.0,34705000.0
2110708,2008,113839000,3536000.0,110303000.0,31638000.0,4630000.0,34350000.0,39685000.0
2110708,2009,128280000,5029000.0,123251000.0,21763000.0,6406000.0,44632000.0,50450000.0
2110708,2010,163486000,6639000.0,156847000.0,42913000.0,7688000.0,52147000.0,54099000.0
2110708,2011,182077000,7767000.0,174310000.0,42938000.0,8959000.0,58714000.0,63699000.0
2110708,2012,188235000,8715000.0,179520000.0,37674000.0,9581000.0,63932000.0,68334000.0
2110708,2013,213510000,9845000.0,203665000.0,47245000.0,10887000.0,73515000.0,72018000.0
2110708,2014,239706000,11318000.0,228388000.0,46028000.0,13178000.0,87637000.0,81546000.0
2110708,2015,267462000,13407000.0,254055000.0,59176000.0,15901000.0,89869000.0,89110000.0
2110708,2016,252237000,14061000.0,238176000.0,32570000.0,13802000.0,98533000.0,93271000.0
2110708,2017,269082000,16050000.0,253032000.0,35115000.0,12797000.0,104029000.0,101091000.0
2110708,2018,290536000,18929000.0,271606000.0,35025000.0,13180000.0,114245000.0,109157000.0
2110708,2019,291086000,19676000.0,271410000.0,33800000.0,13231000.0,107687000.0,116692000.0
2110708,2020,326404000,19441000.0,306963000.0,42511000.0,13680000.0,116250000.0,134522000.0
2110708,2021,355916000,26570000.0,329346000.0,50277000.0,16253000.0,132605000.0,130211000.0
2110708,2022,445024000,,,,,,
2110708,2023,479852000,,,,,,
2110807,2002,7551000,181000.0,7370000.0,2848000.0,473000.0,1210000.0,2839000.0
2110807,2003,10559000,101000.0,10459000.0,5418000.0,522000.0,1356000.0,3162000.0
2110807,2004,12526000,118000.0,12408000.0,6748000.0,497000.0,1774000.0,3389000.0
2110807,2005,10268000,123000.0,10144000.0,4194000.0,359000.0,1553000.0,4039000.0
2110807,2006,11453000,267000.0,11186000.0,4138000.0,678000.0,1824000.0,4546000.0
2110807,2007,11618000,240000.0,11378000.0,3912000.0,357000.0,2059000.0,5050000.0
2110807,2008,14754000,250000.0,14504000.0,5772000.0,521000.0,2470000.0,5741000.0
2110807,2009,16878000,348000.0,16530000.0,5486000.0,1220000.0,2851000.0,6974000.0
2110807,2010,18090000,353000.0,17736000.0,5428000.0,1205000.0,3064000.0,8039000.0
2110807,2011,22273000,491000.0,21782000.0,6799000.0,1624000.0,3986000.0,9373000.0
2110807,2012,26130000,551000.0,25579000.0,8600000.0,1427000.0,4542000.0,11010000.0
2110807,2013,32058000,515000.0,31542000.0,12493000.0,1349000.0,5554000.0,12146000.0
2110807,2014,33904000,656000.0,33249000.0,12227000.0,1882000.0,5845000.0,13295000.0
2110807,2015,36323000,789000.0,35534000.0,12853000.0,2341000.0,6675000.0,13665000.0
2110807,2016,38941000,1200000.0,37741000.0,11218000.0,3120000.0,8222000.0,15182000.0
2110807,2017,47926000,1354000.0,46572000.0,18675000.0,3137000.0,9073000.0,15687000.0
2110807,2018,46637000,1749000.0,44888000.0,15035000.0,2485000.0,9830000.0,17538000.0
2110807,2019,44361000,1821000.0,42539000.0,11537000.0,2479000.0,9488000.0,19036000.0
2110807,2020,65324000,2188000.0,63136000.0,25311000.0,3963000.0,11111000.0,22750000.0
2110807,2021,86158000,2771000.0,83387000.0,45018000.0,3139000.0,13130000.0,22100000.0
2110807,2022,104127000,,,,,,
2110807,2023,92001000,,,,,,
2110856,2002,18859000,644000.0,18215000.0,8698000.0,729000.0,4080000.0,4708000.0
2110856,2003,23013000,707000.0,22306000.0,11169000.0,839000.0,4655000.0,5643000.0
2110856,2004,26148000,966000.0,25182000.0,11327000.0,783000.0,6660000.0,6413000.0
2110856,2005,28123000,1256000.0,26867000.0,11146000.0,787000.0,8199000.0,6736000.0
2110856,2006,29970000,1538000.0,28432000.0,10415000.0,1633000.0,8338000.0,8046000.0
2110856,2007,30509000,1182000.0,29327000.0,10932000.0,959000.0,8018000.0,9419000.0
2110856,2008,36911000,1126000.0,35785000.0,14680000.0,1210000.0,8627000.0,11268000.0
2110856,2009,38036000,964000.0,37072000.0,13694000.0,1459000.0,8680000.0,13238000.0
2110856,2010,43952000,1114000.0,42838000.0,17447000.0,1380000.0,8248000.0,15763000.0
2110856,2011,55350000,1355000.0,53995000.0,18114000.0,1983000.0,10835000.0,23063000.0
2110856,2012,51055000,1486000.0,49569000.0,18848000.0,2026000.0,10733000.0,17962000.0
2110856,2013,63837000,2026000.0,61811000.0,23346000.0,2310000.0,13079000.0,23076000.0
2110856,2014,74350000,2284000.0,72067000.0,24873000.0,3244000.0,15439000.0,28511000.0
2110856,2015,84776000,4689000.0,80087000.0,26865000.0,3621000.0,17380000.0,32222000.0
2110856,2016,95909000,5001000.0,90907000.0,27474000.0,4255000.0,23627000.0,35550000.0
2110856,2017,95613000,4707000.0,90906000.0,25515000.0,4121000.0,23964000.0,37307000.0
2110856,2018,102383000,5582000.0,96801000.0,24429000.0,4235000.0,28116000.0,40020000.0
2110856,2019,99405000,5090000.0,94315000.0,25744000.0,4314000.0,22356000.0,41901000.0
2110856,2020,104132000,5120000.0,99012000.0,27051000.0,4189000.0,20339000.0,47433000.0
2110856,2021,121253000,5245000.0,116008000.0,37260000.0,5646000.0,23810000.0,49292000.0
2110856,2022,123480000,,,,,,
2110856,2023,138737000,,,,,,
2110906,2002,14833000,215000.0,14618000.0,4142000.0,584000.0,2448000.0,7444000.0
2110906,2003,19400000,174000.0,19227000.0,7279000.0,863000.0,2613000.0,8473000.0
2110906,2004,20185000,207000.0,19978000.0,7660000.0,605000.0,3136000.0,8578000.0
2110906,2005,19336000,283000.0,19052000.0,5438000.0,550000.0,3057000.0,10007000.0
2110906,2006,22225000,392000.0,21834000.0,4995000.0,1207000.0,3524000.0,12107000.0
2110906,2007,23041000,396000.0,22645000.0,4086000.0,661000.0,3978000.0,13919000.0
2110906,2008,30732000,539000.0,30193000.0,7156000.0,1039000.0,5375000.0,16623000.0
2110906,2009,33378000,618000.0,32760000.0,7781000.0,1439000.0,6201000.0,17339000.0
2110906,2010,31888000,497000.0,31391000.0,9568000.0,1311000.0,6017000.0,14495000.0
2110906,2011,33264000,427000.0,32837000.0,9710000.0,1602000.0,5931000.0,15595000.0
2110906,2012,34288000,585000.0,33703000.0,6731000.0,1776000.0,6592000.0,18603000.0
2110906,2013,49074000,783000.0,48291000.0,11680000.0,2211000.0,10003000.0,24397000.0
2110906,2014,57349000,997000.0,56352000.0,12345000.0,3177000.0,11817000.0,29012000.0
2110906,2015,58795000,1180000.0,57615000.0,13412000.0,3234000.0,11835000.0,29134000.0
2110906,2016,61615000,1515000.0,60101000.0,12754000.0,3051000.0,13880000.0,30416000.0
2110906,2017,71996000,1780000.0,70215000.0,14361000.0,3182000.0,15623000.0,37049000.0
2110906,2018,74495000,1843000.0,72652000.0,12302000.0,3181000.0,16309000.0,40861000.0
2110906,2019,75982000,2160000.0,73822000.0,10116000.0,3244000.0,16505000.0,43956000.0
2110906,2020,82952000,2240000.0,80712000.0,13169000.0,3272000.0,17072000.0,47199000.0
2110906,2021,98973000,3016000.0,95957000.0,20307000.0,3572000.0,19828000.0,52251000.0
2110906,2022,108323000,,,,,,
2110906,2023,127389000,,,,,,
2111003,2002,26334000,502000.0,25832000.0,9745000.0,1108000.0,5017000.0,9961000.0
2111003,2003,30687000,458000.0,30229000.0,12070000.0,1207000.0,5297000.0,11655000.0
2111003,2004,32917000,533000.0,32384000.0,11104000.0,901000.0,6486000.0,13892000.0
2111003,2005,33507000,721000.0,32786000.0,7003000.0,782000.0,7593000.0,17407000.0
2111003,2006,40133000,792000.0,39341000.0,11005000.0,2067000.0,8060000.0,18210000.0
2111003,2007,44831000,767000.0,44064000.0,13902000.0,1234000.0,8615000.0,20313000.0
2111003,2008,53199000,758000.0,52441000.0,17768000.0,1778000.0,9024000.0,23870000.0
2111003,2009,40473000,938000.0,39535000.0,10742000.0,1377000.0,9326000.0,18091000.0
2111003,2010,45052000,918000.0,44133000.0,8081000.0,1439000.0,9441000.0,25172000.0
2111003,2011,65200000,1745000.0,63456000.0,9978000.0,2354000.0,15331000.0,35792000.0
2111003,2012,75851000,2398000.0,73454000.0,10765000.0,2946000.0,18691000.0,41052000.0
2111003,2013,89157000,2147000.0,87010000.0,13497000.0,3396000.0,21405000.0,48712000.0
2111003,2014,98722000,1899000.0,96823000.0,13071000.0,3965000.0,23937000.0,55850000.0
2111003,2015,102406000,2988000.0,99418000.0,12569000.0,4371000.0,24314000.0,58164000.0
2111003,2016,115818000,3942000.0,111876000.0,15147000.0,4342000.0,31508000.0,60879000.0
2111003,2017,123443000,4255000.0,119187000.0,17206000.0,4015000.0,31775000.0,66191000.0
2111003,2018,122744000,4268000.0,118476000.0,14446000.0,3960000.0,32202000.0,67867000.0
2111003,2019,122792000,4789000.0,118004000.0,12606000.0,3717000.0,32455000.0,69226000.0
2111003,2020,130420000,4829000.0,125591000.0,15032000.0,3684000.0,32785000.0,74090000.0
2111003,2021,135595000,4983000.0,130612000.0,18438000.0,3547000.0,32344000.0,76283000.0
2111003,2022,145858000,,,,,,
2111003,2023,152916000,,,,,,
2111029,2002,26039000,394000.0,25645000.0,12515000.0,1218000.0,3091000.0,8821000.0
2111029,2003,30980000,234000.0,30746000.0,15997000.0,1521000.0,2991000.0,10238000.0
2111029,2004,35000000,337000.0,34663000.0,17841000.0,1020000.0,4466000.0,11337000.0
2111029,2005,34820000,508000.0,34312000.0,16275000.0,828000.0,4160000.0,13049000.0
2111029,2006,37559000,488000.0,37071000.0,14292000.0,2140000.0,4778000.0,15860000.0
2111029,2007,41548000,665000.0,40883000.0,17570000.0,1102000.0,6116000.0,16094000.0
2111029,2008,51096000,829000.0,50267000.0,23474000.0,1696000.0,7133000.0,17963000.0
2111029,2009,48484000,900000.0,47584000.0,14843000.0,1817000.0,8277000.0,22646000.0
2111029,2010,51101000,920000.0,50181000.0,16835000.0,1857000.0,8194000.0,23295000.0
2111029,2011,67795000,998000.0,66797000.0,24322000.0,2584000.0,10351000.0,29540000.0
2111029,2012,72556000,1167000.0,71389000.0,23221000.0,2837000.0,11914000.0,33416000.0
2111029,2013,76968000,1075000.0,75893000.0,31695000.0,2363000.0,11645000.0,30190000.0
2111029,2014,84124000,1236000.0,82888000.0,24203000.0,3388000.0,15173000.0,40125000.0
2111029,2015,83392000,1678000.0,81714000.0,19350000.0,3446000.0,14857000.0,44061000.0
2111029,2016,90484000,2411000.0,88073000.0,18126000.0,3273000.0,19680000.0,46993000.0
2111029,2017,85452000,2410000.0,83042000.0,15325000.0,2632000.0,18377000.0,46709000.0
2111029,2018,91001000,2683000.0,88318000.0,13844000.0,2552000.0,20536000.0,51386000.0
2111029,2019,93428000,2819000.0,90609000.0,12962000.0,2436000.0,19783000.0,55427000.0
2111029,2020,103615000,3062000.0,100553000.0,16131000.0,2416000.0,21207000.0,60799000.0
2111029,2021,123006000,4014000.0,118992000.0,22003000.0,2757000.0,24300000.0,69932000.0
2111029,2022,138137000,,,,,,
2111029,2023,143797000,,,,,,
2111052,2002,24227000,468000.0,23759000.0,12471000.0,935000.0,3646000.0,6707000.0
2111052,2003,30840000,488000.0,30352000.0,17668000.0,1199000.0,3728000.0,7756000.0
2111052,2004,31553000,689000.0,30863000.0,16691000.0,890000.0,5108000.0,8174000.0
2111052,2005,31424000,1107000.0,30317000.0,14818000.0,769000.0,5681000.0,9049000.0
2111052,2006,34827000,1041000.0,33786000.0,15398000.0,1981000.0,5612000.0,10795000.0
2111052,2007,38060000,1156000.0,36904000.0,16084000.0,1012000.0,7530000.0,12277000.0
2111052,2008,46868000,1371000.0,45497000.0,20645000.0,1486000.0,9609000.0,13758000.0
2111052,2009,53351000,1672000.0,51678000.0,18927000.0,2037000.0,13163000.0,17551000.0
2111052,2010,52090000,1001000.0,51090000.0,21507000.0,1773000.0,9174000.0,18635000.0
2111052,2011,62973000,1412000.0,61561000.0,26625000.0,2264000.0,11963000.0,20708000.0
2111052,2012,62871000,1462000.0,61409000.0,26193000.0,2390000.0,11811000.0,21014000.0
2111052,2013,70790000,1997000.0,68793000.0,28710000.0,2439000.0,14512000.0,23132000.0
2111052,2014,83036000,2359000.0,80676000.0,30388000.0,3316000.0,19325000.0,27647000.0
2111052,2015,108561000,6390000.0,102171000.0,34643000.0,5485000.0,31204000.0,30838000.0
2111052,2016,149853000,13402000.0,136452000.0,37080000.0,5715000.0,57479000.0,36177000.0
2111052,2017,116892000,5067000.0,111825000.0,37038000.0,5981000.0,28771000.0,40034000.0
2111052,2018,123541000,5755000.0,117786000.0,35789000.0,4814000.0,32129000.0,45053000.0
2111052,2019,121012000,5884000.0,115129000.0,34410000.0,3844000.0,30192000.0,46683000.0
2111052,2020,126096000,6099000.0,119997000.0,42069000.0,3328000.0,29904000.0,44696000.0
2111052,2021,151458000,8224000.0,143233000.0,57102000.0,3606000.0,35779000.0,46746000.0
2111052,2022,171923000,,,,,,
2111052,2023,226525000,,,,,,
2111078,2002,17852000,344000.0,17509000.0,4595000.0,718000.0,3403000.0,8794000.0
2111078,2003,22917000,268000.0,22649000.0,7712000.0,1068000.0,3246000.0,10624000.0
2111078,2004,28708000,389000.0,28319000.0,9684000.0,953000.0,4779000.0,12903000.0
2111078,2005,28508000,558000.0,27950000.0,5926000.0,822000.0,4555000.0,16647000.0
2111078,2006,30817000,531000.0,30286000.0,5027000.0,1807000.0,5023000.0,18430000.0
2111078,2007,31129000,594000.0,30536000.0,4671000.0,1009000.0,5708000.0,19147000.0
2111078,2008,37937000,696000.0,37241000.0,5279000.0,1393000.0,6821000.0,23748000.0
2111078,2009,41329000,946000.0,40383000.0,4263000.0,1798000.0,7426000.0,26897000.0
2111078,2010,45480000,1024000.0,44456000.0,6204000.0,1894000.0,8003000.0,28355000.0
2111078,2011,56943000,1543000.0,55400000.0,8061000.0,2365000.0,10822000.0,34153000.0
2111078,2012,61084000,1641000.0,59443000.0,6678000.0,2594000.0,11360000.0,38811000.0
2111078,2013,65766000,1521000.0,64245000.0,6579000.0,2279000.0,13045000.0,42342000.0
2111078,2014,78760000,1781000.0,76979000.0,8922000.0,3394000.0,15656000.0,49007000.0
2111078,2015,79645000,1969000.0,77676000.0,6946000.0,3983000.0,14491000.0,52256000.0
2111078,2016,95422000,2621000.0,92801000.0,5996000.0,4239000.0,20077000.0,62488000.0
2111078,2017,94708000,2727000.0,91981000.0,6609000.0,3683000.0,18876000.0,62812000.0
2111078,2018,101575000,3257000.0,98318000.0,6634000.0,3710000.0,21859000.0,66114000.0
2111078,2019,108805000,3309000.0,105496000.0,9403000.0,3726000.0,21851000.0,70516000.0
2111078,2020,124754000,3224000.0,121529000.0,20575000.0,3806000.0,22147000.0,75002000.0
2111078,2021,156360000,3957000.0,152403000.0,32776000.0,4584000.0,27575000.0,87468000.0
2111078,2022,217962000,,,,,,
2111078,2023,208559000,,,,,,
2111102,2002,43800000,2893000.0,40907000.0,5287000.0,3031000.0,20907000.0,11682000.0
2111102,2003,55647000,3178000.0,52469000.0,8815000.0,3781000.0,24235000.0,15638000.0
2111102,2004,62010000,3491000.0,58518000.0,9403000.0,3721000.0,28444000.0,16951000.0
2111102,2005,64538000,4225000.0,60313000.0,5973000.0,4337000.0,31906000.0,18096000.0
2111102,2006,79960000,5531000.0,74428000.0,5352000.0,10360000.0,35818000.0,22899000.0
2111102,2007,79341000,5754000.0,73587000.0,4665000.0,5464000.0,39855000.0,23603000.0
2111102,2008,96950000,6806000.0,90145000.0,7863000.0,6697000.0,48300000.0,27285000.0
2111102,2009,115541000,7948000.0,107593000.0,7070000.0,8829000.0,58390000.0,33305000.0
2111102,2010,116421000,7416000.0,109005000.0,9861000.0,9329000.0,52277000.0,37539000.0
2111102,2011,134500000,9775000.0,124724000.0,9173000.0,12529000.0,61613000.0,41410000.0
2111102,2012,149951000,10325000.0,139626000.0,7883000.0,14284000.0,69967000.0,47491000.0
2111102,2013,176905000,12284000.0,164620000.0,11541000.0,21796000.0,78389000.0,52895000.0
2111102,2014,229986000,14671000.0,215315000.0,15342000.0,42749000.0,98226000.0,58997000.0
2111102,2015,222105000,15798000.0,206307000.0,16909000.0,22470000.0,101220000.0,65709000.0
2111102,2016,256199000,17420000.0,238778000.0,15243000.0,34286000.0,120100000.0,69148000.0
2111102,2017,263222000,18672000.0,244550000.0,27458000.0,23056000.0,118756000.0,75280000.0
2111102,2018,266607000,19584000.0,247023000.0,20473000.0,22033000.0,121965000.0,82552000.0
2111102,2019,273242000,22196000.0,251046000.0,20332000.0,20082000.0,122530000.0,88102000.0
2111102,2020,300005000,22055000.0,277950000.0,36521000.0,21494000.0,124234000.0,95701000.0
2111102,2021,340970000,28186000.0,312784000.0,52576000.0,22324000.0,137173000.0,100711000.0
2111102,2022,396337000,,,,,,
2111102,2023,444285000,,,,,,
2111201,2002,262646000,23986000.0,238660000.0,15006000.0,43559000.0,125107000.0,54987000.0
2111201,2003,287660000,23988000.0,263672000.0,17149000.0,52661000.0,129355000.0,64507000.0
2111201,2004,299359000,22605000.0,276753000.0,16104000.0,46349000.0,133509000.0,80791000.0
2111201,2005,344156000,28482000.0,315674000.0,16462000.0,40505000.0,169073000.0,89634000.0
2111201,2006,456131000,36164000.0,419968000.0,15184000.0,119607000.0,178343000.0,106833000.0
2111201,2007,518576000,56629000.0,461947000.0,18188000.0,132631000.0,194362000.0,116766000.0
2111201,2008,570258000,61441000.0,508816000.0,26229000.0,107494000.0,230152000.0,144942000.0
2111201,2009,645369000,57629000.0,587739000.0,15316000.0,100503000.0,296383000.0,175538000.0
2111201,2010,752813000,67196000.0,685618000.0,18250000.0,117822000.0,337239000.0,212307000.0
2111201,2011,933629000,94214000.0,839415000.0,14762000.0,128347000.0,457150000.0,239157000.0
2111201,2012,1159754000,114462000.0,1045292000.0,15302000.0,139349000.0,601787000.0,288854000.0
2111201,2013,1364988000,120090000.0,1244898000.0,19232000.0,229843000.0,673913000.0,321910000.0
2111201,2014,1583683000,137014000.0,1446669000.0,17401000.0,235890000.0,828307000.0,365071000.0
2111201,2015,1712555000,159878000.0,1552676000.0,20428000.0,251324000.0,884836000.0,396088000.0
2111201,2016,1914649000,183107000.0,1731542000.0,17642000.0,203244000.0,1054641000.0,456015000.0
2111201,2017,2005253000,199542000.0,1805710000.0,18599000.0,193108000.0,1095549000.0,498454000.0
2111201,2018,2176258000,226826000.0,1949432000.0,18653000.0,207825000.0,1195703000.0,527252000.0
2111201,2019,2122860000,246087000.0,1876773000.0,21486000.0,200234000.0,1090416000.0,564637000.0
2111201,2020,2158301000,231535000.0,1926766000.0,23322000.0,206081000.0,1104040000.0,593324000.0
2111201,2021,2293735000,260259000.0,2033476000.0,25861000.0,226020000.0,1151100000.0,630495000.0
2111201,2022,2872683000,,,,,,
2111201,2023,3135579000,,,,,,
2111250,2002,13662000,559000.0,13104000.0,4816000.0,1456000.0,2150000.0,4682000.0
2111250,2003,13924000,123000.0,13801000.0,5687000.0,670000.0,2159000.0,5286000.0
2111250,2004,16059000,181000.0,15878000.0,6125000.0,548000.0,3251000.0,5954000.0
2111250,2005,15271000,194000.0,15077000.0,5182000.0,461000.0,2799000.0,6635000.0
2111250,2006,17247000,272000.0,16975000.0,4976000.0,1068000.0,3119000.0,7812000.0
2111250,2007,18045000,318000.0,17727000.0,4823000.0,673000.0,3550000.0,8681000.0
2111250,2008,22603000,381000.0,22222000.0,7055000.0,886000.0,4404000.0,9877000.0
2111250,2009,25295000,402000.0,24894000.0,7478000.0,1198000.0,5024000.0,11194000.0
2111250,2010,27147000,458000.0,26689000.0,7529000.0,1225000.0,5487000.0,12448000.0
2111250,2011,30199000,524000.0,29674000.0,8238000.0,1371000.0,6276000.0,13789000.0
2111250,2012,27235000,768000.0,26467000.0,3996000.0,1258000.0,6777000.0,14436000.0
2111250,2013,35292000,1091000.0,34202000.0,8274000.0,1447000.0,8135000.0,16345000.0
2111250,2014,44174000,1018000.0,43157000.0,8311000.0,2118000.0,10703000.0,22025000.0
2111250,2015,42025000,1321000.0,40704000.0,5796000.0,2172000.0,9996000.0,22741000.0
2111250,2016,42868000,1431000.0,41437000.0,4753000.0,1940000.0,11423000.0,23321000.0
2111250,2017,52235000,1655000.0,50581000.0,6761000.0,2200000.0,12928000.0,28692000.0
2111250,2018,50427000,1730000.0,48697000.0,7979000.0,2060000.0,13033000.0,25625000.0
2111250,2019,53288000,1941000.0,51346000.0,7899000.0,2224000.0,12885000.0,28338000.0
2111250,2020,56829000,2334000.0,54496000.0,9416000.0,2123000.0,13774000.0,29183000.0
2111250,2021,61940000,3014000.0,58926000.0,11361000.0,2206000.0,15346000.0,30012000.0
2111250,2022,69267000,,,,,,
2111250,2023,75930000,,,,,,
2111300,2002,5744808000,716723000.0,5028085000.0,12694000.0,1409277000.0,3031520000.0,574594000.0
2111300,2003,6763404000,762966000.0,6000438000.0,14659000.0,1793188000.0,3496446000.0,696145000.0
2111300,2004,7902078000,1194094000.0,6707984000.0,14631000.0,1744282000.0,4174056000.0,775014000.0
2111300,2005,9276732000,1638313000.0,7638418000.0,14614000.0,1935635000.0,4812451000.0,875718000.0
2111300,2006,11487645000,1882410000.0,9605235000.0,14868000.0,3386077000.0,5181148000.0,1023142000.0
2111300,2007,11395641000,2109285000.0,9286355000.0,17031000.0,2466595000.0,5684821000.0,1117909000.0
2111300,2008,13932770000,2583073000.0,11349697000.0,23471000.0,3323598000.0,6723049000.0,1279579000.0
2111300,2009,14775476000,2425781000.0,12349695000.0,15686000.0,3142392000.0,7559371000.0,1632246000.0
2111300,2010,18211488000,3435031000.0,14776457000.0,17679000.0,3901623000.0,8985524000.0,1871630000.0
2111300,2011,19952970000,4050400000.0,15902570000.0,17243000.0,4755647000.0,9151223000.0,1978456000.0
2111300,2012,22677841000,4671980000.0,18005861000.0,18229000.0,5389738000.0,10405398000.0,2192496000.0
2111300,2013,23134440000,4542506000.0,18591934000.0,23590000.0,4905638000.0,11308785000.0,2353922000.0
2111300,2014,27308046000,5173186000.0,22134860000.0,22762000.0,6052464000.0,13383053000.0,2676581000.0
2111300,2015,26798107000,5162802000.0,21635305000.0,24318000.0,6098154000.0,12567340000.0,2945494000.0
2111300,2016,28350665000,5140155000.0,23210511000.0,21981000.0,5532392000.0,14347112000.0,3309026000.0
2111300,2017,29846794000,5875804000.0,23970990000.0,22505000.0,5806026000.0,14705051000.0,3437407000.0
2111300,2018,33577348000,6410811000.0,27166537000.0,20396000.0,7459342000.0,16127689000.0,3559109000.0
2111300,2019,32102448000,7489662000.0,24612786000.0,21568000.0,6025298000.0,14917405000.0,3648516000.0
2111300,2020,33067132000,6628937000.0,26438195000.0,23674000.0,7181978000.0,15455380000.0,3777164000.0
2111300,2021,36533730000,7508803000.0,29024927000.0,25578000.0,7326897000.0,17693692000.0,3978761000.0
2111300,2022,39578222000,,,,,,
2111300,2023,42389051000,,,,,,
2111409,2002,35541000,906000.0,34635000.0,13294000.0,1561000.0,7530000.0,12250000.0
2111409,2003,41965000,802000.0,41163000.0,17916000.0,1940000.0,7518000.0,13789000.0
2111409,2004,49273000,922000.0,48350000.0,21254000.0,1720000.0,10298000.0,15078000.0
2111409,2005,51730000,1188000.0,50542000.0,17963000.0,1685000.0,11888000.0,19006000.0
2111409,2006,69231000,1569000.0,67662000.0,21072000.0,4245000.0,21733000.0,20612000.0
2111409,2007,59026000,1517000.0,57510000.0,20953000.0,1832000.0,14756000.0,19968000.0
2111409,2008,93907000,1617000.0,92291000.0,48380000.0,3472000.0,18210000.0,22228000.0
2111409,2009,79850000,1582000.0,78267000.0,28063000.0,3394000.0,18207000.0,28604000.0
2111409,2010,82149000,1670000.0,80479000.0,28613000.0,3083000.0,17732000.0,31050000.0
2111409,2011,93936000,2185000.0,91751000.0,31327000.0,3567000.0,21364000.0,35493000.0
2111409,2012,102249000,2443000.0,99806000.0,32663000.0,6662000.0,22051000.0,38431000.0
2111409,2013,121434000,3336000.0,118098000.0,36840000.0,11190000.0,26954000.0,43114000.0
2111409,2014,138079000,3927000.0,134152000.0,37374000.0,13686000.0,33497000.0,49594000.0
2111409,2015,134251000,3719000.0,130532000.0,38683000.0,9608000.0,29567000.0,52674000.0
2111409,2016,129486000,4277000.0,125209000.0,28123000.0,4690000.0,33963000.0,58433000.0
2111409,2017,126874000,4416000.0,122458000.0,28663000.0,4296000.0,32501000.0,56998000.0
2111409,2018,137921000,4697000.0,133224000.0,24551000.0,4741000.0,35758000.0,68174000.0
2111409,2019,139377000,4761000.0,134616000.0,24414000.0,4536000.0,33685000.0,71980000.0
2111409,2020,143330000,4828000.0,138502000.0,30418000.0,4308000.0,29709000.0,74067000.0
2111409,2021,170048000,6191000.0,163857000.0,44453000.0,4629000.0,34031000.0,80744000.0
2111409,2022,187079000,,,,,,
2111409,2023,198315000,,,,,,
2111508,2002,54960000,2655000.0,52305000.0,9395000.0,3662000.0,20953000.0,18295000.0
2111508,2003,63743000,2267000.0,61475000.0,14137000.0,3725000.0,21673000.0,21940000.0
2111508,2004,65365000,1653000.0,63712000.0,15338000.0,3193000.0,21549000.0,23632000.0
2111508,2005,67209000,2239000.0,64970000.0,11608000.0,3076000.0,24222000.0,26064000.0
2111508,2006,81254000,2742000.0,78512000.0,14438000.0,5282000.0,26331000.0,32461000.0
2111508,2007,78913000,2753000.0,76160000.0,11760000.0,3192000.0,27042000.0,34166000.0
2111508,2008,124397000,3966000.0,120431000.0,45279000.0,5223000.0,37768000.0,32161000.0
2111508,2009,133257000,5920000.0,127337000.0,21089000.0,6713000.0,48710000.0,50824000.0
2111508,2010,130919000,5241000.0,125678000.0,21515000.0,6321000.0,44474000.0,53368000.0
2111508,2011,161845000,8212000.0,153633000.0,23804000.0,7975000.0,58896000.0,62958000.0
2111508,2012,181654000,9675000.0,171979000.0,23309000.0,10987000.0,67854000.0,69829000.0
2111508,2013,207011000,11741000.0,195270000.0,30164000.0,9288000.0,80528000.0,75291000.0
2111508,2014,241195000,13878000.0,227317000.0,27564000.0,11941000.0,99919000.0,87894000.0
2111508,2015,264211000,14328000.0,249883000.0,37062000.0,15115000.0,98218000.0,99489000.0
2111508,2016,309701000,15425000.0,294276000.0,45287000.0,20470000.0,115376000.0,113143000.0
2111508,2017,370150000,16593000.0,353557000.0,92389000.0,24399000.0,122215000.0,114553000.0
2111508,2018,344744000,16881000.0,327863000.0,58586000.0,18360000.0,121726000.0,129192000.0
2111508,2019,321124000,20911000.0,300213000.0,32621000.0,15843000.0,116868000.0,134881000.0
2111508,2020,352694000,20986000.0,331708000.0,43513000.0,20269000.0,122804000.0,145123000.0
2111508,2021,429232000,27696000.0,401536000.0,91478000.0,16993000.0,141037000.0,152027000.0
2111508,2022,464927000,,,,,,
2111508,2023,586548000,,,,,,
2111532,2002,17664000,626000.0,17037000.0,4046000.0,848000.0,5106000.0,7037000.0
2111532,2003,20812000,652000.0,20161000.0,5422000.0,1782000.0,4904000.0,8053000.0
2111532,2004,22011000,863000.0,21148000.0,5264000.0,942000.0,5985000.0,8957000.0
2111532,2005,24540000,1222000.0,23318000.0,4825000.0,986000.0,7559000.0,9948000.0
2111532,2006,29105000,2369000.0,26736000.0,5165000.0,2017000.0,7905000.0,11648000.0
2111532,2007,30750000,2347000.0,28403000.0,5125000.0,1742000.0,8799000.0,12737000.0
2111532,2008,35451000,2855000.0,32595000.0,7039000.0,1318000.0,12128000.0,12110000.0
2111532,2009,42578000,2677000.0,39901000.0,5593000.0,2224000.0,13878000.0,18205000.0
2111532,2010,46991000,3041000.0,43950000.0,6726000.0,2509000.0,15289000.0,19425000.0
2111532,2011,53463000,4942000.0,48521000.0,7151000.0,2735000.0,16884000.0,21751000.0
2111532,2012,56593000,4870000.0,51724000.0,5481000.0,3912000.0,17322000.0,25008000.0
2111532,2013,71771000,10560000.0,61211000.0,7710000.0,5486000.0,19895000.0,28121000.0
2111532,2014,69903000,3085000.0,66817000.0,8787000.0,5262000.0,22337000.0,30432000.0
2111532,2015,76059000,8942000.0,67117000.0,11478000.0,4865000.0,20243000.0,30531000.0
2111532,2016,89560000,9748000.0,79812000.0,9790000.0,6205000.0,25825000.0,37991000.0
2111532,2017,95127000,10320000.0,84807000.0,9206000.0,7156000.0,27158000.0,41288000.0
2111532,2018,97210000,7734000.0,89476000.0,11337000.0,9023000.0,27494000.0,41622000.0
2111532,2019,106482000,9498000.0,96983000.0,12304000.0,8289000.0,28060000.0,48331000.0
2111532,2020,104439000,7276000.0,97163000.0,12239000.0,6796000.0,27227000.0,50902000.0
2111532,2021,127603000,8538000.0,119065000.0,21584000.0,4946000.0,31284000.0,61252000.0
2111532,2022,142979000,,,,,,
2111532,2023,149359000,,,,,,
2111573,2002,10970000,164000.0,10806000.0,5807000.0,538000.0,1381000.0,3080000.0
2111573,2003,15819000,160000.0,15659000.0,9298000.0,803000.0,1629000.0,3928000.0
2111573,2004,14688000,228000.0,14460000.0,7387000.0,511000.0,2127000.0,4436000.0
2111573,2005,15205000,267000.0,14938000.0,7177000.0,467000.0,2189000.0,5106000.0
2111573,2006,16200000,403000.0,15797000.0,6198000.0,898000.0,2899000.0,5802000.0
2111573,2007,17048000,388000.0,16660000.0,6842000.0,458000.0,3090000.0,6271000.0
2111573,2008,31549000,553000.0,30997000.0,18043000.0,1114000.0,4844000.0,6995000.0
2111573,2009,27308000,637000.0,26671000.0,12390000.0,1157000.0,5663000.0,7461000.0
2111573,2010,28392000,683000.0,27710000.0,12516000.0,1118000.0,5571000.0,8505000.0
2111573,2011,31273000,1009000.0,30264000.0,12991000.0,1198000.0,6412000.0,9663000.0
2111573,2012,37191000,1066000.0,36125000.0,16279000.0,1444000.0,7205000.0,11197000.0
2111573,2013,39948000,1024000.0,38924000.0,19087000.0,1221000.0,7519000.0,11097000.0
2111573,2014,45964000,1685000.0,44280000.0,19371000.0,1788000.0,10063000.0,13058000.0
2111573,2015,46755000,1637000.0,45118000.0,19277000.0,1950000.0,9909000.0,13982000.0
2111573,2016,50757000,2434000.0,48322000.0,18857000.0,1654000.0,12075000.0,15736000.0
2111573,2017,51780000,2171000.0,49609000.0,19445000.0,1478000.0,12286000.0,16399000.0
2111573,2018,53531000,2785000.0,50746000.0,17653000.0,1490000.0,13791000.0,17811000.0
2111573,2019,53162000,2914000.0,50248000.0,16586000.0,1465000.0,12877000.0,19320000.0
2111573,2020,70880000,3148000.0,67732000.0,30289000.0,1933000.0,14968000.0,20542000.0
2111573,2021,83541000,4145000.0,79396000.0,36720000.0,1991000.0,17914000.0,22771000.0
2111573,2022,101116000,,,,,,
2111573,2023,103928000,,,,,,
2111607,2002,64763000,2101000.0,62662000.0,31215000.0,6982000.0,15678000.0,8787000.0
2111607,2003,103713000,2911000.0,100802000.0,56215000.0,13049000.0,20889000.0,10648000.0
2111607,2004,101702000,4005000.0,97697000.0,50618000.0,9902000.0,25412000.0,11765000.0
2111607,2005,121430000,8983000.0,112446000.0,59966000.0,10625000.0,28701000.0,13155000.0
2111607,2006,130096000,13488000.0,116608000.0,46343000.0,17987000.0,35994000.0,16284000.0
2111607,2007,143412000,14807000.0,128604000.0,58571000.0,12719000.0,38414000.0,18900000.0
2111607,2008,260836000,14096000.0,246740000.0,151300000.0,20463000.0,52762000.0,22215000.0
2111607,2009,252348000,12891000.0,239457000.0,132602000.0,23049000.0,58375000.0,25431000.0
2111607,2010,220286000,13087000.0,207199000.0,104762000.0,17389000.0,56272000.0,28777000.0
2111607,2011,229592000,14504000.0,215087000.0,102195000.0,21565000.0,57360000.0,33967000.0
2111607,2012,208102000,17334000.0,190768000.0,62946000.0,23623000.0,65947000.0,38253000.0
2111607,2013,258214000,17962000.0,240251000.0,97606000.0,30190000.0,71449000.0,41007000.0
2111607,2014,303795000,13683000.0,290112000.0,131645000.0,27696000.0,82818000.0,47953000.0
2111607,2015,352517000,15458000.0,337059000.0,167070000.0,29522000.0,88655000.0,51812000.0
2111607,2016,395668000,22092000.0,373576000.0,179545000.0,30527000.0,105669000.0,57835000.0
2111607,2017,385799000,21901000.0,363898000.0,175748000.0,25548000.0,100460000.0,62143000.0
2111607,2018,415658000,23448000.0,392210000.0,192056000.0,22301000.0,112830000.0,65023000.0
2111607,2019,516311000,33977000.0,482334000.0,236360000.0,62752000.0,114025000.0,69197000.0
2111607,2020,600856000,42518000.0,558339000.0,324154000.0,53651000.0,109135000.0,71399000.0
2111607,2021,739621000,57712000.0,681909000.0,416216000.0,26706000.0,154099000.0,84887000.0
2111607,2022,863570000,,,,,,
2111607,2023,1090033000,,,,,,
2111631,2002,9715000,151000.0,9565000.0,3070000.0,418000.0,1544000.0,4532000.0
2111631,2003,10567000,124000.0,10443000.0,3507000.0,463000.0,1494000.0,4979000.0
2111631,2004,10687000,170000.0,10517000.0,3026000.0,303000.0,1825000.0,5363000.0
2111631,2005,11554000,175000.0,11379000.0,3218000.0,293000.0,1846000.0,6022000.0
2111631,2006,12857000,194000.0,12663000.0,3126000.0,694000.0,2005000.0,6838000.0
2111631,2007,12944000,235000.0,12710000.0,3489000.0,416000.0,2343000.0,6462000.0
2111631,2008,15034000,251000.0,14783000.0,4284000.0,551000.0,2531000.0,7417000.0
2111631,2009,16732000,336000.0,16396000.0,4689000.0,750000.0,2752000.0,8205000.0
2111631,2010,21307000,388000.0,20919000.0,6233000.0,792000.0,3345000.0,10549000.0
2111631,2011,25703000,561000.0,25142000.0,7328000.0,978000.0,4808000.0,12028000.0
2111631,2012,23904000,643000.0,23261000.0,3832000.0,904000.0,4890000.0,13634000.0
2111631,2013,26724000,517000.0,26207000.0,7353000.0,865000.0,5034000.0,12955000.0
2111631,2014,33069000,826000.0,32243000.0,8702000.0,1477000.0,6624000.0,15441000.0
2111631,2015,32047000,1035000.0,31012000.0,6348000.0,1516000.0,6400000.0,16748000.0
2111631,2016,36779000,1088000.0,35691000.0,6330000.0,1546000.0,8460000.0,19355000.0
2111631,2017,35472000,1015000.0,34458000.0,6195000.0,1275000.0,8167000.0,18821000.0
2111631,2018,38355000,1152000.0,37203000.0,5064000.0,1387000.0,8855000.0,21897000.0
2111631,2019,36066000,1025000.0,35040000.0,4580000.0,1304000.0,8132000.0,21025000.0
2111631,2020,40147000,1240000.0,38907000.0,5163000.0,1312000.0,8639000.0,23792000.0
2111631,2021,43955000,1601000.0,42354000.0,5986000.0,1325000.0,9729000.0,25314000.0
2111631,2022,53238000,,,,,,
2111631,2023,62616000,,,,,,
2111672,2002,6571000,96000.0,6474000.0,2256000.0,303000.0,1259000.0,2656000.0
2111672,2003,7856000,90000.0,7766000.0,2615000.0,373000.0,1352000.0,3426000.0
2111672,2004,8256000,107000.0,8149000.0,2452000.0,282000.0,1592000.0,3823000.0
2111672,2005,9668000,159000.0,9510000.0,2640000.0,310000.0,1804000.0,4756000.0
2111672,2006,10293000,149000.0,10144000.0,2712000.0,617000.0,1884000.0,4930000.0
2111672,2007,11589000,195000.0,11393000.0,2851000.0,345000.0,2307000.0,5891000.0
2111672,2008,14233000,271000.0,13962000.0,3783000.0,494000.0,2898000.0,6787000.0
2111672,2009,17229000,313000.0,16916000.0,4051000.0,725000.0,3383000.0,8758000.0
2111672,2010,20768000,387000.0,20382000.0,5261000.0,796000.0,3836000.0,10489000.0
2111672,2011,28042000,593000.0,27449000.0,6140000.0,1110000.0,5368000.0,14831000.0
2111672,2012,25392000,1104000.0,24288000.0,3888000.0,964000.0,4928000.0,14507000.0
2111672,2013,28614000,550000.0,28064000.0,5860000.0,923000.0,5662000.0,15619000.0
2111672,2014,33351000,509000.0,32842000.0,6852000.0,1413000.0,6492000.0,18084000.0
2111672,2015,34346000,831000.0,33515000.0,5827000.0,1566000.0,6493000.0,19629000.0
2111672,2016,38453000,922000.0,37531000.0,5806000.0,1491000.0,8289000.0,21945000.0
2111672,2017,43145000,1037000.0,42108000.0,6043000.0,1428000.0,8725000.0,25912000.0
2111672,2018,40971000,1019000.0,39952000.0,5227000.0,1288000.0,8398000.0,25039000.0
2111672,2019,40813000,994000.0,39819000.0,4069000.0,1255000.0,8121000.0,26373000.0
2111672,2020,46135000,1087000.0,45049000.0,4790000.0,1250000.0,8412000.0,30596000.0
2111672,2021,45766000,1187000.0,44579000.0,5888000.0,1175000.0,8583000.0,28933000.0
2111672,2022,49972000,,,,,,
2111672,2023,58526000,,,,,,
2111706,2002,25105000,586000.0,24518000.0,7059000.0,1241000.0,5280000.0,10938000.0
2111706,2003,30504000,759000.0,29745000.0,9420000.0,1505000.0,6135000.0,12685000.0
2111706,2004,34610000,860000.0,33750000.0,11247000.0,1129000.0,7380000.0,13994000.0
2111706,2005,36770000,1125000.0,35645000.0,9674000.0,1214000.0,8787000.0,15971000.0
2111706,2006,45994000,1498000.0,44496000.0,11236000.0,2794000.0,11101000.0,19364000.0
2111706,2007,48125000,1111000.0,47014000.0,13952000.0,1484000.0,10232000.0,21346000.0
2111706,2008,60734000,1235000.0,59499000.0,20998000.0,2281000.0,11864000.0,24355000.0
2111706,2009,63638000,1885000.0,61753000.0,12740000.0,2704000.0,15955000.0,30354000.0
2111706,2010,67873000,1409000.0,66464000.0,16108000.0,2855000.0,13500000.0,34001000.0
2111706,2011,78415000,1678000.0,76737000.0,19275000.0,3493000.0,16129000.0,37840000.0
2111706,2012,85271000,1975000.0,83295000.0,20667000.0,4341000.0,17961000.0,40326000.0
2111706,2013,104997000,1967000.0,103030000.0,31111000.0,4071000.0,21364000.0,46484000.0
2111706,2014,115749000,2745000.0,113004000.0,29128000.0,5702000.0,25408000.0,52766000.0
2111706,2015,114836000,3349000.0,111488000.0,24435000.0,5791000.0,25774000.0,55488000.0
2111706,2016,129701000,4577000.0,125124000.0,26960000.0,5869000.0,33641000.0,58654000.0
2111706,2017,132105000,4693000.0,127412000.0,25012000.0,5085000.0,33087000.0,64228000.0
2111706,2018,137053000,5098000.0,131955000.0,20320000.0,4869000.0,35085000.0,71680000.0
2111706,2019,132101000,5591000.0,126510000.0,15272000.0,4818000.0,33572000.0,72849000.0
2111706,2020,136735000,5765000.0,130969000.0,17631000.0,4535000.0,32832000.0,75971000.0
2111706,2021,145752000,6639000.0,139113000.0,21869000.0,4668000.0,33499000.0,79076000.0
2111706,2022,163913000,,,,,,
2111706,2023,183735000,,,,,,
2111722,2002,10227000,180000.0,10047000.0,2651000.0,490000.0,1426000.0,5480000.0
2111722,2003,13369000,182000.0,13187000.0,3985000.0,625000.0,1657000.0,6920000.0
2111722,2004,14490000,211000.0,14279000.0,4147000.0,432000.0,2034000.0,7665000.0
2111722,2005,14616000,217000.0,14399000.0,4217000.0,333000.0,1819000.0,8030000.0
2111722,2006,18041000,263000.0,17778000.0,4767000.0,870000.0,2440000.0,9702000.0
2111722,2007,18672000,383000.0,18289000.0,4581000.0,498000.0,3193000.0,10018000.0
2111722,2008,28248000,661000.0,27587000.0,10899000.0,921000.0,4623000.0,11144000.0
2111722,2009,25619000,625000.0,24995000.0,6644000.0,929000.0,4529000.0,12893000.0
2111722,2010,28400000,553000.0,27847000.0,7019000.0,833000.0,4083000.0,15912000.0
2111722,2011,34378000,640000.0,33738000.0,8221000.0,1070000.0,5516000.0,18931000.0
2111722,2012,40191000,941000.0,39249000.0,8704000.0,1429000.0,7540000.0,21576000.0
2111722,2013,45409000,716000.0,44693000.0,9961000.0,1287000.0,8315000.0,25130000.0
2111722,2014,53462000,958000.0,52504000.0,10027000.0,1877000.0,9441000.0,31159000.0
2111722,2015,57617000,1023000.0,56595000.0,10350000.0,2244000.0,9001000.0,34999000.0
2111722,2016,65731000,1810000.0,63921000.0,9532000.0,2261000.0,12997000.0,39131000.0
2111722,2017,66342000,1837000.0,64505000.0,8950000.0,1968000.0,12779000.0,40808000.0
2111722,2018,71238000,1954000.0,69283000.0,8081000.0,2096000.0,14548000.0,44559000.0
2111722,2019,77630000,2193000.0,75437000.0,8188000.0,2244000.0,14793000.0,50211000.0
2111722,2020,80415000,2088000.0,78327000.0,10527000.0,2019000.0,14151000.0,51630000.0
2111722,2021,93076000,2832000.0,90244000.0,14338000.0,2257000.0,16549000.0,57100000.0
2111722,2022,100254000,,,,,,
2111722,2023,107921000,,,,,,
2111748,2002,11663000,183000.0,11480000.0,4085000.0,593000.0,2199000.0,4603000.0
2111748,2003,13757000,144000.0,13612000.0,5151000.0,715000.0,2504000.0,5242000.0
2111748,2004,17177000,193000.0,16984000.0,7342000.0,609000.0,3358000.0,5676000.0
2111748,2005,16782000,259000.0,16523000.0,6184000.0,526000.0,3454000.0,6359000.0
2111748,2006,19615000,398000.0,19216000.0,5770000.0,1244000.0,4627000.0,7576000.0
2111748,2007,25180000,776000.0,24404000.0,7774000.0,816000.0,6561000.0,9254000.0
2111748,2008,27813000,932000.0,26881000.0,7884000.0,1045000.0,7042000.0,10910000.0
2111748,2009,32770000,989000.0,31781000.0,7805000.0,1483000.0,8768000.0,13726000.0
2111748,2010,34141000,813000.0,33327000.0,8998000.0,1450000.0,8092000.0,14787000.0
2111748,2011,38673000,1096000.0,37577000.0,8130000.0,1626000.0,9536000.0,18284000.0
2111748,2012,42112000,1227000.0,40885000.0,7279000.0,1848000.0,10727000.0,21031000.0
2111748,2013,46222000,1595000.0,44627000.0,6841000.0,1670000.0,13146000.0,22970000.0
2111748,2014,61261000,1973000.0,59288000.0,13447000.0,2868000.0,16028000.0,26944000.0
2111748,2015,58882000,1609000.0,57273000.0,11607000.0,2831000.0,13626000.0,29209000.0
2111748,2016,62427000,2942000.0,59485000.0,7154000.0,2429000.0,20154000.0,29747000.0
2111748,2017,74199000,3103000.0,71095000.0,13589000.0,2597000.0,20670000.0,34240000.0
2111748,2018,81105000,4041000.0,77063000.0,14690000.0,2762000.0,23540000.0,36071000.0
2111748,2019,88625000,4783000.0,83842000.0,12407000.0,2926000.0,24529000.0,43980000.0
2111748,2020,94679000,4216000.0,90463000.0,15852000.0,2817000.0,23009000.0,48784000.0
2111748,2021,101830000,6238000.0,95592000.0,18957000.0,2765000.0,26586000.0,47284000.0
2111748,2022,179372000,,,,,,
2111748,2023,145324000,,,,,,
2111763,2002,29325000,577000.0,28748000.0,9494000.0,1283000.0,6895000.0,11077000.0
2111763,2003,42051000,498000.0,41553000.0,17917000.0,1805000.0,7497000.0,14334000.0
2111763,2004,47473000,642000.0,46831000.0,20453000.0,1549000.0,8901000.0,15929000.0
2111763,2005,49072000,765000.0,48308000.0,20512000.0,1404000.0,8701000.0,17691000.0
2111763,2006,54701000,967000.0,53734000.0,19830000.0,3108000.0,10180000.0,20617000.0
2111763,2007,62159000,1109000.0,61050000.0,23125000.0,2005000.0,11521000.0,24399000.0
2111763,2008,77668000,1791000.0,75877000.0,28367000.0,2717000.0,15790000.0,29003000.0
2111763,2009,82731000,1478000.0,81254000.0,25124000.0,3515000.0,16805000.0,35810000.0
2111763,2010,88131000,1555000.0,86576000.0,29684000.0,3677000.0,16802000.0,36413000.0
2111763,2011,96026000,2006000.0,94020000.0,30473000.0,4095000.0,20878000.0,38573000.0
2111763,2012,99978000,2386000.0,97592000.0,29747000.0,4697000.0,22238000.0,40910000.0
2111763,2013,113834000,2469000.0,111365000.0,35326000.0,4961000.0,26515000.0,44563000.0
2111763,2014,122135000,2181000.0,119954000.0,37422000.0,6234000.0,28736000.0,47562000.0
2111763,2015,124350000,3676000.0,120674000.0,40037000.0,6441000.0,29805000.0,44390000.0
2111763,2016,147948000,5287000.0,142661000.0,41478000.0,7027000.0,40030000.0,54126000.0
2111763,2017,150237000,5915000.0,144322000.0,37808000.0,6680000.0,41161000.0,58674000.0
2111763,2018,145160000,6993000.0,138167000.0,32110000.0,6623000.0,44450000.0,54984000.0
2111763,2019,145954000,7147000.0,138807000.0,28732000.0,6987000.0,42357000.0,60731000.0
2111763,2020,172230000,7373000.0,164856000.0,34764000.0,7097000.0,46563000.0,76432000.0
2111763,2021,187130000,9209000.0,177921000.0,48776000.0,7334000.0,49209000.0,72602000.0
2111763,2022,197144000,,,,,,
2111763,2023,225141000,,,,,,
2111789,2002,7795000,119000.0,7676000.0,1877000.0,301000.0,1215000.0,4283000.0
2111789,2003,8607000,92000.0,8514000.0,2397000.0,318000.0,1207000.0,4593000.0
2111789,2004,9111000,142000.0,8969000.0,2551000.0,263000.0,1594000.0,4562000.0
2111789,2005,14465000,290000.0,14175000.0,2929000.0,388000.0,2588000.0,8269000.0
2111789,2006,14648000,375000.0,14273000.0,2847000.0,952000.0,2834000.0,7641000.0
2111789,2007,20419000,408000.0,20011000.0,4200000.0,641000.0,3235000.0,11935000.0
2111789,2008,26791000,480000.0,26311000.0,6079000.0,916000.0,4145000.0,15171000.0
2111789,2009,30330000,482000.0,29849000.0,6513000.0,1347000.0,4719000.0,17269000.0
2111789,2010,29262000,498000.0,28764000.0,5871000.0,1148000.0,4564000.0,17182000.0
2111789,2011,33455000,613000.0,32842000.0,6719000.0,1218000.0,5746000.0,19158000.0
2111789,2012,35208000,662000.0,34546000.0,6782000.0,1798000.0,6183000.0,19782000.0
2111789,2013,40994000,772000.0,40222000.0,7853000.0,1545000.0,7976000.0,22849000.0
2111789,2014,51386000,1016000.0,50370000.0,7747000.0,2304000.0,10484000.0,29835000.0
2111789,2015,55541000,1209000.0,54332000.0,8101000.0,2674000.0,9709000.0,33848000.0
2111789,2016,63907000,1560000.0,62347000.0,7975000.0,2594000.0,13096000.0,38683000.0
2111789,2017,67263000,1650000.0,65614000.0,6685000.0,2297000.0,13329000.0,43304000.0
2111789,2018,68692000,1791000.0,66901000.0,5704000.0,2250000.0,14450000.0,44496000.0
2111789,2019,53399000,1522000.0,51877000.0,5836000.0,1583000.0,10460000.0,33997000.0
2111789,2020,61896000,1759000.0,60137000.0,6876000.0,1631000.0,11907000.0,39723000.0
2111789,2021,72441000,2019000.0,70422000.0,7780000.0,1879000.0,13379000.0,47384000.0
2111789,2022,101872000,,,,,,
2111789,2023,118312000,,,,,,
2111805,2002,27610000,388000.0,27221000.0,11705000.0,1123000.0,3982000.0,10411000.0
2111805,2003,32493000,319000.0,32174000.0,15510000.0,1305000.0,3984000.0,11375000.0
2111805,2004,36284000,437000.0,35847000.0,16026000.0,979000.0,5450000.0,13392000.0
2111805,2005,35132000,460000.0,34672000.0,13755000.0,991000.0,5045000.0,14881000.0
2111805,2006,39044000,506000.0,38539000.0,14593000.0,1995000.0,5649000.0,16302000.0
2111805,2007,45037000,723000.0,44314000.0,17008000.0,1239000.0,6971000.0,19095000.0
2111805,2008,49560000,775000.0,48785000.0,18168000.0,1797000.0,7611000.0,21209000.0
2111805,2009,54870000,982000.0,53887000.0,15849000.0,2594000.0,9174000.0,26270000.0
2111805,2010,61374000,1262000.0,60112000.0,19237000.0,2154000.0,9519000.0,29202000.0
2111805,2011,74757000,2558000.0,72199000.0,21234000.0,2664000.0,14660000.0,33640000.0
2111805,2012,86578000,3003000.0,83575000.0,24225000.0,3419000.0,17786000.0,38145000.0
2111805,2013,91022000,2347000.0,88675000.0,28774000.0,2930000.0,18747000.0,38224000.0
2111805,2014,101624000,2504000.0,99120000.0,31143000.0,3665000.0,19633000.0,44679000.0
2111805,2015,117132000,3781000.0,113351000.0,36223000.0,4443000.0,24399000.0,48287000.0
2111805,2016,135654000,4753000.0,130901000.0,40068000.0,4283000.0,31756000.0,54794000.0
2111805,2017,142734000,5083000.0,137651000.0,44448000.0,4200000.0,31507000.0,57496000.0
2111805,2018,152355000,6185000.0,146170000.0,44231000.0,4329000.0,36099000.0,61511000.0
2111805,2019,167190000,7584000.0,159606000.0,48015000.0,4606000.0,36683000.0,70302000.0
2111805,2020,189741000,7035000.0,182707000.0,58077000.0,4715000.0,38333000.0,81581000.0
2111805,2021,221499000,9887000.0,211612000.0,77186000.0,5065000.0,46364000.0,82996000.0
2111805,2022,249392000,,,,,,
2111805,2023,292191000,,,,,,
2111904,2002,16833000,279000.0,16554000.0,6263000.0,798000.0,3109000.0,6383000.0
2111904,2003,22623000,225000.0,22398000.0,10501000.0,1179000.0,3374000.0,7343000.0
2111904,2004,22539000,256000.0,22283000.0,10036000.0,783000.0,4118000.0,7346000.0
2111904,2005,19953000,288000.0,19666000.0,7372000.0,613000.0,3895000.0,7786000.0
2111904,2006,20031000,321000.0,19710000.0,5566000.0,1166000.0,4134000.0,8844000.0
2111904,2007,19343000,391000.0,18953000.0,4497000.0,650000.0,4467000.0,9339000.0
2111904,2008,28369000,504000.0,27866000.0,9798000.0,1061000.0,5740000.0,11267000.0
2111904,2009,30857000,680000.0,30177000.0,7701000.0,1433000.0,6761000.0,14282000.0
2111904,2010,32483000,532000.0,31951000.0,8958000.0,1432000.0,6239000.0,15321000.0
2111904,2011,38336000,875000.0,37461000.0,9446000.0,1646000.0,8422000.0,17948000.0
2111904,2012,43516000,1289000.0,42227000.0,8304000.0,2055000.0,10360000.0,21508000.0
2111904,2013,51498000,1256000.0,50242000.0,13131000.0,2020000.0,12388000.0,22702000.0
2111904,2014,60190000,1408000.0,58782000.0,14734000.0,2880000.0,15030000.0,26138000.0
2111904,2015,65303000,1761000.0,63542000.0,17824000.0,3397000.0,14949000.0,27372000.0
2111904,2016,64585000,2378000.0,62207000.0,10982000.0,2735000.0,17958000.0,30534000.0
2111904,2017,74318000,2651000.0,71667000.0,17768000.0,3069000.0,18875000.0,31956000.0
2111904,2018,77581000,2820000.0,74761000.0,15386000.0,3064000.0,19480000.0,36832000.0
2111904,2019,79527000,3257000.0,76270000.0,16154000.0,3112000.0,19506000.0,37499000.0
2111904,2020,105294000,3814000.0,101480000.0,33349000.0,3512000.0,22914000.0,41705000.0
2111904,2021,126217000,4796000.0,121421000.0,46666000.0,4014000.0,26469000.0,44272000.0
2111904,2022,154316000,,,,,,
2111904,2023,193909000,,,,,,
2111953,2002,8419000,208000.0,8211000.0,2297000.0,452000.0,1625000.0,3838000.0
2111953,2003,11173000,145000.0,11028000.0,3782000.0,629000.0,1781000.0,4837000.0
2111953,2004,10133000,146000.0,9987000.0,3896000.0,405000.0,1783000.0,3902000.0
2111953,2005,9662000,190000.0,9472000.0,3053000.0,367000.0,1783000.0,4269000.0
2111953,2006,10258000,241000.0,10017000.0,2714000.0,695000.0,1936000.0,4672000.0
2111953,2007,9885000,253000.0,9633000.0,2325000.0,418000.0,2081000.0,4809000.0
2111953,2008,13522000,329000.0,13193000.0,3995000.0,599000.0,2754000.0,5844000.0
2111953,2009,15384000,400000.0,14984000.0,3657000.0,794000.0,3318000.0,7214000.0
2111953,2010,16534000,488000.0,16047000.0,4874000.0,787000.0,3579000.0,6807000.0
2111953,2011,19417000,570000.0,18848000.0,4769000.0,951000.0,4406000.0,8722000.0
2111953,2012,21429000,697000.0,20732000.0,3844000.0,1112000.0,5072000.0,10704000.0
2111953,2013,25215000,590000.0,24625000.0,5628000.0,1122000.0,5460000.0,12415000.0
2111953,2014,32610000,724000.0,31886000.0,8556000.0,1752000.0,6963000.0,14615000.0
2111953,2015,35082000,990000.0,34091000.0,9209000.0,2083000.0,7198000.0,15602000.0
2111953,2016,39319000,1328000.0,37991000.0,8495000.0,2134000.0,9008000.0,18354000.0
2111953,2017,42312000,1451000.0,40861000.0,10985000.0,1981000.0,8996000.0,18899000.0
2111953,2018,40891000,1552000.0,39339000.0,7978000.0,1895000.0,9105000.0,20361000.0
2111953,2019,41268000,1632000.0,39636000.0,7536000.0,1929000.0,8911000.0,21259000.0
2111953,2020,41030000,1655000.0,39375000.0,6215000.0,1783000.0,8832000.0,22545000.0
2111953,2021,47999000,1968000.0,46031000.0,10131000.0,1986000.0,10086000.0,23828000.0
2111953,2022,59316000,,,,,,
2111953,2023,63214000,,,,,,
2112001,2002,94166000,2262000.0,91904000.0,69520000.0,6411000.0,11476000.0,4497000.0
2112001,2003,240048000,1850000.0,238198000.0,195820000.0,16646000.0,20566000.0,5166000.0
2112001,2004,198593000,3155000.0,195439000.0,152997000.0,8349000.0,28408000.0,5685000.0
2112001,2005,228573000,3139000.0,225434000.0,180387000.0,7266000.0,31228000.0,6553000.0
2112001,2006,145862000,3605000.0,142257000.0,94814000.0,12801000.0,26732000.0,7911000.0
2112001,2007,156707000,4402000.0,152305000.0,107731000.0,6064000.0,30672000.0,7838000.0
2112001,2008,426760000,6907000.0,419852000.0,325614000.0,27906000.0,56533000.0,9799000.0
2112001,2009,387188000,6573000.0,380615000.0,279456000.0,27991000.0,59617000.0,13551000.0
2112001,2010,411130000,12818000.0,398312000.0,261665000.0,37245000.0,83122000.0,16280000.0
2112001,2011,529461000,17237000.0,512224000.0,348104000.0,44578000.0,102138000.0,17404000.0
2112001,2012,644581000,27464000.0,617117000.0,390136000.0,70963000.0,135932000.0,20085000.0
2112001,2013,721635000,24522000.0,697114000.0,467198000.0,71096000.0,136063000.0,22756000.0
2112001,2014,796586000,24680000.0,771906000.0,519754000.0,61927000.0,164604000.0,25622000.0
2112001,2015,725163000,17160000.0,708003000.0,500888000.0,54496000.0,122612000.0,30006000.0
2112001,2016,489842000,16136000.0,473706000.0,323713000.0,28033000.0,88015000.0,33945000.0
2112001,2017,984288000,25294000.0,958993000.0,717793000.0,51174000.0,152604000.0,37422000.0
2112001,2018,1164254000,17111000.0,1147142000.0,902721000.0,48376000.0,157018000.0,39027000.0
2112001,2019,1206681000,24982000.0,1181699000.0,912683000.0,47940000.0,180654000.0,40422000.0
2112001,2020,2231685000,40486000.0,2191199000.0,1802825000.0,70225000.0,270995000.0,47154000.0
2112001,2021,2351422000,54580000.0,2296843000.0,1863066000.0,67992000.0,314486000.0,51299000.0
2112001,2022,3322534000,,,,,,
2112001,2023,2616708000,,,,,,
2112100,2002,28997000,631000.0,28366000.0,5664000.0,1219000.0,6284000.0,15199000.0
2112100,2003,35663000,577000.0,35086000.0,9030000.0,1574000.0,6724000.0,17757000.0
2112100,2004,39299000,610000.0,38689000.0,9786000.0,1264000.0,7980000.0,19659000.0
2112100,2005,40723000,742000.0,39980000.0,8196000.0,1192000.0,8121000.0,22471000.0
2112100,2006,46159000,982000.0,45177000.0,6788000.0,2502000.0,9589000.0,26298000.0
2112100,2007,49386000,1304000.0,48083000.0,6766000.0,1558000.0,11998000.0,27761000.0
2112100,2008,62452000,1578000.0,60875000.0,9869000.0,2251000.0,14883000.0,33873000.0
2112100,2009,67467000,1823000.0,65644000.0,6688000.0,2898000.0,17502000.0,38556000.0
2112100,2010,69646000,1338000.0,68308000.0,10268000.0,2773000.0,14986000.0,40281000.0
2112100,2011,84427000,2168000.0,82259000.0,13430000.0,3792000.0,20524000.0,44514000.0
2112100,2012,89242000,2745000.0,86497000.0,10647000.0,4431000.0,23027000.0,48392000.0
2112100,2013,103234000,2910000.0,100324000.0,11255000.0,4393000.0,28104000.0,56572000.0
2112100,2014,114838000,2990000.0,111848000.0,14450000.0,5595000.0,31316000.0,60487000.0
2112100,2015,125579000,4099000.0,121481000.0,13501000.0,8103000.0,32043000.0,67834000.0
2112100,2016,138486000,5171000.0,133316000.0,11069000.0,7173000.0,39259000.0,75814000.0
2112100,2017,150305000,5752000.0,144553000.0,11233000.0,7434000.0,41480000.0,84407000.0
2112100,2018,167532000,6752000.0,160780000.0,9343000.0,8066000.0,47398000.0,95973000.0
2112100,2019,170039000,7476000.0,162563000.0,8048000.0,7964000.0,46291000.0,100260000.0
2112100,2020,174673000,7778000.0,166895000.0,9672000.0,7419000.0,45734000.0,104069000.0
2112100,2021,196337000,9498000.0,186839000.0,12638000.0,7812000.0,51993000.0,114396000.0
2112100,2022,214655000,,,,,,
2112100,2023,248536000,,,,,,
2112209,2002,277572000,19405000.0,258168000.0,7957000.0,64497000.0,109063000.0,76650000.0
2112209,2003,335667000,24376000.0,311292000.0,10270000.0,77182000.0,129060000.0,94779000.0
2112209,2004,392291000,29000000.0,363291000.0,9948000.0,88088000.0,160203000.0,105052000.0
2112209,2005,473843000,36127000.0,437716000.0,9864000.0,124450000.0,184780000.0,118623000.0
2112209,2006,520364000,42205000.0,478160000.0,8515000.0,113854000.0,206835000.0,148956000.0
2112209,2007,561401000,48973000.0,512428000.0,8853000.0,91126000.0,249215000.0,163234000.0
2112209,2008,644466000,58145000.0,586321000.0,12658000.0,79163000.0,302415000.0,192085000.0
2112209,2009,791427000,69515000.0,721912000.0,10705000.0,92575000.0,368903000.0,249729000.0
2112209,2010,977153000,89885000.0,887267000.0,12509000.0,144275000.0,434685000.0,295799000.0
2112209,2011,989297000,103204000.0,886093000.0,15077000.0,139298000.0,450635000.0,281083000.0
2112209,2012,1069980000,104546000.0,965434000.0,10297000.0,170028000.0,474483000.0,310627000.0
2112209,2013,1249941000,110254000.0,1139686000.0,12824000.0,203455000.0,563524000.0,359883000.0
2112209,2014,1394684000,105919000.0,1288765000.0,17992000.0,207388000.0,649952000.0,413432000.0
2112209,2015,1340155000,114426000.0,1225729000.0,15055000.0,188724000.0,599191000.0,422760000.0
2112209,2016,1602604000,159200000.0,1443404000.0,16266000.0,213128000.0,738200000.0,475810000.0
2112209,2017,1796157000,195907000.0,1600250000.0,21547000.0,239181000.0,841317000.0,498205000.0
2112209,2018,1861126000,195797000.0,1665329000.0,20921000.0,200099000.0,908497000.0,535813000.0
2112209,2019,1896718000,234142000.0,1662576000.0,17523000.0,203078000.0,876821000.0,565154000.0
2112209,2020,2084617000,258665000.0,1825951000.0,21420000.0,244734000.0,947570000.0,612227000.0
2112209,2021,2320671000,295333000.0,2025337000.0,26448000.0,284087000.0,1054876000.0,659926000.0
2112209,2022,2619876000,,,,,,
2112209,2023,2840126000,,,,,,
2112233,2002,40858000,2779000.0,38079000.0,6766000.0,11559000.0,10775000.0,8979000.0
2112233,2003,52588000,3396000.0,49192000.0,8348000.0,17082000.0,12993000.0,10769000.0
2112233,2004,44183000,3114000.0,41069000.0,8548000.0,7311000.0,14027000.0,11182000.0
2112233,2005,46367000,2587000.0,43780000.0,9588000.0,3866000.0,15814000.0,14512000.0
2112233,2006,52951000,3180000.0,49771000.0,9016000.0,4936000.0,19031000.0,16789000.0
2112233,2007,59370000,3849000.0,55521000.0,10065000.0,3476000.0,22701000.0,19279000.0
2112233,2008,71781000,4243000.0,67539000.0,13406000.0,4067000.0,26787000.0,23278000.0
2112233,2009,80328000,4552000.0,75777000.0,10891000.0,6766000.0,31123000.0,26996000.0
2112233,2010,83853000,4763000.0,79090000.0,13981000.0,5215000.0,29509000.0,30385000.0
2112233,2011,93696000,5833000.0,87863000.0,14859000.0,5974000.0,33462000.0,33568000.0
2112233,2012,102445000,7136000.0,95310000.0,13862000.0,8079000.0,38332000.0,35037000.0
2112233,2013,118577000,6827000.0,111749000.0,16179000.0,10945000.0,45123000.0,39503000.0
2112233,2014,147036000,8057000.0,138980000.0,17560000.0,12858000.0,55295000.0,53267000.0
2112233,2015,147005000,9807000.0,137198000.0,17285000.0,13094000.0,54137000.0,52682000.0
2112233,2016,174197000,13667000.0,160530000.0,16656000.0,15103000.0,70516000.0,58255000.0
2112233,2017,192364000,15703000.0,176661000.0,18157000.0,21059000.0,69799000.0,67645000.0
2112233,2018,281096000,14499000.0,266597000.0,16423000.0,86245000.0,85717000.0,78212000.0
2112233,2019,331756000,12295000.0,319460000.0,15535000.0,136543000.0,83381000.0,84001000.0
2112233,2020,272343000,10821000.0,261522000.0,13081000.0,89512000.0,67813000.0,91115000.0
2112233,2021,525500000,17002000.0,508498000.0,14646000.0,273241000.0,116561000.0,104050000.0
2112233,2022,493378000,,,,,,
2112233,2023,436529000,,,,,,
2112274,2002,7409000,146000.0,7262000.0,2046000.0,292000.0,1386000.0,3538000.0
2112274,2003,10268000,126000.0,10142000.0,4225000.0,447000.0,1481000.0,3988000.0
2112274,2004,11622000,167000.0,11455000.0,4626000.0,364000.0,1908000.0,4557000.0
2112274,2005,11820000,155000.0,11665000.0,4597000.0,317000.0,1855000.0,4896000.0
2112274,2006,15605000,224000.0,15380000.0,5759000.0,938000.0,2532000.0,6152000.0
2112274,2007,14333000,280000.0,14052000.0,3878000.0,475000.0,2674000.0,7026000.0
2112274,2008,18113000,437000.0,17676000.0,5667000.0,620000.0,3069000.0,8321000.0
2112274,2009,26868000,498000.0,26369000.0,10052000.0,1201000.0,4273000.0,10843000.0
2112274,2010,22282000,496000.0,21786000.0,6343000.0,973000.0,3943000.0,10528000.0
2112274,2011,23757000,594000.0,23163000.0,5370000.0,949000.0,4578000.0,12265000.0
2112274,2012,26731000,681000.0,26050000.0,4655000.0,1112000.0,5228000.0,15056000.0
2112274,2013,29728000,502000.0,29226000.0,6140000.0,1114000.0,5702000.0,16271000.0
2112274,2014,34779000,1083000.0,33696000.0,6110000.0,1598000.0,6742000.0,19247000.0
2112274,2015,37214000,2625000.0,34588000.0,6419000.0,1648000.0,6478000.0,20043000.0
2112274,2016,39929000,3607000.0,36323000.0,6969000.0,1641000.0,7530000.0,20182000.0
2112274,2017,46794000,2651000.0,44143000.0,6212000.0,1934000.0,9602000.0,26395000.0
2112274,2018,48447000,1171000.0,47276000.0,5632000.0,1801000.0,10032000.0,29811000.0
2112274,2019,49165000,1054000.0,48111000.0,5310000.0,1672000.0,9893000.0,31235000.0
2112274,2020,50783000,1337000.0,49446000.0,7017000.0,1535000.0,9630000.0,31264000.0
2112274,2021,60049000,1559000.0,58490000.0,9384000.0,1584000.0,10969000.0,36553000.0
2112274,2022,64356000,,,,,,
2112274,2023,75760000,,,,,,
2112308,2002,58751000,1354000.0,57397000.0,19269000.0,3250000.0,13385000.0,21492000.0
2112308,2003,64732000,1350000.0,63382000.0,20223000.0,3622000.0,14570000.0,24967000.0
2112308,2004,73827000,1850000.0,71977000.0,22449000.0,2760000.0,19225000.0,27542000.0
2112308,2005,81685000,2316000.0,79369000.0,22557000.0,2677000.0,22049000.0,32086000.0
2112308,2006,94375000,2648000.0,91728000.0,21456000.0,5839000.0,24822000.0,39612000.0
2112308,2007,93383000,2637000.0,90746000.0,21791000.0,3408000.0,26147000.0,39400000.0
2112308,2008,117916000,3581000.0,114336000.0,31476000.0,4579000.0,31905000.0,46376000.0
2112308,2009,141359000,4873000.0,136486000.0,32973000.0,7550000.0,43350000.0,52614000.0
2112308,2010,141342000,3343000.0,137998000.0,37898000.0,6434000.0,34822000.0,58845000.0
2112308,2011,177433000,4702000.0,172731000.0,43148000.0,8516000.0,43224000.0,77843000.0
2112308,2012,172944000,6174000.0,166771000.0,33762000.0,8681000.0,48144000.0,76184000.0
2112308,2013,213052000,7056000.0,205996000.0,49574000.0,8820000.0,58544000.0,89057000.0
2112308,2014,250545000,8287000.0,242258000.0,57504000.0,12716000.0,70543000.0,101495000.0
2112308,2015,249474000,10204000.0,239271000.0,52595000.0,13667000.0,67141000.0,105868000.0
2112308,2016,278201000,13804000.0,264397000.0,40636000.0,14605000.0,89287000.0,119869000.0
2112308,2017,276483000,11774000.0,264709000.0,50803000.0,12251000.0,76811000.0,124845000.0
2112308,2018,312736000,13190000.0,299546000.0,51436000.0,12875000.0,87821000.0,147414000.0
2112308,2019,324287000,14306000.0,309981000.0,53505000.0,13202000.0,86237000.0,157038000.0
2112308,2020,348282000,15926000.0,332357000.0,62849000.0,13133000.0,88754000.0,167620000.0
2112308,2021,365192000,18574000.0,346618000.0,77065000.0,13314000.0,95760000.0,160480000.0
2112308,2022,379879000,,,,,,
2112308,2023,410127000,,,,,,
2112407,2002,59548000,986000.0,58562000.0,27218000.0,2791000.0,8873000.0,19680000.0
2112407,2003,71715000,853000.0,70862000.0,35302000.0,3568000.0,8838000.0,23154000.0
2112407,2004,80826000,1189000.0,79637000.0,39346000.0,2432000.0,11906000.0,25953000.0
2112407,2005,84560000,946000.0,83614000.0,41292000.0,2082000.0,10701000.0,29539000.0
2112407,2006,93185000,1117000.0,92068000.0,39001000.0,5711000.0,12629000.0,34728000.0
2112407,2007,103823000,1760000.0,102062000.0,45922000.0,2976000.0,16013000.0,37151000.0
2112407,2008,136873000,1787000.0,135086000.0,70074000.0,5281000.0,17770000.0,41961000.0
2112407,2009,132150000,2219000.0,129931000.0,49841000.0,6095000.0,22482000.0,51512000.0
2112407,2010,150954000,2678000.0,148276000.0,59083000.0,7570000.0,25716000.0,55908000.0
2112407,2011,182150000,3308000.0,178842000.0,77383000.0,7907000.0,31805000.0,61747000.0
2112407,2012,191239000,3784000.0,187455000.0,81064000.0,8402000.0,32082000.0,65906000.0
2112407,2013,244136000,3482000.0,240654000.0,115450000.0,8869000.0,39719000.0,76617000.0
2112407,2014,263803000,4182000.0,259621000.0,114016000.0,12820000.0,46010000.0,86776000.0
2112407,2015,253073000,5234000.0,247839000.0,100457000.0,12832000.0,43896000.0,90655000.0
2112407,2016,291015000,7086000.0,283928000.0,104862000.0,13092000.0,55733000.0,110241000.0
2112407,2017,286312000,7246000.0,279066000.0,102146000.0,10046000.0,52136000.0,114739000.0
2112407,2018,254502000,6883000.0,247619000.0,77638000.0,8333000.0,49339000.0,112310000.0
2112407,2019,236491000,6841000.0,229650000.0,65896000.0,6956000.0,44336000.0,112462000.0
2112407,2020,262720000,7429000.0,255291000.0,76503000.0,7317000.0,47306000.0,124165000.0
2112407,2021,295916000,8886000.0,287030000.0,94772000.0,7602000.0,53330000.0,131327000.0
2112407,2022,331394000,,,,,,
2112407,2023,414975000,,,,,,
2112456,2002,27004000,306000.0,26699000.0,12329000.0,1011000.0,3730000.0,9629000.0
2112456,2003,33258000,272000.0,32985000.0,16441000.0,1456000.0,3785000.0,11304000.0
2112456,2004,36779000,390000.0,36389000.0,18232000.0,971000.0,4811000.0,12374000.0
2112456,2005,41494000,469000.0,41025000.0,18664000.0,1029000.0,5497000.0,15836000.0
2112456,2006,42405000,498000.0,41907000.0,16557000.0,2393000.0,6014000.0,16943000.0
2112456,2007,52656000,775000.0,51881000.0,18379000.0,1409000.0,8093000.0,23999000.0
2112456,2008,63374000,938000.0,62436000.0,24391000.0,2158000.0,9529000.0,26358000.0
2112456,2009,70971000,1378000.0,69594000.0,22784000.0,2658000.0,12776000.0,31376000.0
2112456,2010,73777000,1341000.0,72436000.0,24234000.0,2599000.0,11920000.0,33683000.0
2112456,2011,94535000,1922000.0,92614000.0,32055000.0,3425000.0,15908000.0,41225000.0
2112456,2012,96808000,1797000.0,95010000.0,33524000.0,3442000.0,15545000.0,42499000.0
2112456,2013,110074000,1650000.0,108424000.0,39276000.0,3098000.0,18607000.0,47442000.0
2112456,2014,132254000,1938000.0,130316000.0,42771000.0,5179000.0,23350000.0,59017000.0
2112456,2015,130669000,2978000.0,127691000.0,37310000.0,5294000.0,23501000.0,61587000.0
2112456,2016,144991000,3861000.0,141130000.0,36410000.0,5111000.0,29759000.0,69849000.0
2112456,2017,156656000,3949000.0,152707000.0,35391000.0,4789000.0,30124000.0,82404000.0
2112456,2018,158752000,4784000.0,153967000.0,32582000.0,4517000.0,34634000.0,82235000.0
2112456,2019,162115000,4797000.0,157318000.0,31808000.0,4454000.0,32766000.0,88289000.0
2112456,2020,179052000,4638000.0,174413000.0,43294000.0,4589000.0,32459000.0,94072000.0
2112456,2021,223067000,5646000.0,217421000.0,67425000.0,5469000.0,37829000.0,106698000.0
2112456,2022,262626000,,,,,,
2112456,2023,280000000,,,,,,
2112506,2002,49080000,1513000.0,47567000.0,7513000.0,2057000.0,13843000.0,24154000.0
2112506,2003,55408000,1391000.0,54017000.0,10388000.0,2349000.0,14330000.0,26951000.0
2112506,2004,67803000,2180000.0,65624000.0,10598000.0,2419000.0,19896000.0,32711000.0
2112506,2005,73743000,2894000.0,70850000.0,11020000.0,2217000.0,23337000.0,34276000.0
2112506,2006,88928000,4336000.0,84592000.0,10297000.0,5733000.0,28867000.0,39695000.0
2112506,2007,105707000,4862000.0,100844000.0,10748000.0,3520000.0,34434000.0,52143000.0
2112506,2008,122722000,5554000.0,117168000.0,16166000.0,5000000.0,39974000.0,56027000.0
2112506,2009,146265000,6484000.0,139781000.0,16836000.0,7023000.0,50002000.0,65920000.0
2112506,2010,155117000,5121000.0,149997000.0,18124000.0,6314000.0,44293000.0,81265000.0
2112506,2011,196336000,7978000.0,188358000.0,24838000.0,8327000.0,60866000.0,94327000.0
2112506,2012,213632000,9466000.0,204166000.0,22836000.0,11084000.0,69185000.0,101061000.0
2112506,2013,254590000,10213000.0,244377000.0,36317000.0,11869000.0,78927000.0,117265000.0
2112506,2014,298379000,12711000.0,285668000.0,35994000.0,16245000.0,99677000.0,133751000.0
2112506,2015,320974000,16882000.0,304092000.0,33687000.0,24658000.0,104883000.0,140865000.0
2112506,2016,389837000,19648000.0,370190000.0,33942000.0,30990000.0,133766000.0,171491000.0
2112506,2017,394417000,22527000.0,371889000.0,32345000.0,23411000.0,134830000.0,181303000.0
2112506,2018,408841000,26011000.0,382830000.0,28613000.0,15532000.0,143223000.0,195463000.0
2112506,2019,413286000,28625000.0,384661000.0,26550000.0,15133000.0,138625000.0,204353000.0
2112506,2020,473472000,32469000.0,441003000.0,29841000.0,19997000.0,160780000.0,230385000.0
2112506,2021,546155000,40277000.0,505878000.0,33874000.0,29107000.0,192784000.0,250113000.0
2112506,2022,611978000,,,,,,
2112506,2023,642713000,,,,,,
2112605,2002,22676000,510000.0,22166000.0,6510000.0,1048000.0,5754000.0,8854000.0
2112605,2003,30715000,529000.0,30186000.0,11103000.0,1454000.0,6562000.0,11067000.0
2112605,2004,34943000,681000.0,34262000.0,12935000.0,1547000.0,8231000.0,11549000.0
2112605,2005,37062000,1010000.0,36052000.0,10239000.0,1511000.0,9621000.0,14682000.0
2112605,2006,45859000,1400000.0,44459000.0,11485000.0,4025000.0,11761000.0,17186000.0
2112605,2007,52619000,1743000.0,50876000.0,12220000.0,1918000.0,14296000.0,22441000.0
2112605,2008,61185000,2114000.0,59071000.0,12634000.0,2615000.0,17885000.0,25937000.0
2112605,2009,74462000,2689000.0,71772000.0,14063000.0,3545000.0,21600000.0,32565000.0
2112605,2010,76115000,2643000.0,73473000.0,12281000.0,4362000.0,20765000.0,36065000.0
2112605,2011,102375000,3488000.0,98886000.0,23309000.0,5286000.0,28756000.0,41536000.0
2112605,2012,96708000,3687000.0,93021000.0,12887000.0,4715000.0,29665000.0,45754000.0
2112605,2013,112639000,4070000.0,108570000.0,13390000.0,4910000.0,34401000.0,55869000.0
2112605,2014,145385000,5225000.0,140160000.0,18539000.0,6789000.0,43548000.0,71285000.0
2112605,2015,144365000,6227000.0,138139000.0,11432000.0,7529000.0,42363000.0,76815000.0
2112605,2016,176836000,7596000.0,169239000.0,11584000.0,17063000.0,54282000.0,86311000.0
2112605,2017,181721000,9078000.0,172643000.0,12229000.0,7309000.0,55748000.0,97357000.0
2112605,2018,190595000,8920000.0,181674000.0,12281000.0,7361000.0,57376000.0,104657000.0
2112605,2019,195985000,10462000.0,185523000.0,9490000.0,7234000.0,58194000.0,110604000.0
2112605,2020,213627000,10982000.0,202646000.0,12778000.0,7053000.0,62834000.0,119981000.0
2112605,2021,247485000,15805000.0,231680000.0,12061000.0,8504000.0,78477000.0,132637000.0
2112605,2022,303701000,,,,,,
2112605,2023,315151000,,,,,,
2112704,2002,47755000,1420000.0,46335000.0,10678000.0,2310000.0,12522000.0,20825000.0
2112704,2003,57350000,1683000.0,55668000.0,14148000.0,2662000.0,14456000.0,24402000.0
2112704,2004,61436000,1518000.0,59919000.0,15661000.0,1905000.0,15814000.0,26538000.0
2112704,2005,76180000,2269000.0,73912000.0,18304000.0,4272000.0,19523000.0,31813000.0
2112704,2006,89595000,2731000.0,86864000.0,20004000.0,9875000.0,21614000.0,35371000.0
2112704,2007,100541000,3838000.0,96702000.0,17002000.0,7392000.0,27774000.0,44534000.0
2112704,2008,114289000,4987000.0,109303000.0,22198000.0,8750000.0,34141000.0,44214000.0
2112704,2009,139138000,6577000.0,132562000.0,18338000.0,9838000.0,43492000.0,60893000.0
2112704,2010,160640000,7181000.0,153459000.0,25785000.0,9906000.0,44208000.0,73560000.0
2112704,2011,176135000,8341000.0,167794000.0,28782000.0,11703000.0,47890000.0,79419000.0
2112704,2012,194752000,9665000.0,185088000.0,25992000.0,12031000.0,55164000.0,91900000.0
2112704,2013,222025000,8504000.0,213521000.0,28153000.0,13379000.0,61717000.0,110272000.0
2112704,2014,269691000,9003000.0,260688000.0,42041000.0,15476000.0,73975000.0,129195000.0
2112704,2015,266645000,12055000.0,254590000.0,20002000.0,14859000.0,75707000.0,144021000.0
2112704,2016,283886000,13942000.0,269944000.0,21468000.0,14892000.0,88573000.0,145012000.0
2112704,2017,307783000,15047000.0,292736000.0,20679000.0,17897000.0,92820000.0,161341000.0
2112704,2018,325136000,16374000.0,308762000.0,19174000.0,18019000.0,100822000.0,170747000.0
2112704,2019,342665000,19117000.0,323548000.0,19074000.0,13726000.0,99810000.0,190938000.0
2112704,2020,378418000,20091000.0,358327000.0,19798000.0,13584000.0,108970000.0,215975000.0
2112704,2021,433473000,28202000.0,405271000.0,21240000.0,16633000.0,131851000.0,235546000.0
2112704,2022,448145000,,,,,,
2112704,2023,467351000,,,,,,
2112803,2002,71910000,3450000.0,68460000.0,14252000.0,3363000.0,26067000.0,24779000.0
2112803,2003,83196000,3618000.0,79578000.0,19137000.0,4052000.0,28208000.0,28180000.0
2112803,2004,87003000,2911000.0,84092000.0,22027000.0,3048000.0,28032000.0,30983000.0
2112803,2005,99154000,4004000.0,95150000.0,21883000.0,3892000.0,34497000.0,34879000.0
2112803,2006,116400000,5456000.0,110944000.0,21919000.0,9061000.0,40253000.0,39711000.0
2112803,2007,120829000,5977000.0,114852000.0,26599000.0,4535000.0,43904000.0,39814000.0
2112803,2008,153715000,7366000.0,146349000.0,33905000.0,7525000.0,56219000.0,48700000.0
2112803,2009,174086000,9525000.0,164562000.0,27612000.0,13869000.0,68233000.0,54848000.0
2112803,2010,184402000,9347000.0,175056000.0,33158000.0,13596000.0,65404000.0,62897000.0
2112803,2011,204787000,10917000.0,193870000.0,43002000.0,10754000.0,70740000.0,69374000.0
2112803,2012,239596000,12099000.0,227497000.0,47819000.0,15251000.0,82811000.0,81616000.0
2112803,2013,281491000,11595000.0,269896000.0,65624000.0,13793000.0,92437000.0,98042000.0
2112803,2014,326604000,14779000.0,311825000.0,65168000.0,16850000.0,113723000.0,116084000.0
2112803,2015,350885000,20599000.0,330285000.0,59724000.0,17591000.0,123301000.0,129669000.0
2112803,2016,403374000,21595000.0,381779000.0,60923000.0,19806000.0,145325000.0,155725000.0
2112803,2017,408001000,23705000.0,384296000.0,61753000.0,16027000.0,148749000.0,157767000.0
2112803,2018,411808000,27159000.0,384649000.0,54065000.0,15408000.0,157880000.0,157296000.0
2112803,2019,405850000,27349000.0,378501000.0,49453000.0,15202000.0,143634000.0,170212000.0
2112803,2020,456542000,30016000.0,426526000.0,59727000.0,15335000.0,164709000.0,186755000.0
2112803,2021,501710000,36310000.0,465400000.0,79948000.0,15816000.0,176381000.0,193255000.0
2112803,2022,570708000,,,,,,
2112803,2023,608731000,,,,,,
2112852,2002,13395000,212000.0,13183000.0,5895000.0,493000.0,2339000.0,4456000.0
2112852,2003,17421000,187000.0,17234000.0,10072000.0,529000.0,2132000.0,4501000.0
2112852,2004,22971000,229000.0,22742000.0,13689000.0,614000.0,2968000.0,5471000.0
2112852,2005,30152000,295000.0,29857000.0,18320000.0,718000.0,3707000.0,7113000.0
2112852,2006,26949000,1383000.0,25566000.0,11680000.0,1185000.0,4500000.0,8201000.0
2112852,2007,31887000,1461000.0,30426000.0,13584000.0,823000.0,5386000.0,10633000.0
2112852,2008,35751000,1526000.0,34226000.0,14729000.0,1024000.0,6371000.0,12102000.0
2112852,2009,36178000,1201000.0,34976000.0,12887000.0,1305000.0,6725000.0,14059000.0
2112852,2010,41433000,1267000.0,40165000.0,14669000.0,1626000.0,7109000.0,16761000.0
2112852,2011,52245000,1931000.0,50314000.0,16769000.0,2520000.0,10448000.0,20577000.0
2112852,2012,54608000,2200000.0,52408000.0,15963000.0,2359000.0,11685000.0,22402000.0
2112852,2013,64973000,2374000.0,62598000.0,19586000.0,2729000.0,13869000.0,26413000.0
2112852,2014,87085000,2740000.0,84345000.0,30041000.0,3983000.0,18818000.0,31503000.0
2112852,2015,90852000,3686000.0,87166000.0,29176000.0,4102000.0,19216000.0,34673000.0
2112852,2016,218505000,6244000.0,212261000.0,29250000.0,108044000.0,34016000.0,40951000.0
2112852,2017,108215000,6761000.0,101454000.0,31519000.0,4032000.0,24572000.0,41331000.0
2112852,2018,110401000,6140000.0,104260000.0,29627000.0,4564000.0,25529000.0,44540000.0
2112852,2019,117401000,6157000.0,111243000.0,30333000.0,4280000.0,27039000.0,49592000.0
2112852,2020,137206000,6025000.0,131181000.0,44632000.0,4228000.0,28309000.0,54012000.0
2112852,2021,156914000,6309000.0,150605000.0,60514000.0,4685000.0,29054000.0,56351000.0
2112852,2022,179481000,,,,,,
2112852,2023,191495000,,,,,,
2112902,2002,44114000,1636000.0,42478000.0,7736000.0,2681000.0,14290000.0,17771000.0
2112902,2003,50589000,1455000.0,49134000.0,10789000.0,2885000.0,15392000.0,20068000.0
2112902,2004,58662000,1651000.0,57011000.0,14088000.0,2478000.0,18762000.0,21684000.0
2112902,2005,70909000,2636000.0,68273000.0,12634000.0,2791000.0,22742000.0,30105000.0
2112902,2006,77334000,2995000.0,74340000.0,13284000.0,5335000.0,24464000.0,31257000.0
2112902,2007,83964000,3207000.0,80758000.0,15254000.0,3242000.0,26936000.0,35326000.0
2112902,2008,103016000,3570000.0,99446000.0,23059000.0,4094000.0,31119000.0,41174000.0
2112902,2009,110260000,4128000.0,106132000.0,18413000.0,5579000.0,35492000.0,46648000.0
2112902,2010,110723000,3531000.0,107192000.0,23475000.0,5213000.0,32477000.0,46029000.0
2112902,2011,145108000,6073000.0,139035000.0,35938000.0,7366000.0,40497000.0,55234000.0
2112902,2012,157082000,7500000.0,149582000.0,33482000.0,8518000.0,48661000.0,58921000.0
2112902,2013,175928000,6057000.0,169872000.0,40871000.0,8840000.0,52903000.0,67259000.0
2112902,2014,203131000,9235000.0,193896000.0,42656000.0,11116000.0,65043000.0,75081000.0
2112902,2015,280310000,12097000.0,268212000.0,39124000.0,73216000.0,72712000.0,83160000.0
2112902,2016,283009000,13719000.0,269291000.0,39483000.0,53630000.0,83910000.0,92267000.0
2112902,2017,255535000,15922000.0,239614000.0,37727000.0,23801000.0,83140000.0,94946000.0
2112902,2018,257389000,15975000.0,241415000.0,31874000.0,14252000.0,89014000.0,106275000.0
2112902,2019,243495000,15364000.0,228130000.0,29574000.0,10989000.0,78777000.0,108791000.0
2112902,2020,259353000,14900000.0,244452000.0,35785000.0,12095000.0,81412000.0,115161000.0
2112902,2021,318163000,21934000.0,296229000.0,42126000.0,12979000.0,104515000.0,136609000.0
2112902,2022,366775000,,,,,,
2112902,2023,410267000,,,,,,
2113009,2002,56799000,2373000.0,54425000.0,12588000.0,3284000.0,18131000.0,20421000.0
2113009,2003,63992000,2338000.0,61654000.0,17595000.0,3095000.0,19289000.0,21674000.0
2113009,2004,75285000,3280000.0,72005000.0,20024000.0,2706000.0,26140000.0,23135000.0
2113009,2005,81358000,3916000.0,77443000.0,19114000.0,2573000.0,30895000.0,24862000.0
2113009,2006,92375000,4111000.0,88264000.0,23210000.0,7902000.0,30818000.0,26334000.0
2113009,2007,88636000,3730000.0,84906000.0,22636000.0,2980000.0,30627000.0,28664000.0
2113009,2008,102568000,3989000.0,98579000.0,25176000.0,3662000.0,33631000.0,36112000.0
2113009,2009,133135000,4620000.0,128514000.0,28997000.0,15659000.0,41490000.0,42368000.0
2113009,2010,120494000,3933000.0,116560000.0,31761000.0,4844000.0,35191000.0,44763000.0
2113009,2011,143708000,4716000.0,138992000.0,36973000.0,5828000.0,40354000.0,55837000.0
2113009,2012,153154000,5552000.0,147601000.0,37092000.0,6628000.0,45085000.0,58797000.0
2113009,2013,176572000,5556000.0,171016000.0,42469000.0,6220000.0,50414000.0,71913000.0
2113009,2014,186211000,5672000.0,180539000.0,43086000.0,7603000.0,56691000.0,73159000.0
2113009,2015,197841000,8628000.0,189213000.0,42085000.0,9126000.0,60226000.0,77775000.0
2113009,2016,212606000,10643000.0,201963000.0,34881000.0,8544000.0,75063000.0,83475000.0
2113009,2017,224540000,11625000.0,212916000.0,31775000.0,8666000.0,79764000.0,92711000.0
2113009,2018,256624000,14721000.0,241903000.0,30045000.0,9631000.0,90808000.0,111419000.0
2113009,2019,252931000,14854000.0,238077000.0,30666000.0,9479000.0,86316000.0,111616000.0
2113009,2020,266159000,14649000.0,251510000.0,36763000.0,8580000.0,87518000.0,118648000.0
2113009,2021,325509000,22300000.0,303209000.0,53985000.0,9410000.0,109801000.0,130013000.0
2113009,2022,368452000,,,,,,
2113009,2023,411453000,,,,,,
2114007,2002,76647000,4013000.0,72634000.0,10098000.0,5158000.0,29490000.0,27887000.0
2114007,2003,94565000,5295000.0,89271000.0,14258000.0,4980000.0,37824000.0,32208000.0
2114007,2004,96929000,4021000.0,92908000.0,17908000.0,4371000.0,35658000.0,34972000.0
2114007,2005,114164000,5183000.0,108981000.0,21402000.0,4071000.0,43403000.0,40105000.0
2114007,2006,127433000,5505000.0,121928000.0,21715000.0,7571000.0,45318000.0,47323000.0
2114007,2007,143991000,7002000.0,136990000.0,27129000.0,6213000.0,53744000.0,49904000.0
2114007,2008,176153000,9082000.0,167070000.0,34712000.0,7125000.0,67766000.0,57467000.0
2114007,2009,194921000,10405000.0,184516000.0,31352000.0,9776000.0,83571000.0,59818000.0
2114007,2010,224586000,12703000.0,211883000.0,34160000.0,9956000.0,95315000.0,72452000.0
2114007,2011,278765000,16364000.0,262401000.0,40123000.0,24489000.0,111309000.0,86479000.0
2114007,2012,298244000,18289000.0,279955000.0,40559000.0,17350000.0,126961000.0,95085000.0
2114007,2013,342145000,21519000.0,320626000.0,53133000.0,14713000.0,143057000.0,109722000.0
2114007,2014,378564000,22818000.0,355746000.0,50908000.0,17890000.0,159383000.0,127565000.0
2114007,2015,352275000,22317000.0,329958000.0,48153000.0,17043000.0,141226000.0,123537000.0
2114007,2016,381227000,22701000.0,358526000.0,53097000.0,16324000.0,155742000.0,133362000.0
2114007,2017,386206000,25092000.0,361114000.0,46535000.0,16222000.0,154732000.0,143625000.0
2114007,2018,433279000,32312000.0,400967000.0,43077000.0,17028000.0,176836000.0,164026000.0
2114007,2019,441978000,37643000.0,404335000.0,39838000.0,17370000.0,174313000.0,172813000.0
2114007,2020,456381000,34791000.0,421590000.0,49144000.0,17262000.0,168499000.0,186684000.0
2114007,2021,567070000,49429000.0,517642000.0,66242000.0,24073000.0,211273000.0,216054000.0
2114007,2022,641092000,,,,,,
2114007,2023,685858000,,,,,,
